kind	group	param	section	subsection	name	value_type	min	max	unit	enum	primary_offset	verified_offsets	known_side_effect_offsets	verified_diff_count	status	confidence	notes	bit_shift	bit_width
program	1	1	Program Common	Program Name	Program Name Char 1	ascii_char	32	127	ascii		0	0		1	verified_transport	pdf_inventory+firmware_sweep
program	1	2	Program Common	Program Name	Program Name Char 2	ascii_char	32	127	ascii		1	1		1	verified_transport	pdf_inventory+firmware_sweep
program	1	3	Program Common	Program Name	Program Name Char 3	ascii_char	32	127	ascii		2	2		1	verified_transport	pdf_inventory+firmware_sweep
program	1	4	Program Common	Program Name	Program Name Char 4	ascii_char	32	127	ascii		3	3		1	verified_transport	pdf_inventory+firmware_sweep
program	1	5	Program Common	Program Name	Program Name Char 5	ascii_char	32	127	ascii		4	4		1	verified_transport	pdf_inventory+firmware_sweep
program	1	6	Program Common	Program Name	Program Name Char 6	ascii_char	32	127	ascii		5	5		1	verified_transport	pdf_inventory+firmware_sweep
program	1	7	Program Common	Program Name	Program Name Char 7	ascii_char	32	127	ascii		6	6		1	verified_transport	pdf_inventory+firmware_sweep
program	1	8	Program Common	Program Name	Program Name Char 8	ascii_char	32	127	ascii		7	7		1	verified_transport	pdf_inventory+firmware_sweep
program	1	9	Program Common	Program Name	Program Name Char 9	ascii_char	32	127	ascii		8	8		1	verified_transport	pdf_inventory+firmware_sweep
program	1	10	Program Common	Program Name	Program Name Char 10	ascii_char	32	127	ascii		9	9		1	verified_transport	pdf_inventory+firmware_sweep
program	1	11	Program Common	Program Name	Program Name Char 11	ascii_char	32	127	ascii		10	10		1	verified_transport	pdf_inventory+firmware_sweep
program	1	12	Program Common	Program Name	Program Name Char 12	ascii_char	32	127	ascii		11	11		1	verified_transport	pdf_inventory+firmware_sweep
program	1	13	Program Common	Program Name	Program Name Char 13	ascii_char	32	127	ascii		12	12		1	verified_transport	pdf_inventory+firmware_sweep
program	1	14	Program Common	Program Name	Program Name Char 14	ascii_char	32	127	ascii		13	13		1	verified_transport	pdf_inventory+firmware_sweep
program	1	15	Program Common	Program Name	Program Name Char 15	ascii_char	32	127	ascii		14	14		1	verified_transport	pdf_inventory+firmware_sweep
program	1	16	Program Common	Program Name	Program Name Char 16	ascii_char	32	127	ascii		15	15		1	verified_transport	pdf_inventory+firmware_sweep
program	1	17	Program Common	Common	Program Category	enum	0	15		HardLeed|SoftLeed|SynthBss|RealBass|GtrPluck|Brass|Reed|Wind|Bell|Keyboard|Perc|Motion|SFX/etc.|Arpeggio|UserGrp1|UserGrp2	16	16		1	verified_transport	pdf_inventory+firmware_sweep+manual_range+bit_sweep	range from Parameter Guide E2: CMN-2 #1..16; byte assumed 0-based; bit layout sweep-verified 2026-08-04 (console packed-bit sweep)	0	4
program	1	18	Program Common	Common	User Category	enum	0	15		HardLeed|SoftLeed|SynthBss|RealBass|GtrPluck|Brass|Reed|Wind|Bell|Keyboard|Perc|Motion|SFX/etc.|Arpeggio|UserGrp1|UserGrp2	16	16		1	verified_transport	pdf_inventory+firmware_sweep+manual_range+bit_sweep	range from Parameter Guide E2: CMN-2 categories; shares offset 16 with Program Category; bit layout sweep-verified 2026-08-04 (console packed-bit sweep)	4	4
program	1	19	Program Common	Common	Oscillator Mode	enum	0	0		SOLO	17	17		1	verified_transport	pdf_inventory+firmware_sweep	Firmware-locked to SOLO; shares byte 17 with reserved p20; bit ownership is not observable
program	1	20	Program Common	Common	reserved	reserved					17	17		1	reserved_verified_transport	pdf_inventory+firmware_sweep
program	1	21	Program Common	Common	Hold	enum	0	1		ON|OFF	17	17		1	verified_transport	pdf_inventory+firmware_sweep+bit_sweep	bit layout sweep-verified 2026-08-04 (console packed-bit sweep)	3	1
program	1	22	Program Common	Common	Key Priority	enum	0	2		LOW|HIGH|LAST	17	17		1	verified_transport	pdf_inventory+firmware_sweep+bit_sweep	bit layout sweep-verified 2026-08-04 (console packed-bit sweep)	4	2
program	1	23	Program Common	Common	Trigger Mode / Retrigger Velocity Control	enum	0	2		MULTI|SINGLE|VELOCITY	17	17		1	verified_transport	pdf_inventory+firmware_sweep+bit_sweep	bit layout sweep-verified 2026-08-04 (console packed-bit sweep)	6	2
program	1	24	Program Common	Common	Threshold Velocity	continuous	1	127			18	18		1	verified_transport	pdf_inventory+firmware_sweep+bit_sweep	bit layout sweep-verified 2026-08-04 (console packed-bit sweep)	0	7
program	1	25	Program Common	Common	Above/Below	enum	0	1		ABOVE|BELOW	18	18		1	verified_transport	pdf_inventory+firmware_sweep+bit_sweep	bit layout sweep-verified 2026-08-04 (console packed-bit sweep)	7	1
program	1	26	Program Common	Common	Scale Key	enum	0	11		C|C#|D|D#|E|F|F#|G|G#|A|A#|B	19	19		1	verified_transport	pdf_inventory+firmware_sweep+bit_sweep	bit layout sweep-verified 2026-08-04 (console packed-bit sweep)	0	4
program	1	27	Program Common	Common	Scale Type	continuous	0	15			19	19		1	verified_transport	pdf_inventory+firmware_sweep+bit_sweep	bit layout sweep-verified 2026-08-04 (console packed-bit sweep)	4	4
program	1	28	Program Common	Common	Random Pitch Intensity	continuous	0	99			20	20		1	verified_transport	pdf_inventory+firmware_sweep
program	1	29	Program Common	Common	reserved	reserved					21	21		1	reserved_verified_transport	pdf_inventory+firmware_sweep
program	1	30	Program Common	EG1	EG1 Start Level	bipolar	-99	+99			22	22		1	verified_transport	pdf_inventory+firmware_sweep
program	1	31	Program Common	EG1	EG1 Attack Time	continuous	0	99			23	23		1	verified_transport	pdf_inventory+firmware_sweep
program	1	32	Program Common	EG1	EG1 Attack Level	bipolar	-99	+99			24	24		1	verified_transport	pdf_inventory+firmware_sweep
program	1	33	Program Common	EG1	EG1 Decay Time	continuous	0	99			25	25		1	verified_transport	pdf_inventory+firmware_sweep
program	1	34	Program Common	EG1	EG1 Break Point	bipolar	-99	+99			26	26		1	verified_transport	pdf_inventory+firmware_sweep
program	1	35	Program Common	EG1	EG1 Slope Time	continuous	0	99			27	27		1	verified_transport	pdf_inventory+firmware_sweep
program	1	36	Program Common	EG1	EG1 Sustain Level	bipolar	-99	+99			28	28		1	verified_transport	pdf_inventory+firmware_sweep
program	1	37	Program Common	EG1	EG1 Release Time	continuous	0	99			29	29		1	verified_transport	pdf_inventory+firmware_sweep
program	1	38	Program Common	EG1	EG1 Release Level	bipolar	-99	+99			30	30		1	verified_transport	pdf_inventory+firmware_sweep
program	1	39	Program Common	EG1	EG1 Time KBD TRK Attack Time	bipolar	-99	+99			31	31		1	verified_transport	pdf_inventory+firmware_sweep
program	1	40	Program Common	EG1	EG1 Time KBD TRK Decay Time	bipolar	-99	+99			32	32		1	verified_transport	pdf_inventory+firmware_sweep
program	1	41	Program Common	EG1	EG1 Time KBD TRK Slope Time	bipolar	-99	+99			33	33		1	verified_transport	pdf_inventory+firmware_sweep
program	1	42	Program Common	EG1	EG1 Time KBD TRK Release Time	bipolar	-99	+99			34	34		1	verified_transport	pdf_inventory+firmware_sweep
program	1	43	Program Common	EG1	EG1 Velocity Control Level	bipolar	-99	+99			35	35		1	verified_transport	pdf_inventory+firmware_sweep
program	1	44	Program Common	EG1	EG1 Velocity Control Attack Time	bipolar	-99	+99			36	36		1	verified_transport	pdf_inventory+firmware_sweep
program	1	45	Program Common	EG1	EG1 Velocity Control Decay Time	bipolar	-99	+99			37	37		1	verified_transport	pdf_inventory+firmware_sweep
program	1	46	Program Common	EG1	EG1 Velocity Control Slope Time	bipolar	-99	+99			38	38		1	verified_transport	pdf_inventory+firmware_sweep
program	1	47	Program Common	EG1	EG1 Velocity Control Release Time	bipolar	-99	+99			39	39		1	verified_transport	pdf_inventory+firmware_sweep
program	1	48	Program Common	EG2	EG2 Start Level	bipolar	-99	+99			40	40		1	verified_transport	pdf_inventory+firmware_sweep
program	1	49	Program Common	EG2	EG2 Attack Time	continuous	0	99			41	41		1	verified_transport	pdf_inventory+firmware_sweep
program	1	50	Program Common	EG2	EG2 Attack Level	bipolar	-99	+99			42	42		1	verified_transport	pdf_inventory+firmware_sweep
program	1	51	Program Common	EG2	EG2 Decay Time	continuous	0	99			43	43		1	verified_transport	pdf_inventory+firmware_sweep
program	1	52	Program Common	EG2	EG2 Break Point	bipolar	-99	+99			44	44		1	verified_transport	pdf_inventory+firmware_sweep
program	1	53	Program Common	EG2	EG2 Slope Time	continuous	0	99			45	45		1	verified_transport	pdf_inventory+firmware_sweep
program	1	54	Program Common	EG2	EG2 Sustain Level	bipolar	-99	+99			46	46		1	verified_transport	pdf_inventory+firmware_sweep
program	1	55	Program Common	EG2	EG2 Release Time	continuous	0	99			47	47		1	verified_transport	pdf_inventory+firmware_sweep
program	1	56	Program Common	EG2	EG2 Release Level	bipolar	-99	+99			48	48		1	verified_transport	pdf_inventory+firmware_sweep
program	1	57	Program Common	EG2	EG2 Time KBD TRK Attack Time	bipolar	-99	+99			49	49		1	verified_transport	pdf_inventory+firmware_sweep
program	1	58	Program Common	EG2	EG2 Time KBD TRK Decay Time	bipolar	-99	+99			50	50		1	verified_transport	pdf_inventory+firmware_sweep
program	1	59	Program Common	EG2	EG2 Time KBD TRK Slope Time	bipolar	-99	+99			51	51		1	verified_transport	pdf_inventory+firmware_sweep
program	1	60	Program Common	EG2	EG2 Time KBD TRK Release Time	bipolar	-99	+99			52	52		1	verified_transport	pdf_inventory+firmware_sweep
program	1	61	Program Common	EG2	EG2 Velocity Control Level	bipolar	-99	+99			53	53		1	verified_transport	pdf_inventory+firmware_sweep
program	1	62	Program Common	EG2	EG2 Velocity Control Attack Time	bipolar	-99	+99			54	54		1	verified_transport	pdf_inventory+firmware_sweep
program	1	63	Program Common	EG2	EG2 Velocity Control Decay Time	bipolar	-99	+99			55	55		1	verified_transport	pdf_inventory+firmware_sweep
program	1	64	Program Common	EG2	EG2 Velocity Control Slope Time	bipolar	-99	+99			56	56		1	verified_transport	pdf_inventory+firmware_sweep
program	1	65	Program Common	EG2	EG2 Velocity Control Release Time	bipolar	-99	+99			57	57		1	verified_transport	pdf_inventory+firmware_sweep
program	1	66	Program Common	EG3	EG3 Start Level	bipolar	-99	+99			58	58		1	verified_transport	pdf_inventory+firmware_sweep
program	1	67	Program Common	EG3	EG3 Attack Time	continuous	0	99			59	59		1	verified_transport	pdf_inventory+firmware_sweep
program	1	68	Program Common	EG3	EG3 Attack Level	bipolar	-99	+99			60	60		1	verified_transport	pdf_inventory+firmware_sweep
program	1	69	Program Common	EG3	EG3 Decay Time	continuous	0	99			61	61		1	verified_transport	pdf_inventory+firmware_sweep
program	1	70	Program Common	EG3	EG3 Break Point	bipolar	-99	+99			62	62		1	verified_transport	pdf_inventory+firmware_sweep
program	1	71	Program Common	EG3	EG3 Slope Time	continuous	0	99			63	63		1	verified_transport	pdf_inventory+firmware_sweep
program	1	72	Program Common	EG3	EG3 Sustain Level	bipolar	-99	+99			64	64		1	verified_transport	pdf_inventory+firmware_sweep
program	1	73	Program Common	EG3	EG3 Release Time	continuous	0	99			65	65		1	verified_transport	pdf_inventory+firmware_sweep
program	1	74	Program Common	EG3	EG3 Release Level	bipolar	-99	+99			66	66		1	verified_transport	pdf_inventory+firmware_sweep
program	1	75	Program Common	EG3	EG3 Time KBD TRK Attack Time	bipolar	-99	+99			67	67		1	verified_transport	pdf_inventory+firmware_sweep
program	1	76	Program Common	EG3	EG3 Time KBD TRK Decay Time	bipolar	-99	+99			68	68		1	verified_transport	pdf_inventory+firmware_sweep
program	1	77	Program Common	EG3	EG3 Time KBD TRK Slope Time	bipolar	-99	+99			69	69		1	verified_transport	pdf_inventory+firmware_sweep
program	1	78	Program Common	EG3	EG3 Time KBD TRK Release Time	bipolar	-99	+99			70	70		1	verified_transport	pdf_inventory+firmware_sweep
program	1	79	Program Common	EG3	EG3 Velocity Control Level	bipolar	-99	+99			71	71		1	verified_transport	pdf_inventory+firmware_sweep
program	1	80	Program Common	EG3	EG3 Velocity Control Attack Time	bipolar	-99	+99			72	72		1	verified_transport	pdf_inventory+firmware_sweep
program	1	81	Program Common	EG3	EG3 Velocity Control Decay Time	bipolar	-99	+99			73	73		1	verified_transport	pdf_inventory+firmware_sweep
program	1	82	Program Common	EG3	EG3 Velocity Control Slope Time	bipolar	-99	+99			74	74		1	verified_transport	pdf_inventory+firmware_sweep
program	1	83	Program Common	EG3	EG3 Velocity Control Release Time	bipolar	-99	+99			75	75		1	verified_transport	pdf_inventory+firmware_sweep
program	1	84	Program Common	EG4	EG4 Start Level	bipolar	-99	+99			76	76		1	verified_transport	pdf_inventory+firmware_sweep
program	1	85	Program Common	EG4	EG4 Attack Time	continuous	0	99			77	77		1	verified_transport	pdf_inventory+firmware_sweep
program	1	86	Program Common	EG4	EG4 Attack Level	bipolar	-99	+99			78	78		1	verified_transport	pdf_inventory+firmware_sweep
program	1	87	Program Common	EG4	EG4 Decay Time	continuous	0	99			79	79		1	verified_transport	pdf_inventory+firmware_sweep
program	1	88	Program Common	EG4	EG4 Break Point	bipolar	-99	+99			80	80		1	verified_transport	pdf_inventory+firmware_sweep
program	1	89	Program Common	EG4	EG4 Slope Time	continuous	0	99			81	81		1	verified_transport	pdf_inventory+firmware_sweep
program	1	90	Program Common	EG4	EG4 Sustain Level	bipolar	-99	+99			82	82		1	verified_transport	pdf_inventory+firmware_sweep
program	1	91	Program Common	EG4	EG4 Release Time	continuous	0	99			83	83		1	verified_transport	pdf_inventory+firmware_sweep
program	1	92	Program Common	EG4	EG4 Release Level	bipolar	-99	+99			84	84		1	verified_transport	pdf_inventory+firmware_sweep
program	1	93	Program Common	EG4	EG4 Time KBD TRK Attack Time	bipolar	-99	+99			85	85		1	verified_transport	pdf_inventory+firmware_sweep
program	1	94	Program Common	EG4	EG4 Time KBD TRK Decay Time	bipolar	-99	+99			86	86		1	verified_transport	pdf_inventory+firmware_sweep
program	1	95	Program Common	EG4	EG4 Time KBD TRK Slope Time	bipolar	-99	+99			87	87		1	verified_transport	pdf_inventory+firmware_sweep
program	1	96	Program Common	EG4	EG4 Time KBD TRK Release Time	bipolar	-99	+99			88	88		1	verified_transport	pdf_inventory+firmware_sweep
program	1	97	Program Common	EG4	EG4 Velocity Control Level	bipolar	-99	+99			89	89		1	verified_transport	pdf_inventory+firmware_sweep
program	1	98	Program Common	EG4	EG4 Velocity Control Attack Time	bipolar	-99	+99			90	90		1	verified_transport	pdf_inventory+firmware_sweep
program	1	99	Program Common	EG4	EG4 Velocity Control Decay Time	bipolar	-99	+99			91	91		1	verified_transport	pdf_inventory+firmware_sweep
program	1	100	Program Common	EG4	EG4 Velocity Control Slope Time	bipolar	-99	+99			92	92		1	verified_transport	pdf_inventory+firmware_sweep
program	1	101	Program Common	EG4	EG4 Velocity Control Release Time	bipolar	-99	+99			93	93		1	verified_transport	pdf_inventory+firmware_sweep
program	1	102	Program Common	LFO1	LFO1 Wave Form	lfowave	0	29			94	94		1	verified_transport	pdf_inventory+firmware_sweep+bit_sweep	bit layout sweep-verified 2026-08-04 (console packed-bit sweep)	0	5
program	1	103	Program Common	LFO1	LFO1 Key Sync SW	enum	0	1		OFF|ON	94	94		1	verified_transport	pdf_inventory+firmware_sweep+bit_sweep	bit layout sweep-verified 2026-08-04 (console packed-bit sweep)	7	1
program	1	104	Program Common	LFO1	LFO1 Mode	enum	0	2		ON|OFF|BOTH	94	94		1	verified_transport	pdf_inventory+firmware_sweep+bit_sweep	bit layout sweep-verified 2026-08-04 (console packed-bit sweep)	5	2
program	1	105	Program Common	LFO1	LFO1 Frequency	continuous	0	199			95	95		1	verified_transport	pdf_inventory+firmware_sweep
program	1	106	Program Common	LFO1	LFO1 Frequency KBD TRK	bipolar	-99	+99			96	96		1	verified_transport	pdf_inventory+firmware_sweep
program	1	107	Program Common	LFO1	LFO1 Frequency CC#1 Control	bipolar	-99	+99			97	97		1	verified_transport	pdf_inventory+firmware_sweep
program	1	108	Program Common	LFO1	LFO1 Frequency Mod.Source	modsource	0	111			98	98		1	verified_transport	pdf_inventory+firmware_sweep
program	1	109	Program Common	LFO1	LFO1 Frequency Mod.Intensity	bipolar	-99	+99			99	99		1	verified_transport	pdf_inventory+firmware_sweep
program	1	110	Program Common	LFO1	LFO1 Offset	bipolar	-99	+99			100	100		1	verified_transport	pdf_inventory+firmware_sweep
program	1	111	Program Common	LFO1	LFO1 Amplitude Mod.Source	modsource	0	111			101	101		1	verified_transport	pdf_inventory+firmware_sweep
program	1	112	Program Common	LFO1	LFO1 Amplitude Mod.Intensity	bipolar	-99	+99			102	102		1	verified_transport	pdf_inventory+firmware_sweep
program	1	113	Program Common	LFO1	LFO1 Delay	continuous	0	99			103	103		1	verified_transport	pdf_inventory+firmware_sweep
program	1	114	Program Common	LFO1	LFO1 Fade In	bipolar	-99	+99			104	104		1	verified_transport	pdf_inventory+firmware_sweep
program	1	115	Program Common	LFO2	LFO2 Wave Form	lfowave	0	29			105	105		1	verified_transport	pdf_inventory+firmware_sweep+bit_sweep	bit layout sweep-verified 2026-08-04 (console packed-bit sweep)	0	5
program	1	116	Program Common	LFO2	LFO2 Key Sync SW	enum	0	1		OFF|ON	105	105		1	verified_transport	pdf_inventory+firmware_sweep+bit_sweep	bit layout sweep-verified 2026-08-04 (console packed-bit sweep)	7	1
program	1	117	Program Common	LFO2	LFO2 Mode	enum	0	2		ON|OFF|BOTH	105	105		1	verified_transport	pdf_inventory+firmware_sweep+bit_sweep	bit layout sweep-verified 2026-08-04 (console packed-bit sweep)	5	2
program	1	118	Program Common	LFO2	LFO2 Frequency	continuous	0	199			106	106		1	verified_transport	pdf_inventory+firmware_sweep
program	1	119	Program Common	LFO2	LFO2 Frequency KBD TRK	bipolar	-99	+99			107	107		1	verified_transport	pdf_inventory+firmware_sweep
program	1	120	Program Common	LFO2	LFO2 Frequency CC#1 Control	bipolar	-99	+99			108	108		1	verified_transport	pdf_inventory+firmware_sweep
program	1	121	Program Common	LFO2	LFO2 Frequency Mod.Source	modsource	0	111			109	109		1	verified_transport	pdf_inventory+firmware_sweep
program	1	122	Program Common	LFO2	LFO2 Frequency Mod.Intensity	bipolar	-99	+99			110	110		1	verified_transport	pdf_inventory+firmware_sweep
program	1	123	Program Common	LFO2	LFO2 Offset	bipolar	-99	+99			111	111		1	verified_transport	pdf_inventory+firmware_sweep
program	1	124	Program Common	LFO2	LFO2 Amplitude Mod.Source	modsource	0	111			112	112		1	verified_transport	pdf_inventory+firmware_sweep
program	1	125	Program Common	LFO2	LFO2 Amplitude Mod.Intensity	bipolar	-99	+99			113	113		1	verified_transport	pdf_inventory+firmware_sweep
program	1	126	Program Common	LFO2	LFO2 Delay	continuous	0	99			114	114		1	verified_transport	pdf_inventory+firmware_sweep
program	1	127	Program Common	LFO2	LFO2 Fade In	bipolar	-99	+99			115	115		1	verified_transport	pdf_inventory+firmware_sweep
program	1	128	Program Common	LFO3	LFO3 Wave Form	lfowave	0	29			116	116		1	verified_transport	pdf_inventory+firmware_sweep+bit_sweep	bit layout sweep-verified 2026-08-04 (console packed-bit sweep)	0	5
program	1	129	Program Common	LFO3	LFO3 Key Sync SW	enum	0	1		OFF|ON	116	116		1	verified_transport	pdf_inventory+firmware_sweep+bit_sweep	bit layout sweep-verified 2026-08-04 (console packed-bit sweep)	7	1
program	1	130	Program Common	LFO3	LFO3 Mode	enum	0	2		ON|OFF|BOTH	116	116		1	verified_transport	pdf_inventory+firmware_sweep+bit_sweep	bit layout sweep-verified 2026-08-04 (console packed-bit sweep)	5	2
program	1	131	Program Common	LFO3	LFO3 Frequency	continuous	0	199			117	117		1	verified_transport	pdf_inventory+firmware_sweep
program	1	132	Program Common	LFO3	LFO3 Frequency KBD TRK	bipolar	-99	+99			118	118		1	verified_transport	pdf_inventory+firmware_sweep
program	1	133	Program Common	LFO3	LFO3 Frequency CC#1 Control	bipolar	-99	+99			119	119		1	verified_transport	pdf_inventory+firmware_sweep
program	1	134	Program Common	LFO3	LFO3 Frequency Mod.Source	modsource	0	111			120	120		1	verified_transport	pdf_inventory+firmware_sweep
program	1	135	Program Common	LFO3	LFO3 Frequency Mod.Intensity	bipolar	-99	+99			121	121		1	verified_transport	pdf_inventory+firmware_sweep
program	1	136	Program Common	LFO3	LFO3 Offset	bipolar	-99	+99			122	122		1	verified_transport	pdf_inventory+firmware_sweep
program	1	137	Program Common	LFO3	LFO3 Amplitude Mod.Source	modsource	0	111			123	123		1	verified_transport	pdf_inventory+firmware_sweep
program	1	138	Program Common	LFO3	LFO3 Amplitude Mod.Intensity	bipolar	-99	+99			124	124		1	verified_transport	pdf_inventory+firmware_sweep
program	1	139	Program Common	LFO3	LFO3 Delay	continuous	0	99			125	125		1	verified_transport	pdf_inventory+firmware_sweep
program	1	140	Program Common	LFO3	LFO3 Fade In	bipolar	-99	+99			126	126		1	verified_transport	pdf_inventory+firmware_sweep
program	1	141	Program Common	LFO4	LFO4 Wave Form	lfowave	0	29			127	127		1	verified_transport	pdf_inventory+firmware_sweep+bit_sweep	bit layout sweep-verified 2026-08-04 (console packed-bit sweep)	0	5
program	1	142	Program Common	LFO4	LFO4 Key Sync SW	enum	0	1		OFF|ON	127	127		1	verified_transport	pdf_inventory+firmware_sweep+bit_sweep	bit layout sweep-verified 2026-08-04 (console packed-bit sweep)	7	1
program	1	143	Program Common	LFO4	LFO4 Mode	enum	0	2		ON|OFF|BOTH	127	127		1	verified_transport	pdf_inventory+firmware_sweep+bit_sweep	bit layout sweep-verified 2026-08-04 (console packed-bit sweep)	5	2
program	1	144	Program Common	LFO4	LFO4 Frequency	continuous	0	199			128	128		1	verified_transport	pdf_inventory+firmware_sweep
program	1	145	Program Common	LFO4	LFO4 Frequency KBD TRK	bipolar	-99	+99			129	129		1	verified_transport	pdf_inventory+firmware_sweep
program	1	146	Program Common	LFO4	LFO4 Frequency CC#1 Control	bipolar	-99	+99			130	130		1	verified_transport	pdf_inventory+firmware_sweep
program	1	147	Program Common	LFO4	LFO4 Frequency Mod.Source	modsource	0	111			131	131		1	verified_transport	pdf_inventory+firmware_sweep
program	1	148	Program Common	LFO4	LFO4 Frequency Mod.Intensity	bipolar	-99	+99			132	132		1	verified_transport	pdf_inventory+firmware_sweep
program	1	149	Program Common	LFO4	LFO4 Offset	bipolar	-99	+99			133	133		1	verified_transport	pdf_inventory+firmware_sweep
program	1	150	Program Common	LFO4	LFO4 Amplitude Mod.Source	modsource	0	111			134	134		1	verified_transport	pdf_inventory+firmware_sweep
program	1	151	Program Common	LFO4	LFO4 Amplitude Mod.Intensity	bipolar	-99	+99			135	135		1	verified_transport	pdf_inventory+firmware_sweep
program	1	152	Program Common	LFO4	LFO4 Delay	continuous	0	99			136	136		1	verified_transport	pdf_inventory+firmware_sweep
program	1	153	Program Common	LFO4	LFO4 Fade In	bipolar	-99	+99			137	137		1	verified_transport	pdf_inventory+firmware_sweep
program	1	154	Waveform Generator	OSC Common	OSC Set	enum	0	11		SET1 Std+Std|SET2 Std+Comb|SET3 Std+VPM|SET4 Std+Mod|SET5 Comb+Comb|SET6 Comb+VPM|SET7 Comb+Mod|SET8 VPM+VPM|SET9 VPM+Mod|SET10 Brass|SET11 Reed|SET12 Pluck	138	138,220,221,222,223,224,225,226,229,232,234,235	220,221,222,223,224,225,226,229,232,234,235	15	verified_transport	pdf_inventory+firmware_sweep+manual_range	diff preview is truncated; 3 additional changed byte(s) not listed; range from Parameter Guide E2: OSC-cmn1 SET1..SET12
program	1	155	Waveform Generator	Pitch EG	Pitch EG Start Level	bipolar	-99	+99			139	139		1	verified_transport	pdf_inventory+firmware_sweep
program	1	156	Waveform Generator	Pitch EG	Pitch EG Attack Time	continuous	0	99			140	140		1	verified_transport	pdf_inventory+firmware_sweep
program	1	157	Waveform Generator	Pitch EG	Pitch EG Attack Level	bipolar	-99	+99			141	141		1	verified_transport	pdf_inventory+firmware_sweep
program	1	158	Waveform Generator	Pitch EG	Pitch EG Decay Time	continuous	0	99			142	142		1	verified_transport	pdf_inventory+firmware_sweep
program	1	159	Waveform Generator	Pitch EG	Pitch EG Break Point	bipolar	-99	+99			143	143		1	verified_transport	pdf_inventory+firmware_sweep
program	1	160	Waveform Generator	Pitch EG	Pitch EG Slope Time	continuous	0	99			144	144		1	verified_transport	pdf_inventory+firmware_sweep
program	1	161	Waveform Generator	Pitch EG	reserved	reserved					145	145		1	reserved_verified_transport	pdf_inventory+firmware_sweep
program	1	162	Waveform Generator	Pitch EG	Pitch EG Release Time	continuous	0	99			146	146		1	verified_transport	pdf_inventory+firmware_sweep
program	1	163	Waveform Generator	Pitch EG	Pitch EG Release Level	bipolar	-99	+99			147	147		1	verified_transport	pdf_inventory+firmware_sweep
program	1	164	Waveform Generator	Pitch EG KBD TRK	Pitch EG KBD TRK Level	bipolar	-99	+99			148	148		1	verified_transport	pdf_inventory+firmware_sweep
program	1	165	Waveform Generator	Pitch EG KBD TRK	Pitch EG KBD TRK Time	bipolar	-99	+99			149	149		1	verified_transport	pdf_inventory+firmware_sweep
program	1	166	Waveform Generator	Pitch EG Velocity Control	Pitch EG Velocity Control Level	bipolar	-99	+99			150	150		1	verified_transport	pdf_inventory+firmware_sweep
program	1	167	Waveform Generator	Pitch EG Velocity Control	Pitch EG Velocity Control Time	bipolar	-99	+99			151	151		1	verified_transport	pdf_inventory+firmware_sweep
program	1	168	Waveform Generator	Pitch Bender	Pitch Bender Intensity (+X)	bipolar	-60	+12			152	152		1	verified_transport	pdf_inventory+firmware_sweep
program	1	169	Waveform Generator	Pitch Bender	Pitch Bender Intensity (-X)	bipolar	-60	+12			153	153		1	verified_transport	pdf_inventory+firmware_sweep
program	1	170	Waveform Generator	Pitch Bender	Pitch Bender Step (+X)	continuous	1	15			154	154		1	verified_transport	pdf_inventory+firmware_sweep+bit_sweep	bit layout sweep-verified 2026-08-04 (console packed-bit sweep)	0	4
program	1	171	Waveform Generator	Pitch Bender	Pitch Bender Step (-X)	continuous	1	15			154	154		1	verified_transport	pdf_inventory+firmware_sweep+bit_sweep	bit layout sweep-verified 2026-08-04 (console packed-bit sweep)	4	4
program	1	172	Waveform Generator	Pitch Bender	After Touch Bending	bipolar	-12	+12			155	155		1	verified_transport	pdf_inventory+firmware_sweep
program	1	173	Waveform Generator	Portamento	Portamento Fingered Mode	enum	0	1		NORMAL|FINGERED	156	156		1	verified_transport	pdf_inventory+firmware_sweep+bit_sweep	bit layout sweep-verified 2026-08-04 (console packed-bit sweep)	7	1
program	1	174	Waveform Generator	Portamento	Portamento Time	continuous	0	99			156	156		1	verified_transport	pdf_inventory+firmware_sweep+bit_sweep	bit layout sweep-verified 2026-08-04 (console packed-bit sweep)	0	7
program	1	175	Waveform Generator	Portamento	Portamento Time Velocity Control	bipolar	-99	99			157	157		1	verified_transport	pdf_inventory+firmware_sweep
program	1	176	Waveform Generator	OSC1 Basic Pitch	OSC1 Octave	enum	0	3		"32""|16""|8""|4"""	158	158		1	verified_transport	pdf_inventory+firmware_sweep+manual_range	range from Parameter Guide E2: OSC1-1
program	1	177	Waveform Generator	OSC1 Basic Pitch	OSC1 Semi Tone	bipolar	-12	+12			159	159		1	verified_transport	pdf_inventory+firmware_sweep
program	1	178	Waveform Generator	OSC1 Basic Pitch	OSC1 Fine Tune	bipolar	-50	+50	cent		160	160		1	verified_transport	pdf_inventory+firmware_sweep
program	1	179	Waveform Generator	OSC1 Basic Pitch	OSC1 Frequency Offset	bipolar			Hz		161	161		1	verified_transport	pdf_inventory+firmware_sweep
program	1	180	Waveform Generator	OSC1 Basic Pitch	OSC1 Pitch Slope Low Key	continuous	0	127	note		162	162		1	verified_transport	pdf_inventory+firmware_sweep
program	1	181	Waveform Generator	OSC1 Basic Pitch	OSC1 Pitch Slope High Key	continuous	0	127	note		163	163		1	verified_transport	pdf_inventory+firmware_sweep
program	1	182	Waveform Generator	OSC1 Basic Pitch	OSC1 Pitch Slope Lower Slope	bipolar					164	164		1	verified_transport	pdf_inventory+firmware_sweep
program	1	183	Waveform Generator	OSC1 Basic Pitch	OSC1 Pitch Slope Higher Slope	bipolar					165	165		1	verified_transport	pdf_inventory+firmware_sweep
program	1	184	Waveform Generator	OSC1 Basic Pitch	OSC1 Pitch Mod.LFO	enum	0	3		LFO1|LFO2|LFO3|LFO4	166	166		1	verified_transport	pdf_inventory+firmware_sweep
program	1	185	Waveform Generator	OSC1 Basic Pitch	OSC1 Pitch Mod.LFO Intensity	bipolar	-99	+99			167	167		1	verified_transport	pdf_inventory+firmware_sweep
program	1	186	Waveform Generator	OSC1 Basic Pitch	OSC1 Pitch Mod.LFO Int.AT Control	bipolar	-99	+99			168	168		1	verified_transport	pdf_inventory+firmware_sweep
program	1	187	Waveform Generator	OSC1 Basic Pitch	OSC1 Pitch Mod.LFO Int.CC#1 Control	bipolar	-99	+99			169	169		1	verified_transport	pdf_inventory+firmware_sweep
program	1	188	Waveform Generator	OSC1 Basic Pitch	OSC1 Pitch Mod.Srource	modsource	0	111			170	170		1	verified_transport	pdf_inventory+firmware_sweep
program	1	189	Waveform Generator	OSC1 Basic Pitch	OSC1 Pitch Mod.Intensity	bipolar	-99	+99			171	171		1	verified_transport	pdf_inventory+firmware_sweep
program	1	190	Waveform Generator	OSC2 Basic Pitch	OSC2 Octave	enum	0	3		"32""|16""|8""|4"""	206	206		1	verified_transport	pdf_inventory+firmware_sweep+manual_range	range from Parameter Guide E2: OSC2-1
program	1	191	Waveform Generator	OSC2 Basic Pitch	OSC2 Semi Tone	bipolar	-12	+12			207	207		1	verified_transport	pdf_inventory+firmware_sweep
program	1	192	Waveform Generator	OSC2 Basic Pitch	OSC2 Fine Tune	bipolar	-50	+50	cent		208	208		1	verified_transport	pdf_inventory+firmware_sweep
program	1	193	Waveform Generator	OSC2 Basic Pitch	OSC2 Frequency Offset	bipolar			Hz		209	209		1	verified_transport	pdf_inventory+firmware_sweep
program	1	194	Waveform Generator	OSC2 Basic Pitch	OSC2 Pitch Slope Low Key	continuous	0	127	note		210	210		1	verified_transport	pdf_inventory+firmware_sweep
program	1	195	Waveform Generator	OSC2 Basic Pitch	OSC2 Pitch Slope High Key	continuous	0	127	note		211	211		1	verified_transport	pdf_inventory+firmware_sweep
program	1	196	Waveform Generator	OSC2 Basic Pitch	OSC2 Pitch Slope Lower Slope	bipolar					212	212		1	verified_transport	pdf_inventory+firmware_sweep
program	1	197	Waveform Generator	OSC2 Basic Pitch	OSC2 Pitch Slope Higher Slope	bipolar					213	213		1	verified_transport	pdf_inventory+firmware_sweep
program	1	198	Waveform Generator	OSC2 Basic Pitch	OSC2 Pitch Mod.LFO	enum	0	3		LFO1|LFO2|LFO3|LFO4	214	214		1	verified_transport	pdf_inventory+firmware_sweep
program	1	199	Waveform Generator	OSC2 Basic Pitch	OSC2 Pitch Mod.LFO Intensity	bipolar	-99	+99			215	215		1	verified_transport	pdf_inventory+firmware_sweep
program	1	200	Waveform Generator	OSC2 Basic Pitch	OSC2 Pitch Mod.LFO Int.AT Control	bipolar	-99	+99			216	216		1	verified_transport	pdf_inventory+firmware_sweep
program	1	201	Waveform Generator	OSC2 Basic Pitch	OSC2 Pitch Mod.LFO Int.CC#1 Control	bipolar	-99	+99			217	217		1	verified_transport	pdf_inventory+firmware_sweep
program	1	202	Waveform Generator	OSC2 Basic Pitch	OSC2 Pitch Mod.Srource	modsource	0	111			218	218		1	verified_transport	pdf_inventory+firmware_sweep
program	1	203	Waveform Generator	OSC2 Basic Pitch	OSC2 Pitch Mod.Intensity	bipolar	-99	+99			219	219		1	verified_transport	pdf_inventory+firmware_sweep
program	1	204	Waveform Generator	Sub OSC and Noise	Sub OSC Pitch Source	enum	0	1		OSC1|OSC2	254	254		1	verified_transport	pdf_inventory+firmware_sweep+bit_sweep	bit layout sweep-verified 2026-08-04 (console packed-bit sweep)	7	1
program	1	205	Waveform Generator	Sub OSC and Noise	Sub OSC Relative Semi Tone	bipolar	-24	+24			254	254		1	verified_transport	pdf_inventory+firmware_sweep+bit_sweep	bit layout sweep-verified 2026-08-04 (console packed-bit sweep)	0	7
program	1	206	Waveform Generator	Sub OSC and Noise	Sub OSC Relative Fine Tune	bipolar	-50	+50	cent		255	255		1	verified_transport	pdf_inventory+firmware_sweep
program	1	207	Waveform Generator	Sub OSC and Noise	Sub OSC Wave Form	enum	0	3		SIN|SAW|SQU|TRI	256	256		1	verified_transport	pdf_inventory+firmware_sweep
program	1	208	Waveform Generator	Sub OSC and Noise	Noise LPF Frequency	continuous	0	99			257	257		1	verified_transport	pdf_inventory+firmware_sweep
program	1	209	Waveform Generator	Sub OSC and Noise	Noise LPF Frequency KBD TRK	bipolar	-99	+99			258	258		1	verified_transport	pdf_inventory+firmware_sweep
program	1	210	Wave Shape	OSC1 Wave Shaping	OSC1 Wave Shape Input Gain	continuous	0	99			259	259		1	verified_transport	pdf_inventory+firmware_sweep
program	1	211	Wave Shape	OSC1 Wave Shaping	OSC1 Wave Shape Input Gain Mod.Source	modsource	0	111			260	260		1	verified_transport	pdf_inventory+firmware_sweep
program	1	212	Wave Shape	OSC1 Wave Shaping	OSC1 Wave Shape Input Gain Mod.Intensity	bipolar	-99	+99			261	261		1	verified_transport	pdf_inventory+firmware_sweep
program	1	213	Wave Shape	OSC1 Wave Shaping	OSC1 Wave Shape Input Offset	bipolar	-99	+99			262	262		1	verified_transport	pdf_inventory+firmware_sweep
program	1	214	Wave Shape	OSC1 Wave Shaping	reserved	reserved					263	263		1	reserved_verified_transport	pdf_inventory+firmware_sweep
program	1	215	Wave Shape	OSC1 Wave Shaping	reserved	reserved					264	264		1	reserved_verified_transport	pdf_inventory+firmware_sweep
program	1	216	Wave Shape	OSC1 Wave Shaping	OSC1 Wave Shape Feedback Level	continuous	0	99			265	265		1	verified_transport	pdf_inventory+firmware_sweep
program	1	217	Wave Shape	OSC1 Wave Shaping	OSC1 Wave Shape Cross Loop Level	continuous	0	99			266	266		1	verified_transport	pdf_inventory+firmware_sweep
program	1	218	Wave Shape	OSC1 Wave Shaping	OSC1 Wave Shape Table Select	enum	0	1		CLIP|RESO	267	267		1	verified_transport	pdf_inventory+firmware_sweep+bit_sweep	bit layout sweep-verified 2026-08-04 (console packed-bit sweep)	7	1
program	1	219	Wave Shape	OSC1 Wave Shaping	OSC1 Wave Shape 	continuous	0	99			267	267		1	verified_transport	pdf_inventory+firmware_sweep+bit_sweep	bit layout sweep-verified 2026-08-04 (console packed-bit sweep)	0	7
program	1	220	Wave Shape	OSC1 Wave Shaping	OSC1 Wave Shape Mod.Source	modsource	0	111			268	268		1	verified_transport	pdf_inventory+firmware_sweep
program	1	221	Wave Shape	OSC1 Wave Shaping	OSC1 Wave Shape Mod.Intensity	bipolar	-99	+99			269	269		1	verified_transport	pdf_inventory+firmware_sweep
program	1	222	Wave Shape	OSC1 Wave Shaping	OSC1 Wave Shape Output Gain	continuous	0	99			270	270		1	verified_transport	pdf_inventory+firmware_sweep
program	1	223	Wave Shape	OSC1 Wave Shaping	OSC1 Wave Shape Thru Gain	continuous	0	99			271	271		1	verified_transport	pdf_inventory+firmware_sweep
program	1	224	Wave Shape	OSC2 Wave Shaping	OSC2 Wave Shape Input Gain	continuous	0	99			272	272		1	verified_transport	pdf_inventory+firmware_sweep
program	1	225	Wave Shape	OSC2 Wave Shaping	OSC2 Wave Shape Input Gain Mod.Source	modsource	0	111			273	273		1	verified_transport	pdf_inventory+firmware_sweep
program	1	226	Wave Shape	OSC2 Wave Shaping	OSC2 Wave Shape Input Gain Mod.Intensity	bipolar	-99	+99			274	274		1	verified_transport	pdf_inventory+firmware_sweep
program	1	227	Wave Shape	OSC2 Wave Shaping	OSC2 Wave Shape Input Offset	bipolar	-99	+99			275	275		1	verified_transport	pdf_inventory+firmware_sweep
program	1	228	Wave Shape	OSC2 Wave Shaping	reserved	reserved					276	276		1	reserved_verified_transport	pdf_inventory+firmware_sweep
program	1	229	Wave Shape	OSC2 Wave Shaping	reserved	reserved					277	277		1	reserved_verified_transport	pdf_inventory+firmware_sweep
program	1	230	Wave Shape	OSC2 Wave Shaping	OSC2 Wave Shape Feedback Level	continuous	0	99			278	278		1	verified_transport	pdf_inventory+firmware_sweep
program	1	231	Wave Shape	OSC2 Wave Shaping	OSC2 Wave Shape Cross Loop Level	continuous	0	99			279	279		1	verified_transport	pdf_inventory+firmware_sweep
program	1	232	Wave Shape	OSC2 Wave Shaping	OSC2 Wave Shape Table Select	enum	0	1		CLIP|RESO	280	280		1	verified_transport	pdf_inventory+firmware_sweep+bit_sweep	bit layout sweep-verified 2026-08-04 (console packed-bit sweep)	7	1
program	1	233	Wave Shape	OSC2 Wave Shaping	OSC2 Wave Shape 	continuous	0	99			280	280		1	verified_transport	pdf_inventory+firmware_sweep+bit_sweep	bit layout sweep-verified 2026-08-04 (console packed-bit sweep)	0	7
program	1	234	Wave Shape	OSC2 Wave Shaping	OSC2 Wave Shape Mod.Source	modsource	0	111			281	281		1	verified_transport	pdf_inventory+firmware_sweep
program	1	235	Wave Shape	OSC2 Wave Shaping	OSC2 Wave Shape Mod.Intensity	bipolar	-99	+99			282	282		1	verified_transport	pdf_inventory+firmware_sweep
program	1	236	Wave Shape	OSC2 Wave Shaping	OSC2 Wave Shape Output Gain	continuous	0	99			283	283		1	verified_transport	pdf_inventory+firmware_sweep
program	1	237	Wave Shape	OSC2 Wave Shaping	OSC2 Wave Shape Thru Gain	continuous	0	99			284	284		1	verified_transport	pdf_inventory+firmware_sweep
program	1	238	Mixer	OSC1 Mixer Output1	OSC1 Mixer Output1 Level	continuous	0	99			285	285		1	verified_transport	pdf_inventory+firmware_sweep
program	1	239	Mixer	OSC1 Mixer Output1	OSC1 Mixer Output1 Level Mod.Source	modsource	0	111			286	286		1	verified_transport	pdf_inventory+firmware_sweep
program	1	240	Mixer	OSC1 Mixer Output1	OSC1 Mixer Output1 Level Mod.Intensity	bipolar	-99	+99			287	287		1	verified_transport	pdf_inventory+firmware_sweep
program	1	241	Mixer	OSC1 Mixer Output2	OSC1 Mixer Output2 Level	continuous	0	99			288	288		1	verified_transport	pdf_inventory+firmware_sweep
program	1	242	Mixer	OSC1 Mixer Output2	OSC1 Mixer Output2 Level Mod.Source	modsource	0	111			289	289		1	verified_transport	pdf_inventory+firmware_sweep
program	1	243	Mixer	OSC1 Mixer Output2	OSC1 Mixer Output2 Level Mod.Intensity	bipolar	-99	+99			290	290		1	verified_transport	pdf_inventory+firmware_sweep
program	1	244	Mixer	OSC2 Mixer Output1	OSC2 Mixer Output1 Level	continuous	0	99			291	291		1	verified_transport	pdf_inventory+firmware_sweep
program	1	245	Mixer	OSC2 Mixer Output1	OSC2 Mixer Output1 Level Mod.Source	modsource	0	111			292	292		1	verified_transport	pdf_inventory+firmware_sweep
program	1	246	Mixer	OSC2 Mixer Output1	OSC2 Mixer Output1 Level Mod.Intensity	bipolar	-99	+99			293	293		1	verified_transport	pdf_inventory+firmware_sweep
program	1	247	Mixer	OSC2 Mixer Output2	OSC2 Mixer Output2 Level	continuous	0	99			294	294		1	verified_transport	pdf_inventory+firmware_sweep
program	1	248	Mixer	OSC2 Mixer Output2	OSC2 Mixer Output2 Level Mod.Source	modsource	0	111			295	295		1	verified_transport	pdf_inventory+firmware_sweep
program	1	249	Mixer	OSC2 Mixer Output2	OSC2 Mixer Output2 Level Mod.Intensity	bipolar	-99	+99			296	296		1	verified_transport	pdf_inventory+firmware_sweep
program	1	250	Mixer	Sub OSC Mixer Output1	Sub OSC Mixer Output1 Level	continuous	0	99			297	297		1	verified_transport	pdf_inventory+firmware_sweep
program	1	251	Mixer	Sub OSC Mixer Output1	Sub OSC Mixer Output1 Level Mod.Source	modsource	0	111			298	298		1	verified_transport	pdf_inventory+firmware_sweep
program	1	252	Mixer	Sub OSC Mixer Output1	Sub OSC Mixer Output1 Level Mod.Intensity	bipolar	-99	+99			299	299		1	verified_transport	pdf_inventory+firmware_sweep
program	1	253	Mixer	Sub OSC Mixer Output2	Sub OSC Mixer Output2 Level	continuous	0	99			300	300		1	verified_transport	pdf_inventory+firmware_sweep
program	1	254	Mixer	Sub OSC Mixer Output2	Sub OSC Mixer Output2 Level Mod.Source	modsource	0	111			301	301		1	verified_transport	pdf_inventory+firmware_sweep
program	1	255	Mixer	Sub OSC Mixer Output2	Sub OSC Mixer Output2 Level Mod.Intensity	bipolar	-99	+99			302	302		1	verified_transport	pdf_inventory+firmware_sweep
program	1	256	Mixer	Noise Mixer Output1	Noise Mixer Output1 Level	continuous	0	99			303	303		1	verified_transport	pdf_inventory+firmware_sweep
program	1	257	Mixer	Noise Mixer Output1	Noise Mixer Output1 Level Mod.Source	modsource	0	111			304	304		1	verified_transport	pdf_inventory+firmware_sweep
program	1	258	Mixer	Noise Mixer Output1	Noise Mixer Output1 Level Mod.Intensity	bipolar	-99	+99			305	305		1	verified_transport	pdf_inventory+firmware_sweep
program	1	259	Mixer	Noise Mixer Output2	Noise Mixer Output2 Level	continuous	0	99			306	306		1	verified_transport	pdf_inventory+firmware_sweep
program	1	260	Mixer	Noise Mixer Output2	Noise Mixer Output2 Level Mod.Source	modsource	0	111			307	307		1	verified_transport	pdf_inventory+firmware_sweep
program	1	261	Mixer	Noise Mixer Output2	Noise Mixer Output2 Level Mod.Intensity	bipolar	-99	+99			308	308		1	verified_transport	pdf_inventory+firmware_sweep
program	1	262	Mixer	Feedback Mixer Output1	Feedback Mixer Output1 Level	continuous	0	99			309	309		1	verified_transport	pdf_inventory+firmware_sweep
program	1	263	Mixer	Feedback Mixer Output1	Feedback Mixer Output1 Level Mod.Source	modsource	0	111			310	310		1	verified_transport	pdf_inventory+firmware_sweep
program	1	264	Mixer	Feedback Mixer Output1	Feedback Mixer Output1 Level Mod.Intensity	bipolar	-99	+99			311	311		1	verified_transport	pdf_inventory+firmware_sweep
program	1	265	Mixer	Feedback Mixer Output2	Feedback Mixer Output2 Level	continuous	0	99			312	312		1	verified_transport	pdf_inventory+firmware_sweep
program	1	266	Mixer	Feedback Mixer Output2	Feedback Mixer Output2 Level Mod.Source	modsource	0	111			313	313		1	verified_transport	pdf_inventory+firmware_sweep
program	1	267	Mixer	Feedback Mixer Output2	Feedback Mixer Output2 Level Mod.Intensity	bipolar	-99	+99			314	314		1	verified_transport	pdf_inventory+firmware_sweep
program	1	268	Filter	Routing	Filter Routing	enum	0	2		SERI1|SERI2|PARA	315	315		1	verified_transport	pdf_inventory+firmware_sweep
program	1	269	Filter	Filter 1	Filter 1 Filter Type	enum	0	4		THRU|LPF|HPF|BPF|BRF	316	316		1	verified_transport	pdf_inventory+firmware_sweep
program	1	270	Filter	Filter 1	Filter 1 Input Trim	continuous	0	99			317	317		1	verified_transport	pdf_inventory+firmware_sweep
program	1	271	Filter	Filter 1	Filter 1 Cutoff Frequency	continuous	0	99			318	318		1	verified_transport	pdf_inventory+firmware_sweep
program	1	272	Filter	Filter 1	Filter 1 Cutoff Frequency KBD TRK Low Key	continuous	0	127	note		319	319		1	verified_transport	pdf_inventory+firmware_sweep
program	1	273	Filter	Filter 1	Filter 1 Cutoff Frequency KBD TRK High Key	continuous	0	127	note		320	320		1	verified_transport	pdf_inventory+firmware_sweep
program	1	274	Filter	Filter 1	Filter 1 Cutoff Frequency KBD TRK Lower Intensity	bipolar	-99	+99			321	321		1	verified_transport	pdf_inventory+firmware_sweep
program	1	275	Filter	Filter 1	Filter 1 Cutoff Frequency KBD TRK Higher Intensity	bipolar	-99	+99			322	322		1	verified_transport	pdf_inventory+firmware_sweep
program	1	276	Filter	Filter 1	Filter 1 Cutoff Frequency Mod.EG	enum	0	5		EG1|EG2|EG3|EG4|P.EG|A.EG	323	323		1	verified_transport	pdf_inventory+firmware_sweep
program	1	277	Filter	Filter 1	Filter 1 Cutoff Frequency Mod.EG Int.	bipolar	-99	+99			324	324		1	verified_transport	pdf_inventory+firmware_sweep
program	1	278	Filter	Filter 1	Filter 1 Cutoff Frequency Mod.LFO	enum	0	3		LFO1|LFO2|LFO3|LFO4	325	325		1	verified_transport	pdf_inventory+firmware_sweep
program	1	279	Filter	Filter 1	Filter 1 Cutoff Frequency Mod.LFO Int.	bipolar	-99	+99			326	326		1	verified_transport	pdf_inventory+firmware_sweep
program	1	280	Filter	Filter 1	Filter 1 Cutoff Frequency Mod.Source	modsource	0	111			327	327		1	verified_transport	pdf_inventory+firmware_sweep
program	1	281	Filter	Filter 1	Filter 1 Cutoff Frequency Mod.Intensity	bipolar	-99	+99			328	328		1	verified_transport	pdf_inventory+firmware_sweep
program	1	282	Filter	Filter 1	Filter 1 Resonance	continuous	0	99			329	329		1	verified_transport	pdf_inventory+firmware_sweep
program	1	283	Filter	Filter 1	Filter 1 Resonance Mod.Source	modsource	0	111			330	330		1	verified_transport	pdf_inventory+firmware_sweep
program	1	284	Filter	Filter 1	Filter 1 Resonance Mod.Intensity	bipolar	-99	+99			331	331		1	verified_transport	pdf_inventory+firmware_sweep
program	1	285	Filter	Filter 2	Filter 2 Filter Type	enum	0	4		THRU|LPF|HPF|BPF|BRF	332	332		1	verified_transport	pdf_inventory+firmware_sweep
program	1	286	Filter	Filter 2	Filter 2 Input Trim	continuous	0	99			333	333		1	verified_transport	pdf_inventory+firmware_sweep
program	1	287	Filter	Filter 2	Filter 2 Cutoff Frequency	continuous	0	99			334	334		1	verified_transport	pdf_inventory+firmware_sweep
program	1	288	Filter	Filter 2	Filter 2 Cutoff Frequency KBD TRK Low Key	continuous	0	127	note		335	335		1	verified_transport	pdf_inventory+firmware_sweep
program	1	289	Filter	Filter 2	Filter 2 Cutoff Frequency KBD TRK High Key	continuous	0	127	note		336	336		1	verified_transport	pdf_inventory+firmware_sweep
program	1	290	Filter	Filter 2	Filter 2 Cutoff Frequency KBD TRK Lower Intensity	bipolar	-99	+99			337	337		1	verified_transport	pdf_inventory+firmware_sweep
program	1	291	Filter	Filter 2	Filter 2 Cutoff Frequency KBD TRK Higher Intensity	bipolar	-99	+99			338	338		1	verified_transport	pdf_inventory+firmware_sweep
program	1	292	Filter	Filter 2	Filter 2 Cutoff Frequency Mod.EG	enum	0	5		EG1|EG2|EG3|EG4|P.EG|A.EG	339	339		1	verified_transport	pdf_inventory+firmware_sweep
program	1	293	Filter	Filter 2	Filter 2 Cutoff Frequency Mod.EG Int.	bipolar	-99	+99			340	340		1	verified_transport	pdf_inventory+firmware_sweep
program	1	294	Filter	Filter 2	Filter 2 Cutoff Frequency Mod.LFO	enum	0	3		LFO1|LFO2|LFO3|LFO4	341	341		1	verified_transport	pdf_inventory+firmware_sweep
program	1	295	Filter	Filter 2	Filter 2 Cutoff Frequency Mod.LFO Int.	bipolar	-99	+99			342	342		1	verified_transport	pdf_inventory+firmware_sweep
program	1	296	Filter	Filter 2	Filter 2 Cutoff Frequency Mod.Source	modsource	0	111			343	343		1	verified_transport	pdf_inventory+firmware_sweep
program	1	297	Filter	Filter 2	Filter 2 Cutoff Frequency Mod.Intensity	bipolar	-99	+99			344	344		1	verified_transport	pdf_inventory+firmware_sweep
program	1	298	Filter	Filter 2	Filter 2 Resonance	continuous	0	99			345	345		1	verified_transport	pdf_inventory+firmware_sweep
program	1	299	Filter	Filter 2	Filter 2 Resonance Mod.Source	modsource	0	111			346	346		1	verified_transport	pdf_inventory+firmware_sweep
program	1	300	Filter	Filter 2	Filter 2 Resonance Mod.Intensity	bipolar	-99	+99			347	347		1	verified_transport	pdf_inventory+firmware_sweep
program	1	301	Amplitude	Amp 1	Amp 1 Amplitude	continuous	0	99			348	348		1	verified_transport	pdf_inventory+firmware_sweep
program	1	302	Amplitude	Amp 1	Amp 1 Amplitude KBD TRK Low Key	continuous	0	127	note		349	349		1	verified_transport	pdf_inventory+firmware_sweep
program	1	303	Amplitude	Amp 1	Amp 1 Amplitude KBD TRK High Key	continuous	0	127	note		350	350		1	verified_transport	pdf_inventory+firmware_sweep
program	1	304	Amplitude	Amp 1	Amp 1 Amplitude KBD TRK Lower Intensity	bipolar	-99	+99			351	351		1	verified_transport	pdf_inventory+firmware_sweep
program	1	305	Amplitude	Amp 1	Amp 1 Amplitude KBD TRK Higher Intensity	bipolar	-99	+99			352	352		1	verified_transport	pdf_inventory+firmware_sweep
program	1	306	Amplitude	Amp 1	Amp 1 Amplitude Mod.EG	enum	0	5		EG1|EG2|EG3|EG4|P.EG|A.EG	353	353		1	verified_transport	pdf_inventory+firmware_sweep+manual_range	range from Parameter Guide E2: AMP1-2
program	1	307	Amplitude	Amp 1	Amp 1 Amplitude Mod.EG Intensity	bipolar	-99	+99			354	354		1	verified_transport	pdf_inventory+firmware_sweep
program	1	308	Amplitude	Amp 1	Amp 1 Amplitude Mod.Source	modsource	0	111			355	355		1	verified_transport	pdf_inventory+firmware_sweep
program	1	309	Amplitude	Amp 1	Amp 1 Amplitude Mod.Intensity	bipolar	-99	+99			356	356		1	verified_transport	pdf_inventory+firmware_sweep
program	1	310	Amplitude	Amp 2	Amp 2 Amplitude	continuous	0	99			357	357		1	verified_transport	pdf_inventory+firmware_sweep
program	1	311	Amplitude	Amp 2	Amp 2 Amplitude KBD TRK Low Key	continuous	0	127	note		358	358		1	verified_transport	pdf_inventory+firmware_sweep
program	1	312	Amplitude	Amp 2	Amp 2 Amplitude KBD TRK High Key	continuous	0	127	note		359	359		1	verified_transport	pdf_inventory+firmware_sweep
program	1	313	Amplitude	Amp 2	Amp 2 Amplitude KBD TRK Lower Intensity	bipolar	-99	+99			360	360		1	verified_transport	pdf_inventory+firmware_sweep
program	1	314	Amplitude	Amp 2	Amp 2 Amplitude KBD TRK Higher Intensity	bipolar	-99	+99			361	361		1	verified_transport	pdf_inventory+firmware_sweep
program	1	315	Amplitude	Amp 2	Amp 2 Amplitude Mod.EG	enum	0	5		EG1|EG2|EG3|EG4|P.EG|A.EG	362	362		1	verified_transport	pdf_inventory+firmware_sweep+manual_range	range from Parameter Guide E2: AMP2-2
program	1	316	Amplitude	Amp 2	Amp 2 Amplitude Mod.EG Intensity	bipolar	-99	+99			363	363		1	verified_transport	pdf_inventory+firmware_sweep
program	1	317	Amplitude	Amp 2	Amp 2 Amplitude Mod.Source	modsource	0	111			364	364		1	verified_transport	pdf_inventory+firmware_sweep
program	1	318	Amplitude	Amp 2	Amp 2 Amplitude Mod.Intensity	bipolar	-99	+99			365	365		1	verified_transport	pdf_inventory+firmware_sweep
program	1	319	Amplitude	Amp EG	Amp EG Start Level	continuous	0	99			366	366		1	verified_transport	pdf_inventory+firmware_sweep
program	1	320	Amplitude	Amp EG	Amp EG Attack Time	continuous	0	99			367	367		1	verified_transport	pdf_inventory+firmware_sweep
program	1	321	Amplitude	Amp EG	Amp EG Attack Level	continuous	0	99			368	368		1	verified_transport	pdf_inventory+firmware_sweep
program	1	322	Amplitude	Amp EG	Amp EG Decay Time	continuous	0	99			369	369		1	verified_transport	pdf_inventory+firmware_sweep
program	1	323	Amplitude	Amp EG	Amp EG Break Point	continuous	0	99			370	370		1	verified_transport	pdf_inventory+firmware_sweep
program	1	324	Amplitude	Amp EG	Amp EG Slope Time	continuous	0	99			371	371		1	verified_transport	pdf_inventory+firmware_sweep
program	1	325	Amplitude	Amp EG	Amp EG Sustain Level	continuous	0	99			372	372		1	verified_transport	pdf_inventory+firmware_sweep
program	1	326	Amplitude	Amp EG	Amp EG Release Time	continuous	0	99			373	373		1	verified_transport	pdf_inventory+firmware_sweep
program	1	327	Amplitude	Amp EG	reserved	reserved					374	374		1	reserved_verified_transport	pdf_inventory+firmware_sweep
program	1	328	Amplitude	Amp EG	Amp EG KBD TRK Attack Time	bipolar	-99	+99			375	375		1	verified_transport	pdf_inventory+firmware_sweep
program	1	329	Amplitude	Amp EG	Amp EG KBD TRK Decay Time	bipolar	-99	+99			376	376		1	verified_transport	pdf_inventory+firmware_sweep
program	1	330	Amplitude	Amp EG	Amp EG KBD TRK Slope Time	bipolar	-99	+99			377	377		1	verified_transport	pdf_inventory+firmware_sweep
program	1	331	Amplitude	Amp EG	Amp EG KBD TRK Release Time	bipolar	-99	+99			378	378		1	verified_transport	pdf_inventory+firmware_sweep
program	1	332	Amplitude	Amp EG	Amp EG Velocity Control Level	bipolar	-99	+99			379	379		1	verified_transport	pdf_inventory+firmware_sweep
program	1	333	Amplitude	Amp EG	Amp EG Velocity Control Attack Time	bipolar	-99	+99			380	380		1	verified_transport	pdf_inventory+firmware_sweep
program	1	334	Amplitude	Amp EG	Amp EG Velocity Control Decay Time	bipolar	-99	+99			381	381		1	verified_transport	pdf_inventory+firmware_sweep
program	1	335	Amplitude	Amp EG	Amp EG Velocity Control Slope Time	bipolar	-99	+99			382	382		1	verified_transport	pdf_inventory+firmware_sweep
program	1	336	Amplitude	Amp EG	Amp EG Velocity Control Release Time	bipolar	-99	99			383	383		1	verified_transport	pdf_inventory+firmware_sweep+manual_range	range from Parameter Guide E2: AEG-4
program	1	337	Effects and Output	Distortion	Distortion Gain	continuous	0	99			384	384		1	verified_transport	pdf_inventory+firmware_sweep
program	1	338	Effects and Output	Distortion	reserved	reserved					385	385		1	reserved_verified_transport	pdf_inventory+firmware_sweep
program	1	339	Effects and Output	Distortion	reserved	reserved					386	386		1	reserved_verified_transport	pdf_inventory+firmware_sweep
program	1	340	Effects and Output	Distortion	Distortion Tone	continuous	0	99			387	387		1	verified_transport	pdf_inventory+firmware_sweep
program	1	341	Effects and Output	Distortion	Distortion Level	continuous	0	99			388	388		1	verified_transport	pdf_inventory+firmware_sweep
program	1	342	Effects and Output	Distortion	Distortion Effect Balance	continuous	0	100	%		389	389		1	verified_transport	pdf_inventory+firmware_sweep
program	1	343	Effects and Output	Distortion	Distortion Effect Balance Mod.Source	modsource	0	111			390	390		1	verified_transport	pdf_inventory+firmware_sweep
program	1	344	Effects and Output	Distortion	Distortion Effect Balance Mod.Intensity	bipolar	-99	+99			391	391		1	verified_transport	pdf_inventory+firmware_sweep
program	1	345	Effects and Output	Wah	Wah Resonance	continuous	0	99			392	392		1	verified_transport	pdf_inventory+firmware_sweep
program	1	346	Effects and Output	Wah	Wah Low Frequency	continuous	0	99			393	393		1	verified_transport	pdf_inventory+firmware_sweep
program	1	347	Effects and Output	Wah	Wah High Frequency	continuous	0	99			394	394		1	verified_transport	pdf_inventory+firmware_sweep
program	1	348	Effects and Output	Wah	Wah Sweep Source	modsource	0	111			395	395		1	verified_transport	pdf_inventory+firmware_sweep
program	1	349	Effects and Output	Wah	Wah Sweep Direction	enum	0	1		+|-	396	396		1	verified_transport	pdf_inventory+firmware_sweep+manual_range	range from Parameter Guide E2: WAH-2
program	1	350	Effects and Output	Wah	Wah Level	continuous	0	99			397	397		1	verified_transport	pdf_inventory+firmware_sweep
program	1	351	Effects and Output	Wah	Wah Effect Balance	continuous	0	100	%		398	398		1	verified_transport	pdf_inventory+firmware_sweep
program	1	352	Effects and Output	Wah	Wah Effect Balance Mod.Source	modsource	0	111			399	399		1	verified_transport	pdf_inventory+firmware_sweep
program	1	353	Effects and Output	Wah	Wah Effect Balance Mod.Intensity	bipolar	-99	+99			400	400		1	verified_transport	pdf_inventory+firmware_sweep
program	1	354	Effects and Output	Delay/Reverb selector	Delay/Reverb Select	enum	0	1		CHORUS&DELAY|REVERB	401	401		1	verified_transport	pdf_inventory+firmware_sweep
program	1	355	Effects and Output	Chorus/Flanger	Chorus/Flanger Delay Time	continuous	0	99			402	402		1	verified_transport	pdf_inventory+firmware_sweep
program	1	356	Effects and Output	Chorus/Flanger	Chorus/Flanger Feedback	bipolar	-99	+99			403	403		1	verified_transport	pdf_inventory+firmware_sweep
program	1	357	Effects and Output	Chorus/Flanger	Chorus/Flanger LFO Select	enum	0	3		LFO1|LFO2|LFO3|LFO4	404	404		1	verified_transport	pdf_inventory+firmware_sweep
program	1	358	Effects and Output	Chorus/Flanger	Chorus/Flanger Depth	continuous	0	99			405	405		1	verified_transport	pdf_inventory+firmware_sweep
program	1	359	Effects and Output	Chorus/Flanger	Chorus/Flanger Depth Mod.Source	modsource	0	111			406	406		1	verified_transport	pdf_inventory+firmware_sweep
program	1	360	Effects and Output	Chorus/Flanger	Chorus/Flanger Depth Mod.Intensity	continuous	0	99			407	407		1	verified_transport	pdf_inventory+firmware_sweep
program	1	361	Effects and Output	Chorus/Flanger	Chorus/Flanger Effect Balance	continuous	0	100	%		408	408		1	verified_transport	pdf_inventory+firmware_sweep
program	1	362	Effects and Output	Chorus/Flanger	Chorus/Flanger Effect Balance Mod.Source	modsource	0	111			409	409		1	verified_transport	pdf_inventory+firmware_sweep
program	1	363	Effects and Output	Chorus/Flanger	Chorus/Flanger Effect Balance Mod.Intensity	bipolar	-99	+99			410	410		1	verified_transport	pdf_inventory+firmware_sweep
program	1	364	Effects and Output	Delay	Delay Time	continuous	0	99			411	411		1	verified_transport	pdf_inventory+firmware_sweep
program	1	365	Effects and Output	Delay	Delay Feedback	continuous	0	99			412	412		1	verified_transport	pdf_inventory+firmware_sweep
program	1	366	Effects and Output	Delay	Delay High Dump	continuous	0	99			413	413		1	verified_transport	pdf_inventory+firmware_sweep
program	1	367	Effects and Output	Delay	Delay Effect Balance	continuous	0	100	%		414	414		1	verified_transport	pdf_inventory+firmware_sweep
program	1	368	Effects and Output	Delay	Delay Effect Balance Mod.Source	modsource	0	111			415	415		1	verified_transport	pdf_inventory+firmware_sweep
program	1	369	Effects and Output	Delay	Delay Effect Balance Mod.Intensity	bipolar	-99	+99			416	416		1	verified_transport	pdf_inventory+firmware_sweep
program	1	370	Effects and Output	Reverb	Reverb Pre Delay	continuous	0	99			417	417		1	verified_transport	pdf_inventory+firmware_sweep
program	1	371	Effects and Output	Reverb	Reverb Time	continuous	0	99			418	418		1	verified_transport	pdf_inventory+firmware_sweep
program	1	372	Effects and Output	Reverb	Reverb High Dump	continuous	0	99			419	419		1	verified_transport	pdf_inventory+firmware_sweep
program	1	373	Effects and Output	Reverb	Reverb Effect Balance	continuous	0	100	%		420	420		1	verified_transport	pdf_inventory+firmware_sweep
program	1	374	Effects and Output	Reverb	Reverb Effect Balance Mod.Source	modsource	0	111			421	421		1	verified_transport	pdf_inventory+firmware_sweep
program	1	375	Effects and Output	Reverb	Reverb Effect Balance Mod.Intensity	bipolar	-99	99			422	422		1	verified_transport	pdf_inventory+firmware_sweep+manual_range	range from Parameter Guide E2: REV-2
program	1	376	Effects and Output	2 Band PEQ	2 Band PEQ High Freq	continuous	0	49			423	423		1	verified_transport	pdf_inventory+firmware_sweep
program	1	377	Effects and Output	2 Band PEQ	2 Band PEQ High Q	continuous	0	29			424	424		1	verified_transport	pdf_inventory+firmware_sweep
program	1	378	Effects and Output	2 Band PEQ	2 Band PEQ High Gain	bipolar	-18	+18	dB		425	425		1	verified_transport	pdf_inventory+firmware_sweep
program	1	379	Effects and Output	2 Band PEQ	2 Band PEQ Low Freq	continuous	0	49			426	426		1	verified_transport	pdf_inventory+firmware_sweep
program	1	380	Effects and Output	2 Band PEQ	2 Band PEQ Low Q	continuous	0	29			427	427		1	verified_transport	pdf_inventory+firmware_sweep
program	1	381	Effects and Output	2 Band PEQ	2 Band PEQ Low Gain	bipolar	-18	+18	dB		428	428		1	verified_transport	pdf_inventory+firmware_sweep
program	1	382	Effects and Output	Output	Output Panpot	continuous	0	127			429	429		1	verified_transport	pdf_inventory+firmware_sweep
program	1	383	Effects and Output	Output	Output Panpot Mod.Source	modsource	0	111			430	430		1	verified_transport	pdf_inventory+firmware_sweep
program	1	384	Effects and Output	Output	Output Panpot Mod.Intensity	bipolar	-99	+99			431	431		1	verified_transport	pdf_inventory+firmware_sweep
program	1	385	Effects and Output	Output	Output Level	continuous	0	127			432	432		1	verified_transport	pdf_inventory+firmware_sweep
program	1	386	Effects and Output	Output	reserved	reserved					433	433		1	reserved_verified_transport	pdf_inventory+firmware_sweep
program	1	387	Effects and Output	Output	reserved	reserved					434	434		1	reserved_verified_transport	pdf_inventory+firmware_sweep
program	1	388	OSC-Specific Blocks	Std.OSC	Std.OSC Wave Select	enum	0	1		SAW|PULSE	0	0		1	needs_exid_sweep	pdf_inventory+direct_id_firmware_sweep	OSC-specific IDs also need ExID 1/2 coverage before OSC1/OSC2 editor writes are considered complete.
program	1	389	OSC-Specific Blocks	Std.OSC	Std.OSC Wave Edge	continuous	0	99			1	1		1	needs_exid_sweep	pdf_inventory+direct_id_firmware_sweep	OSC-specific IDs also need ExID 1/2 coverage before OSC1/OSC2 editor writes are considered complete.
program	1	390	OSC-Specific Blocks	Std.OSC	Std.OSC Wave Level	continuous	0	99			2	2		1	needs_exid_sweep	pdf_inventory+direct_id_firmware_sweep	OSC-specific IDs also need ExID 1/2 coverage before OSC1/OSC2 editor writes are considered complete.
program	1	391	OSC-Specific Blocks	Std.OSC	Std.OSC Ramp Wave Level	continuous	0	99			3	3		1	needs_exid_sweep	pdf_inventory+direct_id_firmware_sweep	OSC-specific IDs also need ExID 1/2 coverage before OSC1/OSC2 editor writes are considered complete.
program	1	392	OSC-Specific Blocks	Std.OSC	Std.OSC Wave Form	bipolar	-99	+99			4	4		1	needs_exid_sweep	pdf_inventory+direct_id_firmware_sweep	OSC-specific IDs also need ExID 1/2 coverage before OSC1/OSC2 editor writes are considered complete.
program	1	393	OSC-Specific Blocks	Std.OSC	Std.OSC Wave Form Mod.LFO	enum	0	3		LFO1|LFO2|LFO3|LFO4	5	5		1	needs_exid_sweep	pdf_inventory+direct_id_firmware_sweep	OSC-specific IDs also need ExID 1/2 coverage before OSC1/OSC2 editor writes are considered complete.
program	1	394	OSC-Specific Blocks	Std.OSC	Std.OSC Wave Form Mod.LFO Intensity	bipolar	-99	+99			6	6		1	needs_exid_sweep	pdf_inventory+direct_id_firmware_sweep	OSC-specific IDs also need ExID 1/2 coverage before OSC1/OSC2 editor writes are considered complete.
program	1	395	OSC-Specific Blocks	Std.OSC	Std.OSC Wave Form Mod.Source	modsource	0	111			7	7		1	needs_exid_sweep	pdf_inventory+direct_id_firmware_sweep	OSC-specific IDs also need ExID 1/2 coverage before OSC1/OSC2 editor writes are considered complete.
program	1	396	OSC-Specific Blocks	Std.OSC	Std.OSC Wave Form Mod.Intensity	bipolar	-99	+99			8	8		1	needs_exid_sweep	pdf_inventory+direct_id_firmware_sweep	OSC-specific IDs also need ExID 1/2 coverage before OSC1/OSC2 editor writes are considered complete.
program	1	397	OSC-Specific Blocks	Comb Filter OSC	Comb Filter OSC Noise Level	continuous	0	99			0	0		1	needs_exid_sweep	pdf_inventory+direct_id_firmware_sweep	OSC-specific IDs also need ExID 1/2 coverage before OSC1/OSC2 editor writes are considered complete.
program	1	398	OSC-Specific Blocks	Comb Filter OSC	Comb Filter OSC Input Wave Form	enum	0	2		SAW|SQU|TRI	1	1		1	needs_exid_sweep	pdf_inventory+direct_id_firmware_sweep	OSC-specific IDs also need ExID 1/2 coverage before OSC1/OSC2 editor writes are considered complete.
program	1	399	OSC-Specific Blocks	Comb Filter OSC	Comb Filter OSC Input Wave Level	continuous	0	99			2	2		1	needs_exid_sweep	pdf_inventory+direct_id_firmware_sweep	OSC-specific IDs also need ExID 1/2 coverage before OSC1/OSC2 editor writes are considered complete.
program	1	400	OSC-Specific Blocks	Comb Filter OSC	Comb Filter OSC Input Gain	continuous	0	99			3	3		1	needs_exid_sweep	pdf_inventory+direct_id_firmware_sweep	OSC-specific IDs also need ExID 1/2 coverage before OSC1/OSC2 editor writes are considered complete.
program	1	401	OSC-Specific Blocks	Comb Filter OSC	Comb Filter OSC Comb Filter Feedback	continuous	0	99			4	4		1	needs_exid_sweep	pdf_inventory+direct_id_firmware_sweep	OSC-specific IDs also need ExID 1/2 coverage before OSC1/OSC2 editor writes are considered complete.
program	1	402	OSC-Specific Blocks	Comb Filter OSC	Comb Filter OSC Feedback Mod.EG	enum	0	5		EG1|EG2|EG3|EG4|P.EG|A.EG	5	5		1	needs_exid_sweep	pdf_inventory+direct_id_firmware_sweep	OSC-specific IDs also need ExID 1/2 coverage before OSC1/OSC2 editor writes are considered complete.
program	1	403	OSC-Specific Blocks	Comb Filter OSC	Comb Filter OSC Feedback Mod.EG Intensity	bipolar	-99	+99			6	6		1	needs_exid_sweep	pdf_inventory+direct_id_firmware_sweep	OSC-specific IDs also need ExID 1/2 coverage before OSC1/OSC2 editor writes are considered complete.
program	1	404	OSC-Specific Blocks	Comb Filter OSC	Comb Filter OSC Feedback Mod.Source	modsource	0	111			7	7		1	needs_exid_sweep	pdf_inventory+direct_id_firmware_sweep	OSC-specific IDs also need ExID 1/2 coverage before OSC1/OSC2 editor writes are considered complete.
program	1	405	OSC-Specific Blocks	Comb Filter OSC	Comb Filter OSC Feedback Mod.Intensity	bipolar	-99	+99			8	8		1	needs_exid_sweep	pdf_inventory+direct_id_firmware_sweep	OSC-specific IDs also need ExID 1/2 coverage before OSC1/OSC2 editor writes are considered complete.
program	1	406	OSC-Specific Blocks	Comb Filter OSC	Comb Filter OSC Loop LPF Frequency	continuous	0	99			9	9		1	needs_exid_sweep	pdf_inventory+direct_id_firmware_sweep	OSC-specific IDs also need ExID 1/2 coverage before OSC1/OSC2 editor writes are considered complete.
program	1	407	OSC-Specific Blocks	VPM OSC Carrier	VPM OSC Carrier Wave	enum	0	3		SIN|SAW|TRI|SQU	0	0		1	needs_exid_sweep	pdf_inventory+direct_id_firmware_sweep	OSC-specific IDs also need ExID 1/2 coverage before OSC1/OSC2 editor writes are considered complete.
program	1	408	OSC-Specific Blocks	VPM OSC Carrier	VPM OSC Carrier Level	continuous	0	99			1	1		1	needs_exid_sweep	pdf_inventory+direct_id_firmware_sweep	OSC-specific IDs also need ExID 1/2 coverage before OSC1/OSC2 editor writes are considered complete.
program	1	409	OSC-Specific Blocks	VPM OSC Carrier	VPM OSC Carrier Level Mod.EG	enum	0	5		EG1|EG2|EG3|EG4|P.EG|A.EG	2	2		1	needs_exid_sweep	pdf_inventory+direct_id_firmware_sweep	OSC-specific IDs also need ExID 1/2 coverage before OSC1/OSC2 editor writes are considered complete.
program	1	410	OSC-Specific Blocks	VPM OSC Carrier	VPM OSC Carrier Level Mod.EG Intensity	bipolar	-99	+99			3	3		1	needs_exid_sweep	pdf_inventory+direct_id_firmware_sweep	OSC-specific IDs also need ExID 1/2 coverage before OSC1/OSC2 editor writes are considered complete.
program	1	411	OSC-Specific Blocks	VPM OSC Carrier	VPM OSC Carrier Level Mod.Source	modsource	0	111			4	4		1	needs_exid_sweep	pdf_inventory+direct_id_firmware_sweep	OSC-specific IDs also need ExID 1/2 coverage before OSC1/OSC2 editor writes are considered complete.
program	1	412	OSC-Specific Blocks	VPM OSC Carrier	VPM OSC Carrier Level Mod.Intensity	bipolar	-99	+99			5	5		1	needs_exid_sweep	pdf_inventory+direct_id_firmware_sweep	OSC-specific IDs also need ExID 1/2 coverage before OSC1/OSC2 editor writes are considered complete.
program	1	413	OSC-Specific Blocks	VPM OSC Carrier	VPM OSC Carrier Table Shape	continuous	0	99			6	6		1	needs_exid_sweep	pdf_inventory+direct_id_firmware_sweep	OSC-specific IDs also need ExID 1/2 coverage before OSC1/OSC2 editor writes are considered complete.
program	1	414	OSC-Specific Blocks	VPM OSC Carrier	VPM OSC Carrier Table Shape Mod.LFO	enum	0	3		LFO1|LFO2|LFO3|LFO4	7	7		1	needs_exid_sweep	pdf_inventory+direct_id_firmware_sweep	OSC-specific IDs also need ExID 1/2 coverage before OSC1/OSC2 editor writes are considered complete.
program	1	415	OSC-Specific Blocks	VPM OSC Carrier	VPM OSC Carrier Table Shape Mod.LFO Intensity	bipolar	-99	+99			8	8		1	needs_exid_sweep	pdf_inventory+direct_id_firmware_sweep	OSC-specific IDs also need ExID 1/2 coverage before OSC1/OSC2 editor writes are considered complete.
program	1	416	OSC-Specific Blocks	VPM OSC Carrier	VPM OSC Carrier Table Shape Mod.Source	modsource	0	111			9	9		1	needs_exid_sweep	pdf_inventory+direct_id_firmware_sweep	OSC-specific IDs also need ExID 1/2 coverage before OSC1/OSC2 editor writes are considered complete.
program	1	417	OSC-Specific Blocks	VPM OSC Carrier	VPM OSC Carrier Table Shape Mod.Intensity	bipolar	-99	+99			10	10		1	needs_exid_sweep	pdf_inventory+direct_id_firmware_sweep	OSC-specific IDs also need ExID 1/2 coverage before OSC1/OSC2 editor writes are considered complete.
program	1	418	OSC-Specific Blocks	VPM OSC Carrier	VPM OSC Carrier Feedback Gain	continuous	0	99			11	11		1	needs_exid_sweep	pdf_inventory+direct_id_firmware_sweep	OSC-specific IDs also need ExID 1/2 coverage before OSC1/OSC2 editor writes are considered complete.
program	1	419	OSC-Specific Blocks	VPM OSC Modulator	VPM OSC Modulator Frequency Semi Tone	bipolar	-12	+96			12	12		1	needs_exid_sweep	pdf_inventory+direct_id_firmware_sweep	OSC-specific IDs also need ExID 1/2 coverage before OSC1/OSC2 editor writes are considered complete.
program	1	420	OSC-Specific Blocks	VPM OSC Modulator	VPM OSC Modulator Frequency Fine Tune	bipolar	-50	50			13	13		1	needs_exid_sweep	pdf_inventory+direct_id_firmware_sweep	OSC-specific IDs also need ExID 1/2 coverage before OSC1/OSC2 editor writes are considered complete.
program	1	421	OSC-Specific Blocks	VPM OSC Modulator	VPM OSC Modulator Pitch Keyboard Track	bipolar	-99	+99			14	14		1	needs_exid_sweep	pdf_inventory+direct_id_firmware_sweep	OSC-specific IDs also need ExID 1/2 coverage before OSC1/OSC2 editor writes are considered complete.
program	1	422	OSC-Specific Blocks	VPM OSC Modulator	VPM OSC Modulator Pitch Mod.Source	modsource	0	111			15	15		1	needs_exid_sweep	pdf_inventory+direct_id_firmware_sweep	OSC-specific IDs also need ExID 1/2 coverage before OSC1/OSC2 editor writes are considered complete.
program	1	423	OSC-Specific Blocks	VPM OSC Modulator	VPM OSC Modulator Pitch Mod.Intensity	bipolar	-99	+99			16	16		1	needs_exid_sweep	pdf_inventory+direct_id_firmware_sweep	OSC-specific IDs also need ExID 1/2 coverage before OSC1/OSC2 editor writes are considered complete.
program	1	424	OSC-Specific Blocks	VPM OSC Modulator	VPM OSC Modulator Wave	enum	0	4		SIN|SAW|TRI|SQU|OSC	17	17		1	needs_exid_sweep	pdf_inventory+direct_id_firmware_sweep	OSC-specific IDs also need ExID 1/2 coverage before OSC1/OSC2 editor writes are considered complete.
program	1	425	OSC-Specific Blocks	VPM OSC Modulator	VPM OSC Modulator Level	continuous	0	99			18	18		1	needs_exid_sweep	pdf_inventory+direct_id_firmware_sweep	OSC-specific IDs also need ExID 1/2 coverage before OSC1/OSC2 editor writes are considered complete.
program	1	426	OSC-Specific Blocks	VPM OSC Modulator	VPM OSC Modulator Level Mod.EG	enum	0	5		EG1|EG2|EG3|EG4|P.EG|A.EG	19	19		1	needs_exid_sweep	pdf_inventory+direct_id_firmware_sweep	OSC-specific IDs also need ExID 1/2 coverage before OSC1/OSC2 editor writes are considered complete.
program	1	427	OSC-Specific Blocks	VPM OSC Modulator	VPM OSC Modulator Level Mod.EG Int.	bipolar	-99	+99			20	20		1	needs_exid_sweep	pdf_inventory+direct_id_firmware_sweep	OSC-specific IDs also need ExID 1/2 coverage before OSC1/OSC2 editor writes are considered complete.
program	1	428	OSC-Specific Blocks	VPM OSC Modulator	VPM OSC Modulator Level Mod.EG Int.KTrk	bipolar	-99	+99			21	21		1	needs_exid_sweep	pdf_inventory+direct_id_firmware_sweep	OSC-specific IDs also need ExID 1/2 coverage before OSC1/OSC2 editor writes are considered complete.
program	1	429	OSC-Specific Blocks	VPM OSC Modulator	VPM OSC Modulator Level Mod.Source	modsource	0	111			22	22		1	needs_exid_sweep	pdf_inventory+direct_id_firmware_sweep	OSC-specific IDs also need ExID 1/2 coverage before OSC1/OSC2 editor writes are considered complete.
program	1	430	OSC-Specific Blocks	VPM OSC Modulator	VPM OSC Modulator Level Mod.Intensity	bipolar	-99	+99			23	23		1	needs_exid_sweep	pdf_inventory+direct_id_firmware_sweep	OSC-specific IDs also need ExID 1/2 coverage before OSC1/OSC2 editor writes are considered complete.
program	1	431	OSC-Specific Blocks	Mod.OSC	Mod.OSC Modulation Type	enum	0	2		RING|CROSS|SYNC	0	0		1	needs_exid_sweep	pdf_inventory+direct_id_firmware_sweep	OSC-specific IDs also need ExID 1/2 coverage before OSC1/OSC2 editor writes are considered complete.
program	1	432	OSC-Specific Blocks	Mod.OSC	Mod.OSC Input Select	enum	0	2		OSC1|F.B.|Noise	1	1		1	needs_exid_sweep	pdf_inventory+direct_id_firmware_sweep	OSC-specific IDs also need ExID 1/2 coverage before OSC1/OSC2 editor writes are considered complete.
program	1	433	OSC-Specific Blocks	Mod.OSC	Mod.OSC Ring Carrier Select	enum	0	2		SIN|SAW|SQU	2	2		1	needs_exid_sweep	pdf_inventory+direct_id_firmware_sweep	OSC-specific IDs also need ExID 1/2 coverage before OSC1/OSC2 editor writes are considered complete.
program	1	434	OSC-Specific Blocks	Mod.OSC	Mod.OSC Cross Carrier Select	enum	0	2		SIN|SAW|SQU	3	3		1	needs_exid_sweep	pdf_inventory+direct_id_firmware_sweep	OSC-specific IDs also need ExID 1/2 coverage before OSC1/OSC2 editor writes are considered complete.
program	1	435	OSC-Specific Blocks	Mod.OSC	Mod.OSC Cross Modulation Depth	continuous	0	99			4	4		1	needs_exid_sweep	pdf_inventory+direct_id_firmware_sweep	OSC-specific IDs also need ExID 1/2 coverage before OSC1/OSC2 editor writes are considered complete.
program	1	436	OSC-Specific Blocks	Mod.OSC	Mod.OSC Cross Mod.Depth Mod.EG	enum	0	5		EG1|EG2|EG3|EG4|P.EG|A.EG	5	5		1	needs_exid_sweep	pdf_inventory+direct_id_firmware_sweep	OSC-specific IDs also need ExID 1/2 coverage before OSC1/OSC2 editor writes are considered complete.
program	1	437	OSC-Specific Blocks	Mod.OSC	Mod.OSC Cross Mod.Depth Mod.EG Intensity	bipolar	-99	+99			6	6		1	needs_exid_sweep	pdf_inventory+direct_id_firmware_sweep	OSC-specific IDs also need ExID 1/2 coverage before OSC1/OSC2 editor writes are considered complete.
program	1	438	OSC-Specific Blocks	Mod.OSC	Mod.OSC Cross Mod.Depth Mod.Source	modsource	0	111			7	7		1	needs_exid_sweep	pdf_inventory+direct_id_firmware_sweep	OSC-specific IDs also need ExID 1/2 coverage before OSC1/OSC2 editor writes are considered complete.
program	1	439	OSC-Specific Blocks	Mod.OSC	Mod.OSC Cross Mod.Depth Mod.Intensity	bipolar	-99	+99			8	8		1	needs_exid_sweep	pdf_inventory+direct_id_firmware_sweep	OSC-specific IDs also need ExID 1/2 coverage before OSC1/OSC2 editor writes are considered complete.
program	1	440	OSC-Specific Blocks	Mod.OSC	Mod.OSC Sync Slave Wave Select	enum	0	1		SAW|TRI	9	9		1	needs_exid_sweep	pdf_inventory+direct_id_firmware_sweep	OSC-specific IDs also need ExID 1/2 coverage before OSC1/OSC2 editor writes are considered complete.
program	1	441	OSC-Specific Blocks	Mod.OSC	Mod.OSC Sync Modulator Shape	continuous	0	99			10	10		1	needs_exid_sweep	pdf_inventory+direct_id_firmware_sweep	OSC-specific IDs also need ExID 1/2 coverage before OSC1/OSC2 editor writes are considered complete.
program	1	442	OSC-Specific Blocks	Brass OSC	Brass OSC Instrument Type	continuous	0	3			0	0		1	needs_exid_sweep	pdf_inventory+direct_id_firmware_sweep	OSC-specific IDs also need ExID 1/2 coverage before OSC1/OSC2 editor writes are considered complete.
program	1	443	OSC-Specific Blocks	Brass OSC	Brass OSC Smooth Bending Controller	continuous	0	111			1	1		1	needs_exid_sweep	pdf_inventory+direct_id_firmware_sweep	OSC-specific IDs also need ExID 1/2 coverage before OSC1/OSC2 editor writes are considered complete.
program	1	444	OSC-Specific Blocks	Brass OSC	Brass OSC Smooth Bending Intensity	continuous	0	12			2	2		1	verified_transport	pdf_inventory+direct_id_firmware_sweep+manual_range+exid_firmware_sweep+bit_sweep	range from Parameter Guide E2: OSC1-5 smooth bending, chromatic steps; OSC1 ExID storage and packed layout sweep-verified 2026-08-07	0	6
program	1	445	OSC-Specific Blocks	Brass OSC	Brass OSC Smooth Bending Direction	enum	0	2		UP|DOWN|BOTH	2	2		1	verified_transport	pdf_inventory+direct_id_firmware_sweep+manual_range+exid_firmware_sweep+bit_sweep	range from Parameter Guide E2: OSC1-5; OSC1 ExID storage and packed layout sweep-verified 2026-08-07	6	2
program	1	446	OSC-Specific Blocks	Brass OSC	Brass OSC Pressure EG	enum	0	5		EG1|EG2|EG3|EG4|P.EG|A.EG	3	3		1	needs_exid_sweep	pdf_inventory+direct_id_firmware_sweep	OSC-specific IDs also need ExID 1/2 coverage before OSC1/OSC2 editor writes are considered complete.
program	1	447	OSC-Specific Blocks	Brass OSC	Brass OSC Pressure EG Intensity	bipolar	-99	+99			4	4		1	needs_exid_sweep	pdf_inventory+direct_id_firmware_sweep	OSC-specific IDs also need ExID 1/2 coverage before OSC1/OSC2 editor writes are considered complete.
program	1	448	OSC-Specific Blocks	Brass OSC	Brass OSC Pressure EG Int.Mod.Source	modsource	0	111			5	5		1	needs_exid_sweep	pdf_inventory+direct_id_firmware_sweep	OSC-specific IDs also need ExID 1/2 coverage before OSC1/OSC2 editor writes are considered complete.
program	1	449	OSC-Specific Blocks	Brass OSC	Brass OSC Pressure EG Int.Mod.Intensity	bipolar	-99	99			6	6		1	needs_exid_sweep	pdf_inventory+direct_id_firmware_sweep+manual_range	OSC-specific IDs also need ExID 1/2 coverage before OSC1/OSC2 editor writes are considered complete.; range from Parameter Guide E2: OSC1-7 Brass Pressure Mod
program	1	450	OSC-Specific Blocks	Brass OSC	Brass OSC Pressure LFO	enum	0	3		LFO1|LFO2|LFO3|LFO4	7	7		1	needs_exid_sweep	pdf_inventory+direct_id_firmware_sweep	OSC-specific IDs also need ExID 1/2 coverage before OSC1/OSC2 editor writes are considered complete.
program	1	451	OSC-Specific Blocks	Brass OSC	Brass OSC Pressure LFO Intensity	bipolar	-99	+99			8	8		1	needs_exid_sweep	pdf_inventory+direct_id_firmware_sweep	OSC-specific IDs also need ExID 1/2 coverage before OSC1/OSC2 editor writes are considered complete.
program	1	452	OSC-Specific Blocks	Brass OSC	Brass OSC Pressure Mod.Source	modsource	0	111			9	9		1	needs_exid_sweep	pdf_inventory+direct_id_firmware_sweep	OSC-specific IDs also need ExID 1/2 coverage before OSC1/OSC2 editor writes are considered complete.
program	1	453	OSC-Specific Blocks	Brass OSC	Brass OSC Pressure Mod.Intensity	bipolar	-99	+99			10	10		1	needs_exid_sweep	pdf_inventory+direct_id_firmware_sweep	OSC-specific IDs also need ExID 1/2 coverage before OSC1/OSC2 editor writes are considered complete.
program	1	454	OSC-Specific Blocks	Brass OSC	reserved	reserved					11	11		1	needs_exid_sweep	pdf_inventory+direct_id_firmware_sweep	OSC-specific IDs also need ExID 1/2 coverage before OSC1/OSC2 editor writes are considered complete.
program	1	455	OSC-Specific Blocks	Brass OSC	reserved	reserved					12	12		1	needs_exid_sweep	pdf_inventory+direct_id_firmware_sweep	OSC-specific IDs also need ExID 1/2 coverage before OSC1/OSC2 editor writes are considered complete.
program	1	456	OSC-Specific Blocks	Brass OSC	Brass OSC Lip Charactor	continuous	0	99			13	13		1	needs_exid_sweep	pdf_inventory+direct_id_firmware_sweep	OSC-specific IDs also need ExID 1/2 coverage before OSC1/OSC2 editor writes are considered complete.
program	1	457	OSC-Specific Blocks	Brass OSC	Brass OSC Lip Charactor Mod.Source	modsource	0	111			14	14		1	needs_exid_sweep	pdf_inventory+direct_id_firmware_sweep	OSC-specific IDs also need ExID 1/2 coverage before OSC1/OSC2 editor writes are considered complete.
program	1	458	OSC-Specific Blocks	Brass OSC	Brass OSC Lip Charactor Mod.Intensity	bipolar	-99	+99			15	15		1	needs_exid_sweep	pdf_inventory+direct_id_firmware_sweep	OSC-specific IDs also need ExID 1/2 coverage before OSC1/OSC2 editor writes are considered complete.
program	1	459	OSC-Specific Blocks	Brass OSC	reserved	reserved					16	16		1	needs_exid_sweep	pdf_inventory+direct_id_firmware_sweep	OSC-specific IDs also need ExID 1/2 coverage before OSC1/OSC2 editor writes are considered complete.
program	1	460	OSC-Specific Blocks	Brass OSC	reserved	reserved					17	17		1	needs_exid_sweep	pdf_inventory+direct_id_firmware_sweep	OSC-specific IDs also need ExID 1/2 coverage before OSC1/OSC2 editor writes are considered complete.
program	1	461	OSC-Specific Blocks	Brass OSC	Brass OSC Bell Type	enum	0	1		OPEN|MUTE	18	18		1	needs_exid_sweep	pdf_inventory+direct_id_firmware_sweep	OSC-specific IDs also need ExID 1/2 coverage before OSC1/OSC2 editor writes are considered complete.
program	1	462	OSC-Specific Blocks	Brass OSC	Brass OSC Bell Tone	continuous	0	99			19	19		1	needs_exid_sweep	pdf_inventory+direct_id_firmware_sweep	OSC-specific IDs also need ExID 1/2 coverage before OSC1/OSC2 editor writes are considered complete.
program	1	463	OSC-Specific Blocks	Brass OSC	Brass OSC Bell Resonance	continuous	0	99			20	20		1	needs_exid_sweep	pdf_inventory+direct_id_firmware_sweep	OSC-specific IDs also need ExID 1/2 coverage before OSC1/OSC2 editor writes are considered complete.
program	1	464	OSC-Specific Blocks	Brass OSC	Brass OSC Noise Level	continuous	0	99			21	21		1	needs_exid_sweep	pdf_inventory+direct_id_firmware_sweep	OSC-specific IDs also need ExID 1/2 coverage before OSC1/OSC2 editor writes are considered complete.
program	1	465	OSC-Specific Blocks	Brass OSC	reserved	reserved					22	22		1	needs_exid_sweep	pdf_inventory+direct_id_firmware_sweep	OSC-specific IDs also need ExID 1/2 coverage before OSC1/OSC2 editor writes are considered complete.
program	1	466	OSC-Specific Blocks	Brass OSC	reserved	reserved					23	23		1	needs_exid_sweep	pdf_inventory+direct_id_firmware_sweep	OSC-specific IDs also need ExID 1/2 coverage before OSC1/OSC2 editor writes are considered complete.
program	1	467	OSC-Specific Blocks	Brass OSC	reserved	reserved					24	24		1	needs_exid_sweep	pdf_inventory+direct_id_firmware_sweep	OSC-specific IDs also need ExID 1/2 coverage before OSC1/OSC2 editor writes are considered complete.
program	1	468	OSC-Specific Blocks	Brass OSC	reserved	reserved					25	25		1	needs_exid_sweep	pdf_inventory+direct_id_firmware_sweep	OSC-specific IDs also need ExID 1/2 coverage before OSC1/OSC2 editor writes are considered complete.
program	1	469	OSC-Specific Blocks	Brass OSC	reserved	reserved					26	26		1	needs_exid_sweep	pdf_inventory+direct_id_firmware_sweep	OSC-specific IDs also need ExID 1/2 coverage before OSC1/OSC2 editor writes are considered complete.
program	1	470	OSC-Specific Blocks	Brass OSC	reserved	reserved					27	27		1	needs_exid_sweep	pdf_inventory+direct_id_firmware_sweep	OSC-specific IDs also need ExID 1/2 coverage before OSC1/OSC2 editor writes are considered complete.
program	1	471	OSC-Specific Blocks	Brass OSC	reserved	reserved					28	28		1	needs_exid_sweep	pdf_inventory+direct_id_firmware_sweep	OSC-specific IDs also need ExID 1/2 coverage before OSC1/OSC2 editor writes are considered complete.
program	1	472	OSC-Specific Blocks	Brass OSC	reserved	reserved					29	29		1	needs_exid_sweep	pdf_inventory+direct_id_firmware_sweep	OSC-specific IDs also need ExID 1/2 coverage before OSC1/OSC2 editor writes are considered complete.
program	1	473	OSC-Specific Blocks	Brass OSC	reserved	reserved					30	30		1	needs_exid_sweep	pdf_inventory+direct_id_firmware_sweep	OSC-specific IDs also need ExID 1/2 coverage before OSC1/OSC2 editor writes are considered complete.
program	1	474	OSC-Specific Blocks	Brass OSC	reserved	reserved					31	31		1	needs_exid_sweep	pdf_inventory+direct_id_firmware_sweep	OSC-specific IDs also need ExID 1/2 coverage before OSC1/OSC2 editor writes are considered complete.
program	1	475	OSC-Specific Blocks	Brass OSC	reserved	reserved					32	32		1	needs_exid_sweep	pdf_inventory+direct_id_firmware_sweep	OSC-specific IDs also need ExID 1/2 coverage before OSC1/OSC2 editor writes are considered complete.
program	1	476	OSC-Specific Blocks	Brass OSC	reserved	reserved					33	33		1	needs_exid_sweep	pdf_inventory+direct_id_firmware_sweep	OSC-specific IDs also need ExID 1/2 coverage before OSC1/OSC2 editor writes are considered complete.
program	1	477	OSC-Specific Blocks	Reed OSC	Reed OSC Instrument Type	continuous	0	12			0	0		1	needs_exid_sweep	pdf_inventory+direct_id_firmware_sweep	OSC-specific IDs also need ExID 1/2 coverage before OSC1/OSC2 editor writes are considered complete.
program	1	478	OSC-Specific Blocks	Reed OSC	Reed OSC Smooth Bending Controller	continuous	0	111			1	1		1	needs_exid_sweep	pdf_inventory+direct_id_firmware_sweep	OSC-specific IDs also need ExID 1/2 coverage before OSC1/OSC2 editor writes are considered complete.
program	1	479	OSC-Specific Blocks	Reed OSC	Reed OSC Smooth Bending Intensity	continuous	0	12			2	2		1	verified_transport	pdf_inventory+direct_id_firmware_sweep+manual_range+exid_firmware_sweep+bit_sweep	range from Parameter Guide E2: OSC1-5 smooth bending, chromatic steps; OSC1 ExID storage and packed layout sweep-verified 2026-08-07	0	6
program	1	480	OSC-Specific Blocks	Reed OSC	Reed OSC Smooth Bending Direction	enum	0	2		UP|DOWN|BOTH	2	2		1	verified_transport	pdf_inventory+direct_id_firmware_sweep+manual_range+exid_firmware_sweep+bit_sweep	range from Parameter Guide E2: OSC1-5; OSC1 ExID storage and packed layout sweep-verified 2026-08-07	6	2
program	1	481	OSC-Specific Blocks	Reed OSC	Reed OSC Pressure EG	enum	0	5		EG1|EG2|EG3|EG4|P.EG|A.EG	3	3		1	needs_exid_sweep	pdf_inventory+direct_id_firmware_sweep	OSC-specific IDs also need ExID 1/2 coverage before OSC1/OSC2 editor writes are considered complete.
program	1	482	OSC-Specific Blocks	Reed OSC	Reed OSC Pressure EG Intensity	continuous	0	99			4	4		1	needs_exid_sweep	pdf_inventory+direct_id_firmware_sweep	OSC-specific IDs also need ExID 1/2 coverage before OSC1/OSC2 editor writes are considered complete.
program	1	483	OSC-Specific Blocks	Reed OSC	Reed OSC Pressure EG Int.Mod.Source	modsource	0	111			5	5		1	needs_exid_sweep	pdf_inventory+direct_id_firmware_sweep	OSC-specific IDs also need ExID 1/2 coverage before OSC1/OSC2 editor writes are considered complete.
program	1	484	OSC-Specific Blocks	Reed OSC	Reed OSC Pressure EG Int.Mod.Intensity	bipolar	-99	+99			6	6		1	needs_exid_sweep	pdf_inventory+direct_id_firmware_sweep	OSC-specific IDs also need ExID 1/2 coverage before OSC1/OSC2 editor writes are considered complete.
program	1	485	OSC-Specific Blocks	Reed OSC	Reed OSC Pressure LFO	continuous	0	111			7	7		1	needs_exid_sweep	pdf_inventory+direct_id_firmware_sweep	OSC-specific IDs also need ExID 1/2 coverage before OSC1/OSC2 editor writes are considered complete.
program	1	486	OSC-Specific Blocks	Reed OSC	Reed OSC Pressure LFO Intensity	bipolar	-99	+99			8	8		1	needs_exid_sweep	pdf_inventory+direct_id_firmware_sweep	OSC-specific IDs also need ExID 1/2 coverage before OSC1/OSC2 editor writes are considered complete.
program	1	487	OSC-Specific Blocks	Reed OSC	Reed OSC Pressure Mod.Source	modsource	0	111			9	9		1	needs_exid_sweep	pdf_inventory+direct_id_firmware_sweep	OSC-specific IDs also need ExID 1/2 coverage before OSC1/OSC2 editor writes are considered complete.
program	1	488	OSC-Specific Blocks	Reed OSC	Reed OSC Pressure Mod.Intensity	bipolar	-99	+99			10	10		1	needs_exid_sweep	pdf_inventory+direct_id_firmware_sweep	OSC-specific IDs also need ExID 1/2 coverage before OSC1/OSC2 editor writes are considered complete.
program	1	489	OSC-Specific Blocks	Reed OSC	reserved	reserved					11	11		1	needs_exid_sweep	pdf_inventory+direct_id_firmware_sweep	OSC-specific IDs also need ExID 1/2 coverage before OSC1/OSC2 editor writes are considered complete.
program	1	490	OSC-Specific Blocks	Reed OSC	reserved	reserved					12	12		1	needs_exid_sweep	pdf_inventory+direct_id_firmware_sweep	OSC-specific IDs also need ExID 1/2 coverage before OSC1/OSC2 editor writes are considered complete.
program	1	491	OSC-Specific Blocks	Reed OSC	Reed OSC Reed Mod.Source	modsource	0	111			13	13		1	needs_exid_sweep	pdf_inventory+direct_id_firmware_sweep	OSC-specific IDs also need ExID 1/2 coverage before OSC1/OSC2 editor writes are considered complete.
program	1	492	OSC-Specific Blocks	Reed OSC	Reed OSC Reed Mod.Intensity	bipolar	-99	+99			14	14		1	needs_exid_sweep	pdf_inventory+direct_id_firmware_sweep	OSC-specific IDs also need ExID 1/2 coverage before OSC1/OSC2 editor writes are considered complete.
program	1	493	OSC-Specific Blocks	Reed OSC	reserved	reserved					15	15		1	needs_exid_sweep	pdf_inventory+direct_id_firmware_sweep	OSC-specific IDs also need ExID 1/2 coverage before OSC1/OSC2 editor writes are considered complete.
program	1	494	OSC-Specific Blocks	Reed OSC	reserved	reserved					16	16		1	needs_exid_sweep	pdf_inventory+direct_id_firmware_sweep	OSC-specific IDs also need ExID 1/2 coverage before OSC1/OSC2 editor writes are considered complete.
program	1	495	OSC-Specific Blocks	Reed OSC	reserved	reserved					17	17		1	needs_exid_sweep	pdf_inventory+direct_id_firmware_sweep	OSC-specific IDs also need ExID 1/2 coverage before OSC1/OSC2 editor writes are considered complete.
program	1	496	OSC-Specific Blocks	Reed OSC	reserved	reserved					18	18		1	needs_exid_sweep	pdf_inventory+direct_id_firmware_sweep	OSC-specific IDs also need ExID 1/2 coverage before OSC1/OSC2 editor writes are considered complete.
program	1	497	OSC-Specific Blocks	Reed OSC	reserved	reserved					19	19		1	needs_exid_sweep	pdf_inventory+direct_id_firmware_sweep	OSC-specific IDs also need ExID 1/2 coverage before OSC1/OSC2 editor writes are considered complete.
program	1	498	OSC-Specific Blocks	Reed OSC	Reed OSC Noise Level	continuous	0	99			20	20		1	needs_exid_sweep	pdf_inventory+direct_id_firmware_sweep	OSC-specific IDs also need ExID 1/2 coverage before OSC1/OSC2 editor writes are considered complete.
program	1	499	OSC-Specific Blocks	Reed OSC	reserved	reserved					21	21		1	needs_exid_sweep	pdf_inventory+direct_id_firmware_sweep	OSC-specific IDs also need ExID 1/2 coverage before OSC1/OSC2 editor writes are considered complete.
program	1	500	OSC-Specific Blocks	Reed OSC	reserved	reserved					22	22		1	needs_exid_sweep	pdf_inventory+direct_id_firmware_sweep	OSC-specific IDs also need ExID 1/2 coverage before OSC1/OSC2 editor writes are considered complete.
program	1	501	OSC-Specific Blocks	Reed OSC	reserved	reserved					23	23		1	needs_exid_sweep	pdf_inventory+direct_id_firmware_sweep	OSC-specific IDs also need ExID 1/2 coverage before OSC1/OSC2 editor writes are considered complete.
program	1	502	OSC-Specific Blocks	Reed OSC	reserved	reserved					24	24		1	needs_exid_sweep	pdf_inventory+direct_id_firmware_sweep	OSC-specific IDs also need ExID 1/2 coverage before OSC1/OSC2 editor writes are considered complete.
program	1	503	OSC-Specific Blocks	Reed OSC	reserved	reserved					25	25		1	needs_exid_sweep	pdf_inventory+direct_id_firmware_sweep	OSC-specific IDs also need ExID 1/2 coverage before OSC1/OSC2 editor writes are considered complete.
program	1	504	OSC-Specific Blocks	Reed OSC	reserved	reserved					26	26		1	needs_exid_sweep	pdf_inventory+direct_id_firmware_sweep	OSC-specific IDs also need ExID 1/2 coverage before OSC1/OSC2 editor writes are considered complete.
program	1	505	OSC-Specific Blocks	Reed OSC	reserved	reserved					27	27		1	needs_exid_sweep	pdf_inventory+direct_id_firmware_sweep	OSC-specific IDs also need ExID 1/2 coverage before OSC1/OSC2 editor writes are considered complete.
program	1	506	OSC-Specific Blocks	Reed OSC	reserved	reserved					28	28		1	needs_exid_sweep	pdf_inventory+direct_id_firmware_sweep	OSC-specific IDs also need ExID 1/2 coverage before OSC1/OSC2 editor writes are considered complete.
program	1	507	OSC-Specific Blocks	Reed OSC	reserved	reserved					29	29		1	needs_exid_sweep	pdf_inventory+direct_id_firmware_sweep	OSC-specific IDs also need ExID 1/2 coverage before OSC1/OSC2 editor writes are considered complete.
program	1	508	OSC-Specific Blocks	Reed OSC	reserved	reserved					30	30		1	needs_exid_sweep	pdf_inventory+direct_id_firmware_sweep	OSC-specific IDs also need ExID 1/2 coverage before OSC1/OSC2 editor writes are considered complete.
program	1	509	OSC-Specific Blocks	Reed OSC	reserved	reserved					31	31		1	needs_exid_sweep	pdf_inventory+direct_id_firmware_sweep	OSC-specific IDs also need ExID 1/2 coverage before OSC1/OSC2 editor writes are considered complete.
program	1	510	OSC-Specific Blocks	Reed OSC	reserved	reserved					32	32		1	needs_exid_sweep	pdf_inventory+direct_id_firmware_sweep	OSC-specific IDs also need ExID 1/2 coverage before OSC1/OSC2 editor writes are considered complete.
program	1	511	OSC-Specific Blocks	Reed OSC	reserved	reserved					33	33		1	needs_exid_sweep	pdf_inventory+direct_id_firmware_sweep	OSC-specific IDs also need ExID 1/2 coverage before OSC1/OSC2 editor writes are considered complete.
program	1	512	OSC-Specific Blocks	Pluck OSC	Pluck OSC Attack Level	continuous	0	99			0	0		1	needs_exid_sweep	pdf_inventory+direct_id_firmware_sweep	OSC-specific IDs also need ExID 1/2 coverage before OSC1/OSC2 editor writes are considered complete.
program	1	513	OSC-Specific Blocks	Pluck OSC	Pluck OSC Attack Level Velocity Control	bipolar	-99	+99			1	1		1	needs_exid_sweep	pdf_inventory+direct_id_firmware_sweep	OSC-specific IDs also need ExID 1/2 coverage before OSC1/OSC2 editor writes are considered complete.
program	1	514	OSC-Specific Blocks	Pluck OSC	Pluck OSC Attack Noise Level	continuous	0	99			2	2		1	needs_exid_sweep	pdf_inventory+direct_id_firmware_sweep	OSC-specific IDs also need ExID 1/2 coverage before OSC1/OSC2 editor writes are considered complete.
program	1	515	OSC-Specific Blocks	Pluck OSC	Pluck OSC Attack Noise Level Vel.Control	bipolar	-99	+99			3	3		1	needs_exid_sweep	pdf_inventory+direct_id_firmware_sweep	OSC-specific IDs also need ExID 1/2 coverage before OSC1/OSC2 editor writes are considered complete.
program	1	516	OSC-Specific Blocks	Pluck OSC	Pluck OSC Attack Noise Filter Type	enum	0	2		LPF|HPF|BPF	4	4		1	needs_exid_sweep	pdf_inventory+direct_id_firmware_sweep	OSC-specific IDs also need ExID 1/2 coverage before OSC1/OSC2 editor writes are considered complete.
program	1	517	OSC-Specific Blocks	Pluck OSC	Pluck OSC Attack Noise Filter Fc	continuous	0	99			5	5		1	needs_exid_sweep	pdf_inventory+direct_id_firmware_sweep	OSC-specific IDs also need ExID 1/2 coverage before OSC1/OSC2 editor writes are considered complete.
program	1	518	OSC-Specific Blocks	Pluck OSC	Pluck OSC Attack Noise Filter Fc Vel.Ctl.	bipolar	-99	+99			6	6		1	needs_exid_sweep	pdf_inventory+direct_id_firmware_sweep	OSC-specific IDs also need ExID 1/2 coverage before OSC1/OSC2 editor writes are considered complete.
program	1	519	OSC-Specific Blocks	Pluck OSC	Pluck OSC Attack Noise Filter Resonance	continuous	0	99			7	7		1	needs_exid_sweep	pdf_inventory+direct_id_firmware_sweep	OSC-specific IDs also need ExID 1/2 coverage before OSC1/OSC2 editor writes are considered complete.
program	1	520	OSC-Specific Blocks	Pluck OSC	Pluck OSC Attack Curve Up	continuous	0	99			8	8		1	needs_exid_sweep	pdf_inventory+direct_id_firmware_sweep	OSC-specific IDs also need ExID 1/2 coverage before OSC1/OSC2 editor writes are considered complete.
program	1	521	OSC-Specific Blocks	Pluck OSC	Pluck OSC Attack Curve Up Velocity Ctl.	bipolar	-99	+99			9	9		1	needs_exid_sweep	pdf_inventory+direct_id_firmware_sweep	OSC-specific IDs also need ExID 1/2 coverage before OSC1/OSC2 editor writes are considered complete.
program	1	522	OSC-Specific Blocks	Pluck OSC	Pluck OSC Attack Curve Down	continuous	0	99			10	10		1	needs_exid_sweep	pdf_inventory+direct_id_firmware_sweep	OSC-specific IDs also need ExID 1/2 coverage before OSC1/OSC2 editor writes are considered complete.
program	1	523	OSC-Specific Blocks	Pluck OSC	Pluck OSC Attack Curve Down Velocity Ctl.	bipolar	-99	+99			11	11		1	needs_exid_sweep	pdf_inventory+direct_id_firmware_sweep	OSC-specific IDs also need ExID 1/2 coverage before OSC1/OSC2 editor writes are considered complete.
program	1	524	OSC-Specific Blocks	Pluck OSC	Pluck OSC Attack Edge	continuous	0	99			12	12		1	needs_exid_sweep	pdf_inventory+direct_id_firmware_sweep	OSC-specific IDs also need ExID 1/2 coverage before OSC1/OSC2 editor writes are considered complete.
program	1	525	OSC-Specific Blocks	Pluck OSC	Pluck OSC String Position	continuous	0	99			13	13		1	needs_exid_sweep	pdf_inventory+direct_id_firmware_sweep	OSC-specific IDs also need ExID 1/2 coverage before OSC1/OSC2 editor writes are considered complete.
program	1	526	OSC-Specific Blocks	Pluck OSC	Pluck OSC String Position Velocity Ctl.	bipolar	-99	+99			14	14		1	needs_exid_sweep	pdf_inventory+direct_id_firmware_sweep	OSC-specific IDs also need ExID 1/2 coverage before OSC1/OSC2 editor writes are considered complete.
program	1	527	OSC-Specific Blocks	Pluck OSC	Pluck OSC String Position Mod.Source	modsource	0	111			15	15		1	needs_exid_sweep	pdf_inventory+direct_id_firmware_sweep	OSC-specific IDs also need ExID 1/2 coverage before OSC1/OSC2 editor writes are considered complete.
program	1	528	OSC-Specific Blocks	Pluck OSC	Pluck OSC String Position Mod.Intensity	bipolar	-99	+99			16	16		1	needs_exid_sweep	pdf_inventory+direct_id_firmware_sweep	OSC-specific IDs also need ExID 1/2 coverage before OSC1/OSC2 editor writes are considered complete.
program	1	529	OSC-Specific Blocks	Pluck OSC	Pluck OSC String Loss	continuous	0	99			17	17		1	needs_exid_sweep	pdf_inventory+direct_id_firmware_sweep	OSC-specific IDs also need ExID 1/2 coverage before OSC1/OSC2 editor writes are considered complete.
program	1	530	OSC-Specific Blocks	Pluck OSC	Pluck OSC String Loss Keyboard Track	bipolar	-99	+99			18	18		1	needs_exid_sweep	pdf_inventory+direct_id_firmware_sweep	OSC-specific IDs also need ExID 1/2 coverage before OSC1/OSC2 editor writes are considered complete.
program	1	531	OSC-Specific Blocks	Pluck OSC	Pluck OSC String Loss Mod.Source	modsource	0	111			19	19		1	needs_exid_sweep	pdf_inventory+direct_id_firmware_sweep	OSC-specific IDs also need ExID 1/2 coverage before OSC1/OSC2 editor writes are considered complete.
program	1	532	OSC-Specific Blocks	Pluck OSC	Pluck OSC String Loss Mod.Intensity	bipolar	-99	+99			20	20		1	needs_exid_sweep	pdf_inventory+direct_id_firmware_sweep	OSC-specific IDs also need ExID 1/2 coverage before OSC1/OSC2 editor writes are considered complete.
program	1	533	OSC-Specific Blocks	Pluck OSC	Pluck OSC Inharmonicity Amount	continuous	0	99			21	21		1	needs_exid_sweep	pdf_inventory+direct_id_firmware_sweep	OSC-specific IDs also need ExID 1/2 coverage before OSC1/OSC2 editor writes are considered complete.
program	1	534	OSC-Specific Blocks	Pluck OSC	Pluck OSC Inharmonicity Keyboard Track	bipolar	-99	+99			22	22		1	needs_exid_sweep	pdf_inventory+direct_id_firmware_sweep	OSC-specific IDs also need ExID 1/2 coverage before OSC1/OSC2 editor writes are considered complete.
program	1	535	OSC-Specific Blocks	Pluck OSC	Pluck OSC Decay	continuous	0	99			23	23		1	needs_exid_sweep	pdf_inventory+direct_id_firmware_sweep	OSC-specific IDs also need ExID 1/2 coverage before OSC1/OSC2 editor writes are considered complete.
program	1	536	OSC-Specific Blocks	Pluck OSC	Pluck OSC Decay Keyboard Track	bipolar	-99	+99			24	24		1	needs_exid_sweep	pdf_inventory+direct_id_firmware_sweep	OSC-specific IDs also need ExID 1/2 coverage before OSC1/OSC2 editor writes are considered complete.
program	1	537	OSC-Specific Blocks	Pluck OSC	Pluck OSC Release	continuous	0	99			25	25		1	needs_exid_sweep	pdf_inventory+direct_id_firmware_sweep	OSC-specific IDs also need ExID 1/2 coverage before OSC1/OSC2 editor writes are considered complete.
program	1	538	OSC-Specific Blocks	Pluck OSC	Pluck OSC Release Keyboard Track	bipolar	-99	+99			26	26		1	needs_exid_sweep	pdf_inventory+direct_id_firmware_sweep	OSC-specific IDs also need ExID 1/2 coverage before OSC1/OSC2 editor writes are considered complete.
program	1	539	OSC-Specific Blocks	Pluck OSC	reserved	reserved					27	27		1	needs_exid_sweep	pdf_inventory+direct_id_firmware_sweep	OSC-specific IDs also need ExID 1/2 coverage before OSC1/OSC2 editor writes are considered complete.
program	1	540	OSC-Specific Blocks	Pluck OSC	reserved	reserved					28	28		1	needs_exid_sweep	pdf_inventory+direct_id_firmware_sweep	OSC-specific IDs also need ExID 1/2 coverage before OSC1/OSC2 editor writes are considered complete.
program	1	541	OSC-Specific Blocks	Pluck OSC	reserved	reserved					29	29		1	needs_exid_sweep	pdf_inventory+direct_id_firmware_sweep	OSC-specific IDs also need ExID 1/2 coverage before OSC1/OSC2 editor writes are considered complete.
program	1	542	Controller Assignment	Physical Controllers	Wheel1	continuous	0	100			435	435		1	verified_transport	pdf_inventory+firmware_sweep
program	1	543	Controller Assignment	Physical Controllers	Wheel2	continuous	0	100			436	436		1	verified_transport	pdf_inventory+firmware_sweep
program	1	544	Controller Assignment	Physical Controllers	Wheel3(+)	continuous	0	100			437	437		1	verified_transport	pdf_inventory+firmware_sweep
program	1	545	Controller Assignment	Physical Controllers	Wheel3(-)	continuous	0	100			438	438		1	verified_transport	pdf_inventory+firmware_sweep
program	1	546	Controller Assignment	Physical Controllers	Ribbon(X)	continuous	0	100			439	439		1	verified_transport	pdf_inventory+firmware_sweep
program	1	547	Controller Assignment	Physical Controllers	Ribbon(Z)	continuous	0	100			440	440		1	verified_transport	pdf_inventory+firmware_sweep
program	1	548	Controller Assignment	Physical Controllers	Foot Pedal	continuous	0	100			441	441		1	verified_transport	pdf_inventory+firmware_sweep
program	1	549	Controller Assignment	Physical Controllers	Foot SW	continuous	0	11			442	442		1	verified_transport	pdf_inventory+firmware_sweep
program	1	550	Controller Assignment	Physical Controllers	Ribbon(X) Valiable Center Point	enum	0	1		OFF|ON	443	443		1	verified_transport	pdf_inventory+firmware_sweep+manual_range	range from Parameter Guide E2: CMN-7 X Variable 0 Point
program	1	551	Performance Editor	PE1	PE1 Knob1 Parameter	continuous	0	255			444	444		1	verified_transport	pdf_inventory+firmware_sweep
program	1	552	Performance Editor	PE1	PE1 Knob1 Left Value	continuous	0	100	%		445	445		1	verified_transport	pdf_inventory+firmware_sweep
program	1	553	Performance Editor	PE1	PE1 Knob1 Right Value	continuous	0	100	%		446	446		1	verified_transport	pdf_inventory+firmware_sweep
program	1	554	Performance Editor	PE1	PE1 Knob1 Curve	enum	0	2		LINER|EXP|LOG	447	447		1	verified_transport	pdf_inventory+firmware_sweep
program	1	555	Performance Editor	PE1	PE1 Knob2 Parameter	continuous	0	255			448	448		1	verified_transport	pdf_inventory+firmware_sweep
program	1	556	Performance Editor	PE1	PE1 Knob2 Left Value	continuous	0	100	%		449	449		1	verified_transport	pdf_inventory+firmware_sweep
program	1	557	Performance Editor	PE1	PE1 Knob2 Right Value	continuous	0	100	%		450	450		1	verified_transport	pdf_inventory+firmware_sweep
program	1	558	Performance Editor	PE1	PE1 Knob2 Curve	enum	0	2		LINER|EXP|LOG	451	451		1	verified_transport	pdf_inventory+firmware_sweep
program	1	559	Performance Editor	PE1	PE1 Knob3 Parameter	continuous	0	255			452	452		1	verified_transport	pdf_inventory+firmware_sweep
program	1	560	Performance Editor	PE1	PE1 Knob3 Left Value	continuous	0	100	%		453	453		1	verified_transport	pdf_inventory+firmware_sweep
program	1	561	Performance Editor	PE1	PE1 Knob3 Right Value	continuous	0	100	%		454	454		1	verified_transport	pdf_inventory+firmware_sweep
program	1	562	Performance Editor	PE1	PE1 Knob3 Curve	enum	0	2		LINER|EXP|LOG	455	455		1	verified_transport	pdf_inventory+firmware_sweep
program	1	563	Performance Editor	PE1	PE1 Knob4 Parameter	continuous	0	255			456	456		1	verified_transport	pdf_inventory+firmware_sweep
program	1	564	Performance Editor	PE1	PE1 Knob4 Left Value	continuous	0	100	%		457	457		1	verified_transport	pdf_inventory+firmware_sweep
program	1	565	Performance Editor	PE1	PE1 Knob4 Right Value	continuous	0	100	%		458	458		1	verified_transport	pdf_inventory+firmware_sweep
program	1	566	Performance Editor	PE1	PE1 Knob4 Curve	enum	0	2		LINER|EXP|LOG	459	459		1	verified_transport	pdf_inventory+firmware_sweep
program	1	567	Performance Editor	PE1	PE1 Knob5 Parameter	continuous	0	255			460	460		1	verified_transport	pdf_inventory+firmware_sweep
program	1	568	Performance Editor	PE1	PE1 Knob5 Left Value	continuous	0	100	%		461	461		1	verified_transport	pdf_inventory+firmware_sweep
program	1	569	Performance Editor	PE1	PE1 Knob5 Right Value	continuous	0	100	%		462	462		1	verified_transport	pdf_inventory+firmware_sweep
program	1	570	Performance Editor	PE1	PE1 Knob5 Curve	enum	0	2		LINER|EXP|LOG	463	463		1	verified_transport	pdf_inventory+firmware_sweep
program	1	571	Performance Editor	PE2	PE2 Knob1 Parameter	continuous	0	255			464	464		1	verified_transport	pdf_inventory+firmware_sweep
program	1	572	Performance Editor	PE2	PE2 Knob1 Left Value	continuous	0	100	%		465	465		1	verified_transport	pdf_inventory+firmware_sweep
program	1	573	Performance Editor	PE2	PE2 Knob1 Right Value	continuous	0	100	%		466	466		1	verified_transport	pdf_inventory+firmware_sweep
program	1	574	Performance Editor	PE2	PE2 Knob1 Curve	enum	0	2		LINER|EXP|LOG	467	467		1	verified_transport	pdf_inventory+firmware_sweep
program	1	575	Performance Editor	PE2	PE2 Knob2 Parameter	continuous	0	255			468	468		1	verified_transport	pdf_inventory+firmware_sweep
program	1	576	Performance Editor	PE2	PE2 Knob2 Left Value	continuous	0	100	%		469	469		1	verified_transport	pdf_inventory+firmware_sweep
program	1	577	Performance Editor	PE2	PE2 Knob2 Right Value	continuous	0	100	%		470	470		1	verified_transport	pdf_inventory+firmware_sweep
program	1	578	Performance Editor	PE2	PE2 Knob2 Curve	enum	0	2		LINER|EXP|LOG	471	471		1	verified_transport	pdf_inventory+firmware_sweep
program	1	579	Performance Editor	PE2	PE2 Knob3 Parameter	continuous	0	255			472	472		1	verified_transport	pdf_inventory+firmware_sweep
program	1	580	Performance Editor	PE2	PE2 Knob3 Left Value	continuous	0	100	%		473	473		1	verified_transport	pdf_inventory+firmware_sweep
program	1	581	Performance Editor	PE2	PE2 Knob3 Right Value	continuous	0	100	%		474	474		1	verified_transport	pdf_inventory+firmware_sweep
program	1	582	Performance Editor	PE2	PE2 Knob3 Curve	enum	0	2		LINER|EXP|LOG	475	475		1	verified_transport	pdf_inventory+firmware_sweep
program	1	583	Performance Editor	PE2	PE2 Knob4 Parameter	continuous	0	255			476	476		1	verified_transport	pdf_inventory+firmware_sweep
program	1	584	Performance Editor	PE2	PE2 Knob4 Left Value	continuous	0	100	%		477	477		1	verified_transport	pdf_inventory+firmware_sweep
program	1	585	Performance Editor	PE2	PE2 Knob4 Right Value	continuous	0	100	%		478	478		1	verified_transport	pdf_inventory+firmware_sweep
program	1	586	Performance Editor	PE2	PE2 Knob4 Curve	enum	0	2		LINER|EXP|LOG	479	479		1	verified_transport	pdf_inventory+firmware_sweep
program	1	587	Performance Editor	PE2	PE2 Knob5 Parameter	continuous	0	255			480	480		1	verified_transport	pdf_inventory+firmware_sweep
program	1	588	Performance Editor	PE2	PE2 Knob5 Left Value	continuous	0	100	%		481	481		1	verified_transport	pdf_inventory+firmware_sweep
program	1	589	Performance Editor	PE2	PE2 Knob5 Right Value	continuous	0	100	%		482	482		1	verified_transport	pdf_inventory+firmware_sweep
program	1	590	Performance Editor	PE2	PE2 Knob5 Curve	enum	0	2		LINER|EXP|LOG	483	483		1	verified_transport	pdf_inventory+firmware_sweep
program	1	591	Performance Editor	PE3	PE3 Knob1 Parameter	continuous	0	255			484	484		1	verified_transport	pdf_inventory+firmware_sweep
program	1	592	Performance Editor	PE3	PE3 Knob1 Left Value	continuous	0	100	%		485	485		1	verified_transport	pdf_inventory+firmware_sweep
program	1	593	Performance Editor	PE3	PE3 Knob1 Right Value	continuous	0	100	%		486	486		1	verified_transport	pdf_inventory+firmware_sweep
program	1	594	Performance Editor	PE3	PE3 Knob1 Curve	enum	0	2		LINER|EXP|LOG	487	487		1	verified_transport	pdf_inventory+firmware_sweep
program	1	595	Performance Editor	PE3	PE3 Knob2 Parameter	continuous	0	255			488	488		1	verified_transport	pdf_inventory+firmware_sweep
program	1	596	Performance Editor	PE3	PE3 Knob2 Left Value	continuous	0	100	%		489	489		1	verified_transport	pdf_inventory+firmware_sweep
program	1	597	Performance Editor	PE3	PE3 Knob2 Right Value	continuous	0	100	%		490	490		1	verified_transport	pdf_inventory+firmware_sweep
program	1	598	Performance Editor	PE3	PE3 Knob2 Curve	enum	0	2		LINER|EXP|LOG	491	491		1	verified_transport	pdf_inventory+firmware_sweep
program	1	599	Performance Editor	PE3	PE3 Knob3 Parameter	continuous	0	255			492	492		1	verified_transport	pdf_inventory+firmware_sweep
program	1	600	Performance Editor	PE3	PE3 Knob3 Left Value	continuous	0	100	%		493	493		1	verified_transport	pdf_inventory+firmware_sweep
program	1	601	Performance Editor	PE3	PE3 Knob3 Right Value	continuous	0	100	%		494	494		1	verified_transport	pdf_inventory+firmware_sweep
program	1	602	Performance Editor	PE3	PE3 Knob3 Curve	enum	0	2		LINER|EXP|LOG	495	495		1	verified_transport	pdf_inventory+firmware_sweep
program	1	603	Performance Editor	PE3	PE3 Knob4 Parameter	continuous	0	255			496	496		1	verified_transport	pdf_inventory+firmware_sweep
program	1	604	Performance Editor	PE3	PE3 Knob4 Left Value	continuous	0	100	%		497	497		1	verified_transport	pdf_inventory+firmware_sweep
program	1	605	Performance Editor	PE3	PE3 Knob4 Right Value	continuous	0	100	%		498	498		1	verified_transport	pdf_inventory+firmware_sweep
program	1	606	Performance Editor	PE3	PE3 Knob4 Curve	enum	0	2		LINER|EXP|LOG	499	499		1	verified_transport	pdf_inventory+firmware_sweep
program	1	607	Performance Editor	PE3	PE3 Knob5 Parameter	continuous	0	255			500	500		1	verified_transport	pdf_inventory+firmware_sweep
program	1	608	Performance Editor	PE3	PE3 Knob5 Left Value	continuous	0	100	%		501	501		1	verified_transport	pdf_inventory+firmware_sweep
program	1	609	Performance Editor	PE3	PE3 Knob5 Right Value	continuous	0	100	%		502	502		1	verified_transport	pdf_inventory+firmware_sweep
program	1	610	Performance Editor	PE3	PE3 Knob5 Curve	enum	0	2		LINER|EXP|LOG	503	503		1	verified_transport	pdf_inventory+firmware_sweep
program	1	611	Performance Editor	PE4	PE4 Knob1 Parameter	continuous	0	255			504	504		1	verified_transport	pdf_inventory+firmware_sweep
program	1	612	Performance Editor	PE4	PE4 Knob1 Left Value	continuous	0	100	%		505	505		1	verified_transport	pdf_inventory+firmware_sweep
program	1	613	Performance Editor	PE4	PE4 Knob1 Right Value	continuous	0	100	%		506	506		1	verified_transport	pdf_inventory+firmware_sweep
program	1	614	Performance Editor	PE4	PE4 Knob1 Curve	enum	0	2		LINER|EXP|LOG	507	507		1	verified_transport	pdf_inventory+firmware_sweep
program	1	615	Performance Editor	PE4	PE4 Knob2 Parameter	continuous	0	255			508	508		1	verified_transport	pdf_inventory+firmware_sweep
program	1	616	Performance Editor	PE4	PE4 Knob2 Left Value	continuous	0	100	%		509	509		1	verified_transport	pdf_inventory+firmware_sweep
program	1	617	Performance Editor	PE4	PE4 Knob2 Right Value	continuous	0	100	%		510	510		1	verified_transport	pdf_inventory+firmware_sweep
program	1	618	Performance Editor	PE4	PE4 Knob2 Curve	enum	0	2		LINER|EXP|LOG	511	511		1	verified_transport	pdf_inventory+firmware_sweep
program	1	619	Performance Editor	PE4	PE4 Knob3 Parameter	continuous	0	255			512	512		1	verified_transport	pdf_inventory+firmware_sweep
program	1	620	Performance Editor	PE4	PE4 Knob3 Left Value	continuous	0	100	%		513	513		1	verified_transport	pdf_inventory+firmware_sweep
program	1	621	Performance Editor	PE4	PE4 Knob3 Right Value	continuous	0	100	%		514	514		1	verified_transport	pdf_inventory+firmware_sweep
program	1	622	Performance Editor	PE4	PE4 Knob3 Curve	enum	0	2		LINER|EXP|LOG	515	515		1	verified_transport	pdf_inventory+firmware_sweep
program	1	623	Performance Editor	PE4	PE4 Knob4 Parameter	continuous	0	255			516	516		1	verified_transport	pdf_inventory+firmware_sweep
program	1	624	Performance Editor	PE4	PE4 Knob4 Left Value	continuous	0	100	%		517	517		1	verified_transport	pdf_inventory+firmware_sweep
program	1	625	Performance Editor	PE4	PE4 Knob4 Right Value	continuous	0	100	%		518	518		1	verified_transport	pdf_inventory+firmware_sweep
program	1	626	Performance Editor	PE4	PE4 Knob4 Curve	enum	0	2		LINER|EXP|LOG	519	519		1	verified_transport	pdf_inventory+firmware_sweep
program	1	627	Performance Editor	PE4	PE4 Knob5 Parameter	continuous	0	255			520	520		1	verified_transport	pdf_inventory+firmware_sweep
program	1	628	Performance Editor	PE4	PE4 Knob5 Left Value	continuous	0	100	%		521	521		1	verified_transport	pdf_inventory+firmware_sweep
program	1	629	Performance Editor	PE4	PE4 Knob5 Right Value	continuous	0	100	%		522	522		1	verified_transport	pdf_inventory+firmware_sweep
program	1	630	Performance Editor	PE4	PE4 Knob5 Curve	enum	0	2		LINER|EXP|LOG	523	523		1	verified_transport	pdf_inventory+firmware_sweep
program	1	631	Performance Editor	Performance switches and values	PE1 SW	enum	0	1		OFF|ON	524	524		1	verified_transport	pdf_inventory+firmware_sweep+bit_sweep	bit layout sweep-verified 2026-08-04 (console packed-bit sweep)	0	1
program	1	632	Performance Editor	Performance switches and values	PE2 SW	enum	0	1		OFF|ON	524	524		1	verified_transport	pdf_inventory+firmware_sweep+bit_sweep	bit layout sweep-verified 2026-08-04 (console packed-bit sweep)	1	1
program	1	633	Performance Editor	Performance switches and values	PE3 SW	enum	0	1		OFF|ON	524	524		1	verified_transport	pdf_inventory+firmware_sweep+bit_sweep	bit layout sweep-verified 2026-08-04 (console packed-bit sweep)	2	1
program	1	634	Performance Editor	Performance switches and values	PE4 SW	enum	0	1		OFF|ON	524	524		1	verified_transport	pdf_inventory+firmware_sweep+bit_sweep	bit layout sweep-verified 2026-08-04 (console packed-bit sweep)	3	1
program	1	635	Performance Editor	Performance switches and values	PE Nob1 Value	continuous	0	127			525	525	158,176,178,206,318,329,334	5	verified_transport	pdf_inventory+firmware_sweep+bit_sweep	storage offset 525 follows the requested value exactly; prior primary and other observed changed offsets are retained as known A00 PE-assignment side effects
program	1	636	Performance Editor	Performance switches and values	PE Nob2 Value	continuous	0	127			172	172,220,329,345,526	220,329,345,526	5	verified_transport	pdf_inventory+firmware_sweep
program	1	637	Performance Editor	Performance switches and values	PE Nob3 Value	continuous	0	127			527	527	207,303,324,340,403	4	verified_transport	pdf_inventory+firmware_sweep+bit_sweep	storage offset 527 follows the requested value exactly; prior primary and other observed changed offsets are retained as known A00 PE-assignment side effects
program	1	638	Performance Editor	Performance switches and values	PE Nob4 Value	continuous	0	127			528	528	59,60,117,156,224,366,373	5	verified_transport	pdf_inventory+firmware_sweep+bit_sweep	storage offset 528 follows the requested value exactly; prior primary and other observed changed offsets are retained as known A00 PE-assignment side effects
program	1	639	Performance Editor	Performance switches and values	PE Nob5 Value	continuous	0	127			529	529	61,128,139,408,412,414	5	verified_transport	pdf_inventory+firmware_sweep+bit_sweep	storage offset 529 follows the requested value exactly; prior primary and other observed changed offsets are retained as known A00 PE-assignment side effects
program	1	640	Performance Editor	Performance switches and values	Portamento SW	enum	0	1		OFF|ON	530	530		1	verified_transport	pdf_inventory+firmware_sweep
program	1	641	Performance Editor	Performance switches and values	reserved	reserved					531	531		1	reserved_verified_transport	pdf_inventory+firmware_sweep
program	1	642	Performance Editor	Performance switches and values	reserved	reserved					532	532		1	reserved_verified_transport	pdf_inventory+firmware_sweep
program	1	643	Performance Editor	Performance switches and values	reserved	reserved					533	533		1	reserved_verified_transport	pdf_inventory+firmware_sweep
program	1	644	Performance Editor	Performance switches and values	reserved	reserved					534	534		1	reserved_verified_transport	pdf_inventory+firmware_sweep
global	0	1	System Setting	System	Master Tune	unknown					0	0		1	verified_transport	pdf_inventory+firmware_sweep
global	0	2	System Setting	System	Key Transpose	bipolar	-12	+12			1	1		1	verified_transport	pdf_inventory+firmware_sweep
global	0	3	System Setting	System	Velocity Curve	continuous	1	8			2	2		1	verified_transport	pdf_inventory+firmware_sweep
global	0	4	System Setting	System	After Touch Curve	continuous	1	8			3	3		1	verified_transport	pdf_inventory+firmware_sweep
global	0	5	System Setting	System	After Touch Sense	continuous	0	99			4	4		1	verified_transport	pdf_inventory+firmware_sweep
global	0	6	System Setting	System	Ribbon Z Sense	continuous	0	99			5	5		1	verified_transport	pdf_inventory+firmware_sweep
global	0	7	System Setting	System	Foot Pedal Polarity	enum	0	1		+|-	6	6		1	verified_transport	pdf_inventory+firmware_sweep+manual_range	range from Parameter Guide E2: GLB-4
global	0	8	System Setting	System	Foot SW Polarity	enum	0	1		+|-	6	6		1	verified_transport	pdf_inventory+firmware_sweep+manual_range	range from Parameter Guide E2: GLB-4
global	0	9	System Setting	System	Transpose Position	enum	0	1		POST_KBD|PRE_TG	6	6		1	verified_transport	pdf_inventory+firmware_sweep
global	0	10	System Setting	System	Octave Switch Mode	enum	0	1		Latch|Unlatch	6	6		1	verified_transport	pdf_inventory+firmware_sweep
global	0	11	System Setting	System	Page Memory	enum	0	1		OFF|ON	6	6		1	verified_transport	pdf_inventory+firmware_sweep
global	0	12	System Setting	System	10's Hold	enum	0	1		OFF|ON	6	6		1	verified_transport	pdf_inventory+firmware_sweep
global	0	13	System Setting	System	DelayReverb	enum	0	1		ON|BYPASS	6	6		1	verified_transport	pdf_inventory+firmware_sweep
global	0	14	System Setting	User Scale1	User Scale1 C	bipolar	-100	+100	cent		7	7		1	verified_transport	pdf_inventory+firmware_sweep
global	0	15	System Setting	User Scale1	User Scale1 C#	bipolar	-100	+100	cent		8	8		1	verified_transport	pdf_inventory+firmware_sweep
global	0	16	System Setting	User Scale1	User Scale1 D	bipolar	-100	+100	cent		9	9		1	verified_transport	pdf_inventory+firmware_sweep
global	0	17	System Setting	User Scale1	User Scale1 D#	bipolar	-100	+100	cent		10	10		1	verified_transport	pdf_inventory+firmware_sweep
global	0	18	System Setting	User Scale1	User Scale1 E	bipolar	-100	+100	cent		11	11		1	verified_transport	pdf_inventory+firmware_sweep
global	0	19	System Setting	User Scale1	User Scale1 F	bipolar	-100	+100	cent		12	12		1	verified_transport	pdf_inventory+firmware_sweep
global	0	20	System Setting	User Scale1	User Scale1 F#	bipolar	-100	+100	cent		13	13		1	verified_transport	pdf_inventory+firmware_sweep
global	0	21	System Setting	User Scale1	User Scale1 G	bipolar	-100	+100	cent		14	14		1	verified_transport	pdf_inventory+firmware_sweep
global	0	22	System Setting	User Scale1	User Scale1 G#	bipolar	-100	+100	cent		15	15		1	verified_transport	pdf_inventory+firmware_sweep
global	0	23	System Setting	User Scale1	User Scale1 A	bipolar	-100	+100	cent		16	16		1	verified_transport	pdf_inventory+firmware_sweep
global	0	24	System Setting	User Scale1	User Scale1 A#	bipolar	-100	+100	cent		17	17		1	verified_transport	pdf_inventory+firmware_sweep
global	0	25	System Setting	User Scale1	User Scale1 B	bipolar	-100	+100	cent		18	18		1	verified_transport	pdf_inventory+firmware_sweep
global	0	26	System Setting	User Scale2	User Scale2 Key 0	bipolar	-100	+100	cent		19	19		1	verified_transport	pdf_inventory+firmware_sweep
global	0	27	System Setting	User Scale2	User Scale2 Key 1	bipolar	-100	+100	cent		20	20		1	verified_transport	pdf_inventory+firmware_sweep
global	0	28	System Setting	User Scale2	User Scale2 Key 2	bipolar	-100	+100	cent		21	21		1	verified_transport	pdf_inventory+firmware_sweep
global	0	29	System Setting	User Scale2	User Scale2 Key 3	bipolar	-100	+100	cent		22	22		1	verified_transport	pdf_inventory+firmware_sweep
global	0	30	System Setting	User Scale2	User Scale2 Key 4	bipolar	-100	+100	cent		23	23		1	verified_transport	pdf_inventory+firmware_sweep
global	0	31	System Setting	User Scale2	User Scale2 Key 5	bipolar	-100	+100	cent		24	24		1	verified_transport	pdf_inventory+firmware_sweep
global	0	32	System Setting	User Scale2	User Scale2 Key 6	bipolar	-100	+100	cent		25	25		1	verified_transport	pdf_inventory+firmware_sweep
global	0	33	System Setting	User Scale2	User Scale2 Key 7	bipolar	-100	+100	cent		26	26		1	verified_transport	pdf_inventory+firmware_sweep
global	0	34	System Setting	User Scale2	User Scale2 Key 8	bipolar	-100	+100	cent		27	27		1	verified_transport	pdf_inventory+firmware_sweep
global	0	35	System Setting	User Scale2	User Scale2 Key 9	bipolar	-100	+100	cent		28	28		1	verified_transport	pdf_inventory+firmware_sweep
global	0	36	System Setting	User Scale2	User Scale2 Key 10	bipolar	-100	+100	cent		29	29		1	verified_transport	pdf_inventory+firmware_sweep
global	0	37	System Setting	User Scale2	User Scale2 Key 11	bipolar	-100	+100	cent		30	30		1	verified_transport	pdf_inventory+firmware_sweep
global	0	38	System Setting	User Scale2	User Scale2 Key 12	bipolar	-100	+100	cent		31	31		1	verified_transport	pdf_inventory+firmware_sweep
global	0	39	System Setting	User Scale2	User Scale2 Key 13	bipolar	-100	+100	cent		32	32		1	verified_transport	pdf_inventory+firmware_sweep
global	0	40	System Setting	User Scale2	User Scale2 Key 14	bipolar	-100	+100	cent		33	33		1	verified_transport	pdf_inventory+firmware_sweep
global	0	41	System Setting	User Scale2	User Scale2 Key 15	bipolar	-100	+100	cent		34	34		1	verified_transport	pdf_inventory+firmware_sweep
global	0	42	System Setting	User Scale2	User Scale2 Key 16	bipolar	-100	+100	cent		35	35		1	verified_transport	pdf_inventory+firmware_sweep
global	0	43	System Setting	User Scale2	User Scale2 Key 17	bipolar	-100	+100	cent		36	36		1	verified_transport	pdf_inventory+firmware_sweep
global	0	44	System Setting	User Scale2	User Scale2 Key 18	bipolar	-100	+100	cent		37	37		1	verified_transport	pdf_inventory+firmware_sweep
global	0	45	System Setting	User Scale2	User Scale2 Key 19	bipolar	-100	+100	cent		38	38		1	verified_transport	pdf_inventory+firmware_sweep
global	0	46	System Setting	User Scale2	User Scale2 Key 20	bipolar	-100	+100	cent		39	39		1	verified_transport	pdf_inventory+firmware_sweep
global	0	47	System Setting	User Scale2	User Scale2 Key 21	bipolar	-100	+100	cent		40	40		1	verified_transport	pdf_inventory+firmware_sweep
global	0	48	System Setting	User Scale2	User Scale2 Key 22	bipolar	-100	+100	cent		41	41		1	verified_transport	pdf_inventory+firmware_sweep
global	0	49	System Setting	User Scale2	User Scale2 Key 23	bipolar	-100	+100	cent		42	42		1	verified_transport	pdf_inventory+firmware_sweep
global	0	50	System Setting	User Scale2	User Scale2 Key 24	bipolar	-100	+100	cent		43	43		1	verified_transport	pdf_inventory+firmware_sweep
global	0	51	System Setting	User Scale2	User Scale2 Key 25	bipolar	-100	+100	cent		44	44		1	verified_transport	pdf_inventory+firmware_sweep
global	0	52	System Setting	User Scale2	User Scale2 Key 26	bipolar	-100	+100	cent		45	45		1	verified_transport	pdf_inventory+firmware_sweep
global	0	53	System Setting	User Scale2	User Scale2 Key 27	bipolar	-100	+100	cent		46	46		1	verified_transport	pdf_inventory+firmware_sweep
global	0	54	System Setting	User Scale2	User Scale2 Key 28	bipolar	-100	+100	cent		47	47		1	verified_transport	pdf_inventory+firmware_sweep
global	0	55	System Setting	User Scale2	User Scale2 Key 29	bipolar	-100	+100	cent		48	48		1	verified_transport	pdf_inventory+firmware_sweep
global	0	56	System Setting	User Scale2	User Scale2 Key 30	bipolar	-100	+100	cent		49	49		1	verified_transport	pdf_inventory+firmware_sweep
global	0	57	System Setting	User Scale2	User Scale2 Key 31	bipolar	-100	+100	cent		50	50		1	verified_transport	pdf_inventory+firmware_sweep
global	0	58	System Setting	User Scale2	User Scale2 Key 32	bipolar	-100	+100	cent		51	51		1	verified_transport	pdf_inventory+firmware_sweep
global	0	59	System Setting	User Scale2	User Scale2 Key 33	bipolar	-100	+100	cent		52	52		1	verified_transport	pdf_inventory+firmware_sweep
global	0	60	System Setting	User Scale2	User Scale2 Key 34	bipolar	-100	+100	cent		53	53		1	verified_transport	pdf_inventory+firmware_sweep
global	0	61	System Setting	User Scale2	User Scale2 Key 35	bipolar	-100	+100	cent		54	54		1	verified_transport	pdf_inventory+firmware_sweep
global	0	62	System Setting	User Scale2	User Scale2 Key 36	bipolar	-100	+100	cent		55	55		1	verified_transport	pdf_inventory+firmware_sweep
global	0	63	System Setting	User Scale2	User Scale2 Key 37	bipolar	-100	+100	cent		56	56		1	verified_transport	pdf_inventory+firmware_sweep
global	0	64	System Setting	User Scale2	User Scale2 Key 38	bipolar	-100	+100	cent		57	57		1	verified_transport	pdf_inventory+firmware_sweep
global	0	65	System Setting	User Scale2	User Scale2 Key 39	bipolar	-100	+100	cent		58	58		1	verified_transport	pdf_inventory+firmware_sweep
global	0	66	System Setting	User Scale2	User Scale2 Key 40	bipolar	-100	+100	cent		59	59		1	verified_transport	pdf_inventory+firmware_sweep
global	0	67	System Setting	User Scale2	User Scale2 Key 41	bipolar	-100	+100	cent		60	60		1	verified_transport	pdf_inventory+firmware_sweep
global	0	68	System Setting	User Scale2	User Scale2 Key 42	bipolar	-100	+100	cent		61	61		1	verified_transport	pdf_inventory+firmware_sweep
global	0	69	System Setting	User Scale2	User Scale2 Key 43	bipolar	-100	+100	cent		62	62		1	verified_transport	pdf_inventory+firmware_sweep
global	0	70	System Setting	User Scale2	User Scale2 Key 44	bipolar	-100	+100	cent		63	63		1	verified_transport	pdf_inventory+firmware_sweep
global	0	71	System Setting	User Scale2	User Scale2 Key 45	bipolar	-100	+100	cent		64	64		1	verified_transport	pdf_inventory+firmware_sweep
global	0	72	System Setting	User Scale2	User Scale2 Key 46	bipolar	-100	+100	cent		65	65		1	verified_transport	pdf_inventory+firmware_sweep
global	0	73	System Setting	User Scale2	User Scale2 Key 47	bipolar	-100	+100	cent		66	66		1	verified_transport	pdf_inventory+firmware_sweep
global	0	74	System Setting	User Scale2	User Scale2 Key 48	bipolar	-100	+100	cent		67	67		1	verified_transport	pdf_inventory+firmware_sweep
global	0	75	System Setting	User Scale2	User Scale2 Key 49	bipolar	-100	+100	cent		68	68		1	verified_transport	pdf_inventory+firmware_sweep
global	0	76	System Setting	User Scale2	User Scale2 Key 50	bipolar	-100	+100	cent		69	69		1	verified_transport	pdf_inventory+firmware_sweep
global	0	77	System Setting	User Scale2	User Scale2 Key 51	bipolar	-100	+100	cent		70	70		1	verified_transport	pdf_inventory+firmware_sweep
global	0	78	System Setting	User Scale2	User Scale2 Key 52	bipolar	-100	+100	cent		71	71		1	verified_transport	pdf_inventory+firmware_sweep
global	0	79	System Setting	User Scale2	User Scale2 Key 53	bipolar	-100	+100	cent		72	72		1	verified_transport	pdf_inventory+firmware_sweep
global	0	80	System Setting	User Scale2	User Scale2 Key 54	bipolar	-100	+100	cent		73	73		1	verified_transport	pdf_inventory+firmware_sweep
global	0	81	System Setting	User Scale2	User Scale2 Key 55	bipolar	-100	+100	cent		74	74		1	verified_transport	pdf_inventory+firmware_sweep
global	0	82	System Setting	User Scale2	User Scale2 Key 56	bipolar	-100	+100	cent		75	75		1	verified_transport	pdf_inventory+firmware_sweep
global	0	83	System Setting	User Scale2	User Scale2 Key 57	bipolar	-100	+100	cent		76	76		1	verified_transport	pdf_inventory+firmware_sweep
global	0	84	System Setting	User Scale2	User Scale2 Key 58	bipolar	-100	+100	cent		77	77		1	verified_transport	pdf_inventory+firmware_sweep
global	0	85	System Setting	User Scale2	User Scale2 Key 59	bipolar	-100	+100	cent		78	78		1	verified_transport	pdf_inventory+firmware_sweep
global	0	86	System Setting	User Scale2	User Scale2 Key 60	bipolar	-100	+100	cent		79	79		1	verified_transport	pdf_inventory+firmware_sweep
global	0	87	System Setting	User Scale2	User Scale2 Key 61	bipolar	-100	+100	cent		80	80		1	verified_transport	pdf_inventory+firmware_sweep
global	0	88	System Setting	User Scale2	User Scale2 Key 62	bipolar	-100	+100	cent		81	81		1	verified_transport	pdf_inventory+firmware_sweep
global	0	89	System Setting	User Scale2	User Scale2 Key 63	bipolar	-100	+100	cent		82	82		1	verified_transport	pdf_inventory+firmware_sweep
global	0	90	System Setting	User Scale2	User Scale2 Key 64	bipolar	-100	+100	cent		83	83		1	verified_transport	pdf_inventory+firmware_sweep
global	0	91	System Setting	User Scale2	User Scale2 Key 65	bipolar	-100	+100	cent		84	84		1	verified_transport	pdf_inventory+firmware_sweep
global	0	92	System Setting	User Scale2	User Scale2 Key 66	bipolar	-100	+100	cent		85	85		1	verified_transport	pdf_inventory+firmware_sweep
global	0	93	System Setting	User Scale2	User Scale2 Key 67	bipolar	-100	+100	cent		86	86		1	verified_transport	pdf_inventory+firmware_sweep
global	0	94	System Setting	User Scale2	User Scale2 Key 68	bipolar	-100	+100	cent		87	87		1	verified_transport	pdf_inventory+firmware_sweep
global	0	95	System Setting	User Scale2	User Scale2 Key 69	bipolar	-100	+100	cent		88	88		1	verified_transport	pdf_inventory+firmware_sweep
global	0	96	System Setting	User Scale2	User Scale2 Key 70	bipolar	-100	+100	cent		89	89		1	verified_transport	pdf_inventory+firmware_sweep
global	0	97	System Setting	User Scale2	User Scale2 Key 71	bipolar	-100	+100	cent		90	90		1	verified_transport	pdf_inventory+firmware_sweep
global	0	98	System Setting	User Scale2	User Scale2 Key 72	bipolar	-100	+100	cent		91	91		1	verified_transport	pdf_inventory+firmware_sweep
global	0	99	System Setting	User Scale2	User Scale2 Key 73	bipolar	-100	+100	cent		92	92		1	verified_transport	pdf_inventory+firmware_sweep
global	0	100	System Setting	User Scale2	User Scale2 Key 74	bipolar	-100	+100	cent		93	93		1	verified_transport	pdf_inventory+firmware_sweep
global	0	101	System Setting	User Scale2	User Scale2 Key 75	bipolar	-100	+100	cent		94	94		1	verified_transport	pdf_inventory+firmware_sweep
global	0	102	System Setting	User Scale2	User Scale2 Key 76	bipolar	-100	+100	cent		95	95		1	verified_transport	pdf_inventory+firmware_sweep
global	0	103	System Setting	User Scale2	User Scale2 Key 77	bipolar	-100	+100	cent		96	96		1	verified_transport	pdf_inventory+firmware_sweep
global	0	104	System Setting	User Scale2	User Scale2 Key 78	bipolar	-100	+100	cent		97	97		1	verified_transport	pdf_inventory+firmware_sweep
global	0	105	System Setting	User Scale2	User Scale2 Key 79	bipolar	-100	+100	cent		98	98		1	verified_transport	pdf_inventory+firmware_sweep
global	0	106	System Setting	User Scale2	User Scale2 Key 80	bipolar	-100	+100	cent		99	99		1	verified_transport	pdf_inventory+firmware_sweep
global	0	107	System Setting	User Scale2	User Scale2 Key 81	bipolar	-100	+100	cent		100	100		1	verified_transport	pdf_inventory+firmware_sweep
global	0	108	System Setting	User Scale2	User Scale2 Key 82	bipolar	-100	+100	cent		101	101		1	verified_transport	pdf_inventory+firmware_sweep
global	0	109	System Setting	User Scale2	User Scale2 Key 83	bipolar	-100	+100	cent		102	102		1	verified_transport	pdf_inventory+firmware_sweep
global	0	110	System Setting	User Scale2	User Scale2 Key 84	bipolar	-100	+100	cent		103	103		1	verified_transport	pdf_inventory+firmware_sweep
global	0	111	System Setting	User Scale2	User Scale2 Key 85	bipolar	-100	+100	cent		104	104		1	verified_transport	pdf_inventory+firmware_sweep
global	0	112	System Setting	User Scale2	User Scale2 Key 86	bipolar	-100	+100	cent		105	105		1	verified_transport	pdf_inventory+firmware_sweep
global	0	113	System Setting	User Scale2	User Scale2 Key 87	bipolar	-100	+100	cent		106	106		1	verified_transport	pdf_inventory+firmware_sweep
global	0	114	System Setting	User Scale2	User Scale2 Key 88	bipolar	-100	+100	cent		107	107		1	verified_transport	pdf_inventory+firmware_sweep
global	0	115	System Setting	User Scale2	User Scale2 Key 89	bipolar	-100	+100	cent		108	108		1	verified_transport	pdf_inventory+firmware_sweep
global	0	116	System Setting	User Scale2	User Scale2 Key 90	bipolar	-100	+100	cent		109	109		1	verified_transport	pdf_inventory+firmware_sweep
global	0	117	System Setting	User Scale2	User Scale2 Key 91	bipolar	-100	+100	cent		110	110		1	verified_transport	pdf_inventory+firmware_sweep
global	0	118	System Setting	User Scale2	User Scale2 Key 92	bipolar	-100	+100	cent		111	111		1	verified_transport	pdf_inventory+firmware_sweep
global	0	119	System Setting	User Scale2	User Scale2 Key 93	bipolar	-100	+100	cent		112	112		1	verified_transport	pdf_inventory+firmware_sweep
global	0	120	System Setting	User Scale2	User Scale2 Key 94	bipolar	-100	+100	cent		113	113		1	verified_transport	pdf_inventory+firmware_sweep
global	0	121	System Setting	User Scale2	User Scale2 Key 95	bipolar	-100	+100	cent		114	114		1	verified_transport	pdf_inventory+firmware_sweep
global	0	122	System Setting	User Scale2	User Scale2 Key 96	bipolar	-100	+100	cent		115	115		1	verified_transport	pdf_inventory+firmware_sweep
global	0	123	System Setting	User Scale2	User Scale2 Key 97	bipolar	-100	+100	cent		116	116		1	verified_transport	pdf_inventory+firmware_sweep
global	0	124	System Setting	User Scale2	User Scale2 Key 98	bipolar	-100	+100	cent		117	117		1	verified_transport	pdf_inventory+firmware_sweep
global	0	125	System Setting	User Scale2	User Scale2 Key 99	bipolar	-100	+100	cent		118	118		1	verified_transport	pdf_inventory+firmware_sweep
global	0	126	System Setting	User Scale2	User Scale2 Key 100	bipolar	-100	+100	cent		119	119		1	verified_transport	pdf_inventory+firmware_sweep
global	0	127	System Setting	User Scale2	User Scale2 Key 101	bipolar	-100	+100	cent		120	120		1	verified_transport	pdf_inventory+firmware_sweep
global	0	128	System Setting	User Scale2	User Scale2 Key 102	bipolar	-100	+100	cent		121	121		1	verified_transport	pdf_inventory+firmware_sweep
global	0	129	System Setting	User Scale2	User Scale2 Key 103	bipolar	-100	+100	cent		122	122		1	verified_transport	pdf_inventory+firmware_sweep
global	0	130	System Setting	User Scale2	User Scale2 Key 104	bipolar	-100	+100	cent		123	123		1	verified_transport	pdf_inventory+firmware_sweep
global	0	131	System Setting	User Scale2	User Scale2 Key 105	bipolar	-100	+100	cent		124	124		1	verified_transport	pdf_inventory+firmware_sweep
global	0	132	System Setting	User Scale2	User Scale2 Key 106	bipolar	-100	+100	cent		125	125		1	verified_transport	pdf_inventory+firmware_sweep
global	0	133	System Setting	User Scale2	User Scale2 Key 107	bipolar	-100	+100	cent		126	126		1	verified_transport	pdf_inventory+firmware_sweep
global	0	134	System Setting	User Scale2	User Scale2 Key 108	bipolar	-100	+100	cent		127	127		1	verified_transport	pdf_inventory+firmware_sweep
global	0	135	System Setting	User Scale2	User Scale2 Key 109	bipolar	-100	+100	cent		128	128		1	verified_transport	pdf_inventory+firmware_sweep
global	0	136	System Setting	User Scale2	User Scale2 Key 110	bipolar	-100	+100	cent		129	129		1	verified_transport	pdf_inventory+firmware_sweep
global	0	137	System Setting	User Scale2	User Scale2 Key 111	bipolar	-100	+100	cent		130	130		1	verified_transport	pdf_inventory+firmware_sweep
global	0	138	System Setting	User Scale2	User Scale2 Key 112	bipolar	-100	+100	cent		131	131		1	verified_transport	pdf_inventory+firmware_sweep
global	0	139	System Setting	User Scale2	User Scale2 Key 113	bipolar	-100	+100	cent		132	132		1	verified_transport	pdf_inventory+firmware_sweep
global	0	140	System Setting	User Scale2	User Scale2 Key 114	bipolar	-100	+100	cent		133	133		1	verified_transport	pdf_inventory+firmware_sweep
global	0	141	System Setting	User Scale2	User Scale2 Key 115	bipolar	-100	+100	cent		134	134		1	verified_transport	pdf_inventory+firmware_sweep
global	0	142	System Setting	User Scale2	User Scale2 Key 116	bipolar	-100	+100	cent		135	135		1	verified_transport	pdf_inventory+firmware_sweep
global	0	143	System Setting	User Scale2	User Scale2 Key 117	bipolar	-100	+100	cent		136	136		1	verified_transport	pdf_inventory+firmware_sweep
global	0	144	System Setting	User Scale2	User Scale2 Key 118	bipolar	-100	+100	cent		137	137		1	verified_transport	pdf_inventory+firmware_sweep
global	0	145	System Setting	User Scale2	User Scale2 Key 119	bipolar	-100	+100	cent		138	138		1	verified_transport	pdf_inventory+firmware_sweep
global	0	146	System Setting	User Scale2	User Scale2 Key 120	bipolar	-100	+100	cent		139	139		1	verified_transport	pdf_inventory+firmware_sweep
global	0	147	System Setting	User Scale2	User Scale2 Key 121	bipolar	-100	+100	cent		140	140		1	verified_transport	pdf_inventory+firmware_sweep
global	0	148	System Setting	User Scale2	User Scale2 Key 122	bipolar	-100	+100	cent		141	141		1	verified_transport	pdf_inventory+firmware_sweep
global	0	149	System Setting	User Scale2	User Scale2 Key 123	bipolar	-100	+100	cent		142	142		1	verified_transport	pdf_inventory+firmware_sweep
global	0	150	System Setting	User Scale2	User Scale2 Key 124	bipolar	-100	+100	cent		143	143		1	verified_transport	pdf_inventory+firmware_sweep
global	0	151	System Setting	User Scale2	User Scale2 Key 125	bipolar	-100	+100	cent		144	144		1	verified_transport	pdf_inventory+firmware_sweep
global	0	152	System Setting	User Scale2	User Scale2 Key 126	bipolar	-100	+100	cent		145	145		1	verified_transport	pdf_inventory+firmware_sweep
global	0	153	System Setting	User Scale2	User Scale2 Key 127	bipolar	-100	+100	cent		146	146		1	verified_transport	pdf_inventory+firmware_sweep
global	0	154	System Setting	System Name	System Name Char 1	ascii_char	32	127			147	147		1	verified_transport	pdf_inventory+firmware_sweep+manual_range	range from Parameter Guide E2: GLB: system name, same as program name chars
global	0	155	System Setting	System Name	System Name Char 2	ascii_char	32	127			148	148		1	verified_transport	pdf_inventory+firmware_sweep+manual_range	range from Parameter Guide E2: GLB: system name, same as program name chars
global	0	156	System Setting	System Name	System Name Char 3	ascii_char	32	127			149	149		1	verified_transport	pdf_inventory+firmware_sweep+manual_range	range from Parameter Guide E2: GLB: system name, same as program name chars
global	0	157	System Setting	System Name	System Name Char 4	ascii_char	32	127			150	150		1	verified_transport	pdf_inventory+firmware_sweep+manual_range	range from Parameter Guide E2: GLB: system name, same as program name chars
global	0	158	System Setting	System Name	System Name Char 5	ascii_char	32	127			151	151		1	verified_transport	pdf_inventory+firmware_sweep+manual_range	range from Parameter Guide E2: GLB: system name, same as program name chars
global	0	159	System Setting	System Name	System Name Char 6	ascii_char	32	127			152	152		1	verified_transport	pdf_inventory+firmware_sweep+manual_range	range from Parameter Guide E2: GLB: system name, same as program name chars
global	0	160	System Setting	System Name	System Name Char 7	ascii_char	32	127			153	153		1	verified_transport	pdf_inventory+firmware_sweep+manual_range	range from Parameter Guide E2: GLB: system name, same as program name chars
global	0	161	System Setting	System Name	System Name Char 8	ascii_char	32	127			154	154		1	verified_transport	pdf_inventory+firmware_sweep+manual_range	range from Parameter Guide E2: GLB: system name, same as program name chars
global	0	162	System Setting	System Name	System Name Char 9	ascii_char	32	127			155	155		1	verified_transport	pdf_inventory+firmware_sweep+manual_range	range from Parameter Guide E2: GLB: system name, same as program name chars
global	0	163	System Setting	System Name	System Name Char 10	ascii_char	32	127			156	156		1	verified_transport	pdf_inventory+firmware_sweep+manual_range	range from Parameter Guide E2: GLB: system name, same as program name chars
global	0	164	System Setting	System Name	System Name Char 11	ascii_char	32	127			157	157		1	verified_transport	pdf_inventory+firmware_sweep+manual_range	range from Parameter Guide E2: GLB: system name, same as program name chars
global	0	165	System Setting	System Name	System Name Char 12	ascii_char	32	127			158	158		1	verified_transport	pdf_inventory+firmware_sweep+manual_range	range from Parameter Guide E2: GLB: system name, same as program name chars
global	0	166	System Setting	System Name	System Name Char 13	ascii_char	32	127			159	159		1	verified_transport	pdf_inventory+firmware_sweep+manual_range	range from Parameter Guide E2: GLB: system name, same as program name chars
global	0	167	System Setting	System Name	System Name Char 14	ascii_char	32	127			160	160		1	verified_transport	pdf_inventory+firmware_sweep+manual_range	range from Parameter Guide E2: GLB: system name, same as program name chars
global	0	168	System Setting	System Name	System Name Char 15	ascii_char	32	127			161	161		1	verified_transport	pdf_inventory+firmware_sweep+manual_range	range from Parameter Guide E2: GLB: system name, same as program name chars
global	0	169	System Setting	System Name	System Name Char 16	ascii_char	32	127			162	162		1	verified_transport	pdf_inventory+firmware_sweep+manual_range	range from Parameter Guide E2: GLB: system name, same as program name chars
global	0	170	System Setting	Memory Protect	Program Memory Protect	enum	0	1		OFF|ON	163	163		1	verified_transport	pdf_inventory+firmware_sweep
global	0	171	System Setting	Memory Protect	Arpeggio Pattern Memory Protect	enum	0	1		OFF|ON	163	163		1	verified_transport	pdf_inventory+firmware_sweep
global	0	172	Knob Controller Assign	Knob Controller Assign	Knob1 Controller	enum	0	100		OFF|PBend +/-|PBend +|PBend -|ATouch|CC#00|CC#01|CC#02|CC#03|CC#04|CC#05|CC#06|CC#07|CC#08|CC#09|CC#10|CC#11|CC#12|CC#13|CC#14|CC#15|CC#16|CC#17|CC#18|CC#19|CC#20|CC#21|CC#22|CC#23|CC#24|CC#25|CC#26|CC#27|CC#28|CC#29|CC#30|CC#31|CC#32|CC#33|CC#34|CC#35|CC#36|CC#37|CC#38|CC#39|CC#40|CC#41|CC#42|CC#43|CC#44|CC#45|CC#46|CC#47|CC#48|CC#49|CC#50|CC#51|CC#52|CC#53|CC#54|CC#55|CC#56|CC#57|CC#58|CC#59|CC#60|CC#61|CC#62|CC#63|CC#64|CC#65|CC#66|CC#67|CC#68|CC#69|CC#70|CC#71|CC#72|CC#73|CC#74|CC#75|CC#76|CC#77|CC#78|CC#79|CC#80|CC#81|CC#82|CC#83|CC#84|CC#85|CC#86|CC#87|CC#88|CC#89|CC#90|CC#91|CC#92|CC#93|CC#94|CC#95	164	164		1	verified_transport	pdf_inventory+firmware_sweep+manual_range	range from Parameter Guide E2: GLB-5; 0..100 scale confirmed by CMN-7 ribbon range
global	0	173	Knob Controller Assign	Knob Controller Assign	Knob2 Controller	enum	0	100		OFF|PBend +/-|PBend +|PBend -|ATouch|CC#00|CC#01|CC#02|CC#03|CC#04|CC#05|CC#06|CC#07|CC#08|CC#09|CC#10|CC#11|CC#12|CC#13|CC#14|CC#15|CC#16|CC#17|CC#18|CC#19|CC#20|CC#21|CC#22|CC#23|CC#24|CC#25|CC#26|CC#27|CC#28|CC#29|CC#30|CC#31|CC#32|CC#33|CC#34|CC#35|CC#36|CC#37|CC#38|CC#39|CC#40|CC#41|CC#42|CC#43|CC#44|CC#45|CC#46|CC#47|CC#48|CC#49|CC#50|CC#51|CC#52|CC#53|CC#54|CC#55|CC#56|CC#57|CC#58|CC#59|CC#60|CC#61|CC#62|CC#63|CC#64|CC#65|CC#66|CC#67|CC#68|CC#69|CC#70|CC#71|CC#72|CC#73|CC#74|CC#75|CC#76|CC#77|CC#78|CC#79|CC#80|CC#81|CC#82|CC#83|CC#84|CC#85|CC#86|CC#87|CC#88|CC#89|CC#90|CC#91|CC#92|CC#93|CC#94|CC#95	165	165		1	verified_transport	pdf_inventory+firmware_sweep+manual_range	range from Parameter Guide E2: GLB-5; 0..100 scale confirmed by CMN-7 ribbon range
global	0	174	Knob Controller Assign	Knob Controller Assign	Knob3 Controller	enum	0	100		OFF|PBend +/-|PBend +|PBend -|ATouch|CC#00|CC#01|CC#02|CC#03|CC#04|CC#05|CC#06|CC#07|CC#08|CC#09|CC#10|CC#11|CC#12|CC#13|CC#14|CC#15|CC#16|CC#17|CC#18|CC#19|CC#20|CC#21|CC#22|CC#23|CC#24|CC#25|CC#26|CC#27|CC#28|CC#29|CC#30|CC#31|CC#32|CC#33|CC#34|CC#35|CC#36|CC#37|CC#38|CC#39|CC#40|CC#41|CC#42|CC#43|CC#44|CC#45|CC#46|CC#47|CC#48|CC#49|CC#50|CC#51|CC#52|CC#53|CC#54|CC#55|CC#56|CC#57|CC#58|CC#59|CC#60|CC#61|CC#62|CC#63|CC#64|CC#65|CC#66|CC#67|CC#68|CC#69|CC#70|CC#71|CC#72|CC#73|CC#74|CC#75|CC#76|CC#77|CC#78|CC#79|CC#80|CC#81|CC#82|CC#83|CC#84|CC#85|CC#86|CC#87|CC#88|CC#89|CC#90|CC#91|CC#92|CC#93|CC#94|CC#95	166	166		1	verified_transport	pdf_inventory+firmware_sweep+manual_range	range from Parameter Guide E2: GLB-5; 0..100 scale confirmed by CMN-7 ribbon range
global	0	175	Knob Controller Assign	Knob Controller Assign	Knob4 Controller	enum	0	100		OFF|PBend +/-|PBend +|PBend -|ATouch|CC#00|CC#01|CC#02|CC#03|CC#04|CC#05|CC#06|CC#07|CC#08|CC#09|CC#10|CC#11|CC#12|CC#13|CC#14|CC#15|CC#16|CC#17|CC#18|CC#19|CC#20|CC#21|CC#22|CC#23|CC#24|CC#25|CC#26|CC#27|CC#28|CC#29|CC#30|CC#31|CC#32|CC#33|CC#34|CC#35|CC#36|CC#37|CC#38|CC#39|CC#40|CC#41|CC#42|CC#43|CC#44|CC#45|CC#46|CC#47|CC#48|CC#49|CC#50|CC#51|CC#52|CC#53|CC#54|CC#55|CC#56|CC#57|CC#58|CC#59|CC#60|CC#61|CC#62|CC#63|CC#64|CC#65|CC#66|CC#67|CC#68|CC#69|CC#70|CC#71|CC#72|CC#73|CC#74|CC#75|CC#76|CC#77|CC#78|CC#79|CC#80|CC#81|CC#82|CC#83|CC#84|CC#85|CC#86|CC#87|CC#88|CC#89|CC#90|CC#91|CC#92|CC#93|CC#94|CC#95	167	167		1	verified_transport	pdf_inventory+firmware_sweep+manual_range	range from Parameter Guide E2: GLB-5; 0..100 scale confirmed by CMN-7 ribbon range
global	0	176	Knob Controller Assign	Knob Controller Assign	Knob5 Controller	enum	0	100		OFF|PBend +/-|PBend +|PBend -|ATouch|CC#00|CC#01|CC#02|CC#03|CC#04|CC#05|CC#06|CC#07|CC#08|CC#09|CC#10|CC#11|CC#12|CC#13|CC#14|CC#15|CC#16|CC#17|CC#18|CC#19|CC#20|CC#21|CC#22|CC#23|CC#24|CC#25|CC#26|CC#27|CC#28|CC#29|CC#30|CC#31|CC#32|CC#33|CC#34|CC#35|CC#36|CC#37|CC#38|CC#39|CC#40|CC#41|CC#42|CC#43|CC#44|CC#45|CC#46|CC#47|CC#48|CC#49|CC#50|CC#51|CC#52|CC#53|CC#54|CC#55|CC#56|CC#57|CC#58|CC#59|CC#60|CC#61|CC#62|CC#63|CC#64|CC#65|CC#66|CC#67|CC#68|CC#69|CC#70|CC#71|CC#72|CC#73|CC#74|CC#75|CC#76|CC#77|CC#78|CC#79|CC#80|CC#81|CC#82|CC#83|CC#84|CC#85|CC#86|CC#87|CC#88|CC#89|CC#90|CC#91|CC#92|CC#93|CC#94|CC#95	168	168		1	verified_transport	pdf_inventory+firmware_sweep+manual_range	range from Parameter Guide E2: GLB-5; 0..100 scale confirmed by CMN-7 ribbon range
global	0	177	Arpeggiator Controller Assign	Arpeggiator Controller Assign	Velocity Controller	enum	0	98		OFF|PBender|ATouch|CC#00|CC#01|CC#02|CC#03|CC#04|CC#05|CC#06|CC#07|CC#08|CC#09|CC#10|CC#11|CC#12|CC#13|CC#14|CC#15|CC#16|CC#17|CC#18|CC#19|CC#20|CC#21|CC#22|CC#23|CC#24|CC#25|CC#26|CC#27|CC#28|CC#29|CC#30|CC#31|CC#32|CC#33|CC#34|CC#35|CC#36|CC#37|CC#38|CC#39|CC#40|CC#41|CC#42|CC#43|CC#44|CC#45|CC#46|CC#47|CC#48|CC#49|CC#50|CC#51|CC#52|CC#53|CC#54|CC#55|CC#56|CC#57|CC#58|CC#59|CC#60|CC#61|CC#62|CC#63|CC#64|CC#65|CC#66|CC#67|CC#68|CC#69|CC#70|CC#71|CC#72|CC#73|CC#74|CC#75|CC#76|CC#77|CC#78|CC#79|CC#80|CC#81|CC#82|CC#83|CC#84|CC#85|CC#86|CC#87|CC#88|CC#89|CC#90|CC#91|CC#92|CC#93|CC#94|CC#95	169	169		1	verified_transport	pdf_inventory+firmware_sweep+manual_range	range from Parameter Guide E2: GLB-6 arpeggio velocity controller
global	0	178	Arpeggiator Controller Assign	Arpeggiator Controller Assign	Gate Controller	enum	0	98		OFF|PBender|ATouch|CC#00|CC#01|CC#02|CC#03|CC#04|CC#05|CC#06|CC#07|CC#08|CC#09|CC#10|CC#11|CC#12|CC#13|CC#14|CC#15|CC#16|CC#17|CC#18|CC#19|CC#20|CC#21|CC#22|CC#23|CC#24|CC#25|CC#26|CC#27|CC#28|CC#29|CC#30|CC#31|CC#32|CC#33|CC#34|CC#35|CC#36|CC#37|CC#38|CC#39|CC#40|CC#41|CC#42|CC#43|CC#44|CC#45|CC#46|CC#47|CC#48|CC#49|CC#50|CC#51|CC#52|CC#53|CC#54|CC#55|CC#56|CC#57|CC#58|CC#59|CC#60|CC#61|CC#62|CC#63|CC#64|CC#65|CC#66|CC#67|CC#68|CC#69|CC#70|CC#71|CC#72|CC#73|CC#74|CC#75|CC#76|CC#77|CC#78|CC#79|CC#80|CC#81|CC#82|CC#83|CC#84|CC#85|CC#86|CC#87|CC#88|CC#89|CC#90|CC#91|CC#92|CC#93|CC#94|CC#95	170	170		1	verified_transport	pdf_inventory+firmware_sweep+manual_range	range from Parameter Guide E2: GLB-6 arpeggio gate controller
global	0	179	EC5 Setting	EC5 Setting	EC5 Function 1	enum	0	13		Off|Sustain|Prog Up|Prog Down|Oct Up|Oct Down|Portamento|Dist SW|Wah SW|Dly SW|Cho SW|Rev SW|Arpeggio SW|Wh3 Hold	171	171		1	verified_transport	pdf_inventory+firmware_sweep+manual_range	range from Parameter Guide E2: GLB-7 14 functions
global	0	180	EC5 Setting	EC5 Setting	EC5 Function 2	enum	0	13		Off|Sustain|Prog Up|Prog Down|Oct Up|Oct Down|Portamento|Dist SW|Wah SW|Dly SW|Cho SW|Rev SW|Arpeggio SW|Wh3 Hold	172	172		1	verified_transport	pdf_inventory+firmware_sweep+manual_range	range from Parameter Guide E2: GLB-7 14 functions
global	0	181	EC5 Setting	EC5 Setting	EC5 Function 3	enum	0	13		Off|Sustain|Prog Up|Prog Down|Oct Up|Oct Down|Portamento|Dist SW|Wah SW|Dly SW|Cho SW|Rev SW|Arpeggio SW|Wh3 Hold	173	173		1	verified_transport	pdf_inventory+firmware_sweep+manual_range	range from Parameter Guide E2: GLB-7 14 functions
global	0	182	EC5 Setting	EC5 Setting	EC5 Function 4	enum	0	13		Off|Sustain|Prog Up|Prog Down|Oct Up|Oct Down|Portamento|Dist SW|Wah SW|Dly SW|Cho SW|Rev SW|Arpeggio SW|Wh3 Hold	174	174		1	verified_transport	pdf_inventory+firmware_sweep+manual_range	range from Parameter Guide E2: GLB-7 14 functions
global	0	183	EC5 Setting	EC5 Setting	EC5 Function 5	enum	0	13		Off|Sustain|Prog Up|Prog Down|Oct Up|Oct Down|Portamento|Dist SW|Wah SW|Dly SW|Cho SW|Rev SW|Arpeggio SW|Wh3 Hold	175	175		1	verified_transport	pdf_inventory+firmware_sweep+manual_range	range from Parameter Guide E2: GLB-7 14 functions
global	0	184	MIDI Setting	MIDI Setting	Global MIDI Channel	continuous	0	15							not_swept	pdf_inventory	Excluded from broad write/read sweep because changing this can break the remaining MIDI test stream.
global	0	185	MIDI Setting	MIDI Setting	Local Control	enum	0	1		OFF|ON	177	177		1	verified_transport	pdf_inventory+firmware_sweep
global	0	186	MIDI Setting	MIDI Setting	Omni Mode	enum	0	1		OFF|ON	177	177		1	verified_transport	pdf_inventory+firmware_sweep
global	0	187	MIDI Setting	MIDI Setting	Clock Source	enum	0	1		INT|EXT	177	177		1	verified_transport	pdf_inventory+firmware_sweep
global	0	188	MIDI Setting	MIDI Setting	System Exclusive Transmit	enum	0	1		ENABLE|DISABLE					not_swept	pdf_inventory	Excluded from broad write/read sweep because changing this can break the remaining MIDI test stream.
global	0	189	MIDI Setting	MIDI Setting	System Exclusive Receive	enum	0	1		ENABLE|DISABLE					not_swept	pdf_inventory	Excluded from broad write/read sweep because changing this can break the remaining MIDI test stream.
global	0	190	Program Change Operation	Program Change	Program Change Transmit	enum	0	1		OFF|ON	179	179		1	verified_transport	pdf_inventory+firmware_sweep
global	0	191	Program Change Operation	Program Change	Program Change Receive	enum	0	1		OFF|ON	179	179		1	verified_transport	pdf_inventory+firmware_sweep
global	0	192	Program Change Operation	Program Bank Select Map	Bank A MSB	continuous	0	127			181	181		1	verified_transport	pdf_inventory+firmware_sweep+manual_range	range from Parameter Guide E2: GLB-13; manual also shows '---' (disabled), its byte encoding unverified
global	0	193	Program Change Operation	Program Bank Select Map	Bank A LSB	continuous	0	127			180	180		1	verified_transport	pdf_inventory+firmware_sweep+manual_range	range from Parameter Guide E2: GLB-13; manual also shows '---' (disabled), its byte encoding unverified
global	0	194	Program Change Operation	Program Bank Select Map	Bank B MSB	continuous	0	127			183	183		1	verified_transport	pdf_inventory+firmware_sweep+manual_range	range from Parameter Guide E2: GLB-13; manual also shows '---' (disabled), its byte encoding unverified
global	0	195	Program Change Operation	Program Bank Select Map	Bank B LSB	continuous	0	127			182	182		1	verified_transport	pdf_inventory+firmware_sweep+manual_range	range from Parameter Guide E2: GLB-13; manual also shows '---' (disabled), its byte encoding unverified
global	0	196	Program Change Operation	Program Bank Select Map	Bank C MSB	continuous	0	127			185	185		1	verified_transport	pdf_inventory+firmware_sweep+manual_range	range from Parameter Guide E2: GLB-13; manual also shows '---' (disabled), its byte encoding unverified
global	0	197	Program Change Operation	Program Bank Select Map	Bank C LSB	continuous	0	127			184	184		1	verified_transport	pdf_inventory+firmware_sweep+manual_range	range from Parameter Guide E2: GLB-13; manual also shows '---' (disabled), its byte encoding unverified
global	0	198	Program Change Operation	Program Select Map	Program Select Map A00	continuous	0	127			186	186		1	verified_transport	pdf_inventory+firmware_sweep
global	0	199	Program Change Operation	Program Select Map	Program Select Map A01	continuous	0	127			187	187		1	verified_transport	pdf_inventory+firmware_sweep+manual_range	range from Parameter Guide E2: GLB-14 external prog#
global	0	200	Program Change Operation	Program Select Map	Program Select Map A02	continuous	0	127			188	188		1	verified_transport	pdf_inventory+firmware_sweep+manual_range	range from Parameter Guide E2: GLB-14 external prog#
global	0	201	Program Change Operation	Program Select Map	Program Select Map A03	continuous	0	127			189	189		1	verified_transport	pdf_inventory+firmware_sweep+manual_range	range from Parameter Guide E2: GLB-14 external prog#
global	0	202	Program Change Operation	Program Select Map	Program Select Map A04	continuous	0	127			190	190		1	verified_transport	pdf_inventory+firmware_sweep+manual_range	range from Parameter Guide E2: GLB-14 external prog#
global	0	203	Program Change Operation	Program Select Map	Program Select Map A05	continuous	0	127			191	191		1	verified_transport	pdf_inventory+firmware_sweep+manual_range	range from Parameter Guide E2: GLB-14 external prog#
global	0	204	Program Change Operation	Program Select Map	Program Select Map A06	continuous	0	127			192	192		1	verified_transport	pdf_inventory+firmware_sweep+manual_range	range from Parameter Guide E2: GLB-14 external prog#
global	0	205	Program Change Operation	Program Select Map	Program Select Map A07	continuous	0	127			193	193		1	verified_transport	pdf_inventory+firmware_sweep+manual_range	range from Parameter Guide E2: GLB-14 external prog#
global	0	206	Program Change Operation	Program Select Map	Program Select Map A08	continuous	0	127			194	194		1	verified_transport	pdf_inventory+firmware_sweep+manual_range	range from Parameter Guide E2: GLB-14 external prog#
global	0	207	Program Change Operation	Program Select Map	Program Select Map A09	continuous	0	127			195	195		1	verified_transport	pdf_inventory+firmware_sweep+manual_range	range from Parameter Guide E2: GLB-14 external prog#
global	0	208	Program Change Operation	Program Select Map	Program Select Map A10	continuous	0	127			196	196		1	verified_transport	pdf_inventory+firmware_sweep+manual_range	range from Parameter Guide E2: GLB-14 external prog#
global	0	209	Program Change Operation	Program Select Map	Program Select Map A11	continuous	0	127			197	197		1	verified_transport	pdf_inventory+firmware_sweep+manual_range	range from Parameter Guide E2: GLB-14 external prog#
global	0	210	Program Change Operation	Program Select Map	Program Select Map A12	continuous	0	127			198	198		1	verified_transport	pdf_inventory+firmware_sweep+manual_range	range from Parameter Guide E2: GLB-14 external prog#
global	0	211	Program Change Operation	Program Select Map	Program Select Map A13	continuous	0	127			199	199		1	verified_transport	pdf_inventory+firmware_sweep+manual_range	range from Parameter Guide E2: GLB-14 external prog#
global	0	212	Program Change Operation	Program Select Map	Program Select Map A14	continuous	0	127			200	200		1	verified_transport	pdf_inventory+firmware_sweep+manual_range	range from Parameter Guide E2: GLB-14 external prog#
global	0	213	Program Change Operation	Program Select Map	Program Select Map A15	continuous	0	127			201	201		1	verified_transport	pdf_inventory+firmware_sweep+manual_range	range from Parameter Guide E2: GLB-14 external prog#
global	0	214	Program Change Operation	Program Select Map	Program Select Map A16	continuous	0	127			202	202		1	verified_transport	pdf_inventory+firmware_sweep+manual_range	range from Parameter Guide E2: GLB-14 external prog#
global	0	215	Program Change Operation	Program Select Map	Program Select Map A17	continuous	0	127			203	203		1	verified_transport	pdf_inventory+firmware_sweep+manual_range	range from Parameter Guide E2: GLB-14 external prog#
global	0	216	Program Change Operation	Program Select Map	Program Select Map A18	continuous	0	127			204	204		1	verified_transport	pdf_inventory+firmware_sweep+manual_range	range from Parameter Guide E2: GLB-14 external prog#
global	0	217	Program Change Operation	Program Select Map	Program Select Map A19	continuous	0	127			205	205		1	verified_transport	pdf_inventory+firmware_sweep+manual_range	range from Parameter Guide E2: GLB-14 external prog#
global	0	218	Program Change Operation	Program Select Map	Program Select Map A20	continuous	0	127			206	206		1	verified_transport	pdf_inventory+firmware_sweep+manual_range	range from Parameter Guide E2: GLB-14 external prog#
global	0	219	Program Change Operation	Program Select Map	Program Select Map A21	continuous	0	127			207	207		1	verified_transport	pdf_inventory+firmware_sweep+manual_range	range from Parameter Guide E2: GLB-14 external prog#
global	0	220	Program Change Operation	Program Select Map	Program Select Map A22	continuous	0	127			208	208		1	verified_transport	pdf_inventory+firmware_sweep+manual_range	range from Parameter Guide E2: GLB-14 external prog#
global	0	221	Program Change Operation	Program Select Map	Program Select Map A23	continuous	0	127			209	209		1	verified_transport	pdf_inventory+firmware_sweep+manual_range	range from Parameter Guide E2: GLB-14 external prog#
global	0	222	Program Change Operation	Program Select Map	Program Select Map A24	continuous	0	127			210	210		1	verified_transport	pdf_inventory+firmware_sweep+manual_range	range from Parameter Guide E2: GLB-14 external prog#
global	0	223	Program Change Operation	Program Select Map	Program Select Map A25	continuous	0	127			211	211		1	verified_transport	pdf_inventory+firmware_sweep+manual_range	range from Parameter Guide E2: GLB-14 external prog#
global	0	224	Program Change Operation	Program Select Map	Program Select Map A26	continuous	0	127			212	212		1	verified_transport	pdf_inventory+firmware_sweep+manual_range	range from Parameter Guide E2: GLB-14 external prog#
global	0	225	Program Change Operation	Program Select Map	Program Select Map A27	continuous	0	127			213	213		1	verified_transport	pdf_inventory+firmware_sweep+manual_range	range from Parameter Guide E2: GLB-14 external prog#
global	0	226	Program Change Operation	Program Select Map	Program Select Map A28	continuous	0	127			214	214		1	verified_transport	pdf_inventory+firmware_sweep+manual_range	range from Parameter Guide E2: GLB-14 external prog#
global	0	227	Program Change Operation	Program Select Map	Program Select Map A29	continuous	0	127			215	215		1	verified_transport	pdf_inventory+firmware_sweep+manual_range	range from Parameter Guide E2: GLB-14 external prog#
global	0	228	Program Change Operation	Program Select Map	Program Select Map A30	continuous	0	127			216	216		1	verified_transport	pdf_inventory+firmware_sweep+manual_range	range from Parameter Guide E2: GLB-14 external prog#
global	0	229	Program Change Operation	Program Select Map	Program Select Map A31	continuous	0	127			217	217		1	verified_transport	pdf_inventory+firmware_sweep+manual_range	range from Parameter Guide E2: GLB-14 external prog#
global	0	230	Program Change Operation	Program Select Map	Program Select Map A32	continuous	0	127			218	218		1	verified_transport	pdf_inventory+firmware_sweep+manual_range	range from Parameter Guide E2: GLB-14 external prog#
global	0	231	Program Change Operation	Program Select Map	Program Select Map A33	continuous	0	127			219	219		1	verified_transport	pdf_inventory+firmware_sweep+manual_range	range from Parameter Guide E2: GLB-14 external prog#
global	0	232	Program Change Operation	Program Select Map	Program Select Map A34	continuous	0	127			220	220		1	verified_transport	pdf_inventory+firmware_sweep+manual_range	range from Parameter Guide E2: GLB-14 external prog#
global	0	233	Program Change Operation	Program Select Map	Program Select Map A35	continuous	0	127			221	221		1	verified_transport	pdf_inventory+firmware_sweep+manual_range	range from Parameter Guide E2: GLB-14 external prog#
global	0	234	Program Change Operation	Program Select Map	Program Select Map A36	continuous	0	127			222	222		1	verified_transport	pdf_inventory+firmware_sweep+manual_range	range from Parameter Guide E2: GLB-14 external prog#
global	0	235	Program Change Operation	Program Select Map	Program Select Map A37	continuous	0	127			223	223		1	verified_transport	pdf_inventory+firmware_sweep+manual_range	range from Parameter Guide E2: GLB-14 external prog#
global	0	236	Program Change Operation	Program Select Map	Program Select Map A38	continuous	0	127			224	224		1	verified_transport	pdf_inventory+firmware_sweep+manual_range	range from Parameter Guide E2: GLB-14 external prog#
global	0	237	Program Change Operation	Program Select Map	Program Select Map A39	continuous	0	127			225	225		1	verified_transport	pdf_inventory+firmware_sweep+manual_range	range from Parameter Guide E2: GLB-14 external prog#
global	0	238	Program Change Operation	Program Select Map	Program Select Map A40	continuous	0	127			226	226		1	verified_transport	pdf_inventory+firmware_sweep+manual_range	range from Parameter Guide E2: GLB-14 external prog#
global	0	239	Program Change Operation	Program Select Map	Program Select Map A41	continuous	0	127			227	227		1	verified_transport	pdf_inventory+firmware_sweep+manual_range	range from Parameter Guide E2: GLB-14 external prog#
global	0	240	Program Change Operation	Program Select Map	Program Select Map A42	continuous	0	127			228	228		1	verified_transport	pdf_inventory+firmware_sweep+manual_range	range from Parameter Guide E2: GLB-14 external prog#
global	0	241	Program Change Operation	Program Select Map	Program Select Map A43	continuous	0	127			229	229		1	verified_transport	pdf_inventory+firmware_sweep+manual_range	range from Parameter Guide E2: GLB-14 external prog#
global	0	242	Program Change Operation	Program Select Map	Program Select Map A44	continuous	0	127			230	230		1	verified_transport	pdf_inventory+firmware_sweep+manual_range	range from Parameter Guide E2: GLB-14 external prog#
global	0	243	Program Change Operation	Program Select Map	Program Select Map A45	continuous	0	127			231	231		1	verified_transport	pdf_inventory+firmware_sweep+manual_range	range from Parameter Guide E2: GLB-14 external prog#
global	0	244	Program Change Operation	Program Select Map	Program Select Map A46	continuous	0	127			232	232		1	verified_transport	pdf_inventory+firmware_sweep+manual_range	range from Parameter Guide E2: GLB-14 external prog#
global	0	245	Program Change Operation	Program Select Map	Program Select Map A47	continuous	0	127			233	233		1	verified_transport	pdf_inventory+firmware_sweep+manual_range	range from Parameter Guide E2: GLB-14 external prog#
global	0	246	Program Change Operation	Program Select Map	Program Select Map A48	continuous	0	127			234	234		1	verified_transport	pdf_inventory+firmware_sweep+manual_range	range from Parameter Guide E2: GLB-14 external prog#
global	0	247	Program Change Operation	Program Select Map	Program Select Map A49	continuous	0	127			235	235		1	verified_transport	pdf_inventory+firmware_sweep+manual_range	range from Parameter Guide E2: GLB-14 external prog#
global	0	248	Program Change Operation	Program Select Map	Program Select Map A50	continuous	0	127			236	236		1	verified_transport	pdf_inventory+firmware_sweep+manual_range	range from Parameter Guide E2: GLB-14 external prog#
global	0	249	Program Change Operation	Program Select Map	Program Select Map A51	continuous	0	127			237	237		1	verified_transport	pdf_inventory+firmware_sweep+manual_range	range from Parameter Guide E2: GLB-14 external prog#
global	0	250	Program Change Operation	Program Select Map	Program Select Map A52	continuous	0	127			238	238		1	verified_transport	pdf_inventory+firmware_sweep+manual_range	range from Parameter Guide E2: GLB-14 external prog#
global	0	251	Program Change Operation	Program Select Map	Program Select Map A53	continuous	0	127			239	239		1	verified_transport	pdf_inventory+firmware_sweep+manual_range	range from Parameter Guide E2: GLB-14 external prog#
global	0	252	Program Change Operation	Program Select Map	Program Select Map A54	continuous	0	127			240	240		1	verified_transport	pdf_inventory+firmware_sweep+manual_range	range from Parameter Guide E2: GLB-14 external prog#
global	0	253	Program Change Operation	Program Select Map	Program Select Map A55	continuous	0	127			241	241		1	verified_transport	pdf_inventory+firmware_sweep+manual_range	range from Parameter Guide E2: GLB-14 external prog#
global	0	254	Program Change Operation	Program Select Map	Program Select Map A56	continuous	0	127			242	242		1	verified_transport	pdf_inventory+firmware_sweep+manual_range	range from Parameter Guide E2: GLB-14 external prog#
global	0	255	Program Change Operation	Program Select Map	Program Select Map A57	continuous	0	127			243	243		1	verified_transport	pdf_inventory+firmware_sweep+manual_range	range from Parameter Guide E2: GLB-14 external prog#
global	0	256	Program Change Operation	Program Select Map	Program Select Map A58	continuous	0	127			244	244		1	verified_transport	pdf_inventory+firmware_sweep+manual_range	range from Parameter Guide E2: GLB-14 external prog#
global	0	257	Program Change Operation	Program Select Map	Program Select Map A59	continuous	0	127			245	245		1	verified_transport	pdf_inventory+firmware_sweep+manual_range	range from Parameter Guide E2: GLB-14 external prog#
global	0	258	Program Change Operation	Program Select Map	Program Select Map A60	continuous	0	127			246	246		1	verified_transport	pdf_inventory+firmware_sweep+manual_range	range from Parameter Guide E2: GLB-14 external prog#
global	0	259	Program Change Operation	Program Select Map	Program Select Map A61	continuous	0	127			247	247		1	verified_transport	pdf_inventory+firmware_sweep+manual_range	range from Parameter Guide E2: GLB-14 external prog#
global	0	260	Program Change Operation	Program Select Map	Program Select Map A62	continuous	0	127			248	248		1	verified_transport	pdf_inventory+firmware_sweep+manual_range	range from Parameter Guide E2: GLB-14 external prog#
global	0	261	Program Change Operation	Program Select Map	Program Select Map A63	continuous	0	127			249	249		1	verified_transport	pdf_inventory+firmware_sweep
global	0	262	Program Change Operation	Program Select Map	Program Select Map B00	continuous	0	127			250	250		1	verified_transport	pdf_inventory+firmware_sweep
global	0	263	Program Change Operation	Program Select Map	Program Select Map B01	continuous	0	127			251	251		1	verified_transport	pdf_inventory+firmware_sweep+manual_range	range from Parameter Guide E2: GLB-14 external prog#
global	0	264	Program Change Operation	Program Select Map	Program Select Map B02	continuous	0	127			252	252		1	verified_transport	pdf_inventory+firmware_sweep+manual_range	range from Parameter Guide E2: GLB-14 external prog#
global	0	265	Program Change Operation	Program Select Map	Program Select Map B03	continuous	0	127			253	253		1	verified_transport	pdf_inventory+firmware_sweep+manual_range	range from Parameter Guide E2: GLB-14 external prog#
global	0	266	Program Change Operation	Program Select Map	Program Select Map B04	continuous	0	127			254	254		1	verified_transport	pdf_inventory+firmware_sweep+manual_range	range from Parameter Guide E2: GLB-14 external prog#
global	0	267	Program Change Operation	Program Select Map	Program Select Map B05	continuous	0	127			255	255		1	verified_transport	pdf_inventory+firmware_sweep+manual_range	range from Parameter Guide E2: GLB-14 external prog#
global	0	268	Program Change Operation	Program Select Map	Program Select Map B06	continuous	0	127			256	256		1	verified_transport	pdf_inventory+firmware_sweep+manual_range	range from Parameter Guide E2: GLB-14 external prog#
global	0	269	Program Change Operation	Program Select Map	Program Select Map B07	continuous	0	127			257	257		1	verified_transport	pdf_inventory+firmware_sweep+manual_range	range from Parameter Guide E2: GLB-14 external prog#
global	0	270	Program Change Operation	Program Select Map	Program Select Map B08	continuous	0	127			258	258		1	verified_transport	pdf_inventory+firmware_sweep+manual_range	range from Parameter Guide E2: GLB-14 external prog#
global	0	271	Program Change Operation	Program Select Map	Program Select Map B09	continuous	0	127			259	259		1	verified_transport	pdf_inventory+firmware_sweep+manual_range	range from Parameter Guide E2: GLB-14 external prog#
global	0	272	Program Change Operation	Program Select Map	Program Select Map B10	continuous	0	127			260	260		1	verified_transport	pdf_inventory+firmware_sweep+manual_range	range from Parameter Guide E2: GLB-14 external prog#
global	0	273	Program Change Operation	Program Select Map	Program Select Map B11	continuous	0	127			261	261		1	verified_transport	pdf_inventory+firmware_sweep+manual_range	range from Parameter Guide E2: GLB-14 external prog#
global	0	274	Program Change Operation	Program Select Map	Program Select Map B12	continuous	0	127			262	262		1	verified_transport	pdf_inventory+firmware_sweep+manual_range	range from Parameter Guide E2: GLB-14 external prog#
global	0	275	Program Change Operation	Program Select Map	Program Select Map B13	continuous	0	127			263	263		1	verified_transport	pdf_inventory+firmware_sweep+manual_range	range from Parameter Guide E2: GLB-14 external prog#
global	0	276	Program Change Operation	Program Select Map	Program Select Map B14	continuous	0	127			264	264		1	verified_transport	pdf_inventory+firmware_sweep+manual_range	range from Parameter Guide E2: GLB-14 external prog#
global	0	277	Program Change Operation	Program Select Map	Program Select Map B15	continuous	0	127			265	265		1	verified_transport	pdf_inventory+firmware_sweep+manual_range	range from Parameter Guide E2: GLB-14 external prog#
global	0	278	Program Change Operation	Program Select Map	Program Select Map B16	continuous	0	127			266	266		1	verified_transport	pdf_inventory+firmware_sweep+manual_range	range from Parameter Guide E2: GLB-14 external prog#
global	0	279	Program Change Operation	Program Select Map	Program Select Map B17	continuous	0	127			267	267		1	verified_transport	pdf_inventory+firmware_sweep+manual_range	range from Parameter Guide E2: GLB-14 external prog#
global	0	280	Program Change Operation	Program Select Map	Program Select Map B18	continuous	0	127			268	268		1	verified_transport	pdf_inventory+firmware_sweep+manual_range	range from Parameter Guide E2: GLB-14 external prog#
global	0	281	Program Change Operation	Program Select Map	Program Select Map B19	continuous	0	127			269	269		1	verified_transport	pdf_inventory+firmware_sweep+manual_range	range from Parameter Guide E2: GLB-14 external prog#
global	0	282	Program Change Operation	Program Select Map	Program Select Map B20	continuous	0	127			270	270		1	verified_transport	pdf_inventory+firmware_sweep+manual_range	range from Parameter Guide E2: GLB-14 external prog#
global	0	283	Program Change Operation	Program Select Map	Program Select Map B21	continuous	0	127			271	271		1	verified_transport	pdf_inventory+firmware_sweep+manual_range	range from Parameter Guide E2: GLB-14 external prog#
global	0	284	Program Change Operation	Program Select Map	Program Select Map B22	continuous	0	127			272	272		1	verified_transport	pdf_inventory+firmware_sweep+manual_range	range from Parameter Guide E2: GLB-14 external prog#
global	0	285	Program Change Operation	Program Select Map	Program Select Map B23	continuous	0	127			273	273		1	verified_transport	pdf_inventory+firmware_sweep+manual_range	range from Parameter Guide E2: GLB-14 external prog#
global	0	286	Program Change Operation	Program Select Map	Program Select Map B24	continuous	0	127			274	274		1	verified_transport	pdf_inventory+firmware_sweep+manual_range	range from Parameter Guide E2: GLB-14 external prog#
global	0	287	Program Change Operation	Program Select Map	Program Select Map B25	continuous	0	127			275	275		1	verified_transport	pdf_inventory+firmware_sweep+manual_range	range from Parameter Guide E2: GLB-14 external prog#
global	0	288	Program Change Operation	Program Select Map	Program Select Map B26	continuous	0	127			276	276		1	verified_transport	pdf_inventory+firmware_sweep+manual_range	range from Parameter Guide E2: GLB-14 external prog#
global	0	289	Program Change Operation	Program Select Map	Program Select Map B27	continuous	0	127			277	277		1	verified_transport	pdf_inventory+firmware_sweep+manual_range	range from Parameter Guide E2: GLB-14 external prog#
global	0	290	Program Change Operation	Program Select Map	Program Select Map B28	continuous	0	127			278	278		1	verified_transport	pdf_inventory+firmware_sweep+manual_range	range from Parameter Guide E2: GLB-14 external prog#
global	0	291	Program Change Operation	Program Select Map	Program Select Map B29	continuous	0	127			279	279		1	verified_transport	pdf_inventory+firmware_sweep+manual_range	range from Parameter Guide E2: GLB-14 external prog#
global	0	292	Program Change Operation	Program Select Map	Program Select Map B30	continuous	0	127			280	280		1	verified_transport	pdf_inventory+firmware_sweep+manual_range	range from Parameter Guide E2: GLB-14 external prog#
global	0	293	Program Change Operation	Program Select Map	Program Select Map B31	continuous	0	127			281	281		1	verified_transport	pdf_inventory+firmware_sweep+manual_range	range from Parameter Guide E2: GLB-14 external prog#
global	0	294	Program Change Operation	Program Select Map	Program Select Map B32	continuous	0	127			282	282		1	verified_transport	pdf_inventory+firmware_sweep+manual_range	range from Parameter Guide E2: GLB-14 external prog#
global	0	295	Program Change Operation	Program Select Map	Program Select Map B33	continuous	0	127			283	283		1	verified_transport	pdf_inventory+firmware_sweep+manual_range	range from Parameter Guide E2: GLB-14 external prog#
global	0	296	Program Change Operation	Program Select Map	Program Select Map B34	continuous	0	127			284	284		1	verified_transport	pdf_inventory+firmware_sweep+manual_range	range from Parameter Guide E2: GLB-14 external prog#
global	0	297	Program Change Operation	Program Select Map	Program Select Map B35	continuous	0	127			285	285		1	verified_transport	pdf_inventory+firmware_sweep+manual_range	range from Parameter Guide E2: GLB-14 external prog#
global	0	298	Program Change Operation	Program Select Map	Program Select Map B36	continuous	0	127			286	286		1	verified_transport	pdf_inventory+firmware_sweep+manual_range	range from Parameter Guide E2: GLB-14 external prog#
global	0	299	Program Change Operation	Program Select Map	Program Select Map B37	continuous	0	127			287	287		1	verified_transport	pdf_inventory+firmware_sweep+manual_range	range from Parameter Guide E2: GLB-14 external prog#
global	0	300	Program Change Operation	Program Select Map	Program Select Map B38	continuous	0	127			288	288		1	verified_transport	pdf_inventory+firmware_sweep+manual_range	range from Parameter Guide E2: GLB-14 external prog#
global	0	301	Program Change Operation	Program Select Map	Program Select Map B39	continuous	0	127			289	289		1	verified_transport	pdf_inventory+firmware_sweep+manual_range	range from Parameter Guide E2: GLB-14 external prog#
global	0	302	Program Change Operation	Program Select Map	Program Select Map B40	continuous	0	127			290	290		1	verified_transport	pdf_inventory+firmware_sweep+manual_range	range from Parameter Guide E2: GLB-14 external prog#
global	0	303	Program Change Operation	Program Select Map	Program Select Map B41	continuous	0	127			291	291		1	verified_transport	pdf_inventory+firmware_sweep+manual_range	range from Parameter Guide E2: GLB-14 external prog#
global	0	304	Program Change Operation	Program Select Map	Program Select Map B42	continuous	0	127			292	292		1	verified_transport	pdf_inventory+firmware_sweep+manual_range	range from Parameter Guide E2: GLB-14 external prog#
global	0	305	Program Change Operation	Program Select Map	Program Select Map B43	continuous	0	127			293	293		1	verified_transport	pdf_inventory+firmware_sweep+manual_range	range from Parameter Guide E2: GLB-14 external prog#
global	0	306	Program Change Operation	Program Select Map	Program Select Map B44	continuous	0	127			294	294		1	verified_transport	pdf_inventory+firmware_sweep+manual_range	range from Parameter Guide E2: GLB-14 external prog#
global	0	307	Program Change Operation	Program Select Map	Program Select Map B45	continuous	0	127			295	295		1	verified_transport	pdf_inventory+firmware_sweep+manual_range	range from Parameter Guide E2: GLB-14 external prog#
global	0	308	Program Change Operation	Program Select Map	Program Select Map B46	continuous	0	127			296	296		1	verified_transport	pdf_inventory+firmware_sweep+manual_range	range from Parameter Guide E2: GLB-14 external prog#
global	0	309	Program Change Operation	Program Select Map	Program Select Map B47	continuous	0	127			297	297		1	verified_transport	pdf_inventory+firmware_sweep+manual_range	range from Parameter Guide E2: GLB-14 external prog#
global	0	310	Program Change Operation	Program Select Map	Program Select Map B48	continuous	0	127			298	298		1	verified_transport	pdf_inventory+firmware_sweep+manual_range	range from Parameter Guide E2: GLB-14 external prog#
global	0	311	Program Change Operation	Program Select Map	Program Select Map B49	continuous	0	127			299	299		1	verified_transport	pdf_inventory+firmware_sweep+manual_range	range from Parameter Guide E2: GLB-14 external prog#
global	0	312	Program Change Operation	Program Select Map	Program Select Map B50	continuous	0	127			300	300		1	verified_transport	pdf_inventory+firmware_sweep+manual_range	range from Parameter Guide E2: GLB-14 external prog#
global	0	313	Program Change Operation	Program Select Map	Program Select Map B51	continuous	0	127			301	301		1	verified_transport	pdf_inventory+firmware_sweep+manual_range	range from Parameter Guide E2: GLB-14 external prog#
global	0	314	Program Change Operation	Program Select Map	Program Select Map B52	continuous	0	127			302	302		1	verified_transport	pdf_inventory+firmware_sweep+manual_range	range from Parameter Guide E2: GLB-14 external prog#
global	0	315	Program Change Operation	Program Select Map	Program Select Map B53	continuous	0	127			303	303		1	verified_transport	pdf_inventory+firmware_sweep+manual_range	range from Parameter Guide E2: GLB-14 external prog#
global	0	316	Program Change Operation	Program Select Map	Program Select Map B54	continuous	0	127			304	304		1	verified_transport	pdf_inventory+firmware_sweep+manual_range	range from Parameter Guide E2: GLB-14 external prog#
global	0	317	Program Change Operation	Program Select Map	Program Select Map B55	continuous	0	127			305	305		1	verified_transport	pdf_inventory+firmware_sweep+manual_range	range from Parameter Guide E2: GLB-14 external prog#
global	0	318	Program Change Operation	Program Select Map	Program Select Map B56	continuous	0	127			306	306		1	verified_transport	pdf_inventory+firmware_sweep+manual_range	range from Parameter Guide E2: GLB-14 external prog#
global	0	319	Program Change Operation	Program Select Map	Program Select Map B57	continuous	0	127			307	307		1	verified_transport	pdf_inventory+firmware_sweep+manual_range	range from Parameter Guide E2: GLB-14 external prog#
global	0	320	Program Change Operation	Program Select Map	Program Select Map B58	continuous	0	127			308	308		1	verified_transport	pdf_inventory+firmware_sweep+manual_range	range from Parameter Guide E2: GLB-14 external prog#
global	0	321	Program Change Operation	Program Select Map	Program Select Map B59	continuous	0	127			309	309		1	verified_transport	pdf_inventory+firmware_sweep+manual_range	range from Parameter Guide E2: GLB-14 external prog#
global	0	322	Program Change Operation	Program Select Map	Program Select Map B60	continuous	0	127			310	310		1	verified_transport	pdf_inventory+firmware_sweep+manual_range	range from Parameter Guide E2: GLB-14 external prog#
global	0	323	Program Change Operation	Program Select Map	Program Select Map B61	continuous	0	127			311	311		1	verified_transport	pdf_inventory+firmware_sweep+manual_range	range from Parameter Guide E2: GLB-14 external prog#
global	0	324	Program Change Operation	Program Select Map	Program Select Map B62	continuous	0	127			312	312		1	verified_transport	pdf_inventory+firmware_sweep+manual_range	range from Parameter Guide E2: GLB-14 external prog#
global	0	325	Program Change Operation	Program Select Map	Program Select Map B63	continuous	0	127			313	313		1	verified_transport	pdf_inventory+firmware_sweep
global	0	326	Program Change Operation	Program Select Map	Program Select Map C00	continuous	0	127			314	314		1	verified_transport	pdf_inventory+firmware_sweep
global	0	327	Program Change Operation	Program Select Map	Program Select Map C01	continuous	0	127			315	315		1	verified_transport	pdf_inventory+firmware_sweep+manual_range	range from Parameter Guide E2: GLB-14 external prog#
global	0	328	Program Change Operation	Program Select Map	Program Select Map C02	continuous	0	127			316	316		1	verified_transport	pdf_inventory+firmware_sweep+manual_range	range from Parameter Guide E2: GLB-14 external prog#
global	0	329	Program Change Operation	Program Select Map	Program Select Map C03	continuous	0	127			317	317		1	verified_transport	pdf_inventory+firmware_sweep+manual_range	range from Parameter Guide E2: GLB-14 external prog#
global	0	330	Program Change Operation	Program Select Map	Program Select Map C04	continuous	0	127			318	318		1	verified_transport	pdf_inventory+firmware_sweep+manual_range	range from Parameter Guide E2: GLB-14 external prog#
global	0	331	Program Change Operation	Program Select Map	Program Select Map C05	continuous	0	127			319	319		1	verified_transport	pdf_inventory+firmware_sweep+manual_range	range from Parameter Guide E2: GLB-14 external prog#
global	0	332	Program Change Operation	Program Select Map	Program Select Map C06	continuous	0	127			320	320		1	verified_transport	pdf_inventory+firmware_sweep+manual_range	range from Parameter Guide E2: GLB-14 external prog#
global	0	333	Program Change Operation	Program Select Map	Program Select Map C07	continuous	0	127			321	321		1	verified_transport	pdf_inventory+firmware_sweep+manual_range	range from Parameter Guide E2: GLB-14 external prog#
global	0	334	Program Change Operation	Program Select Map	Program Select Map C08	continuous	0	127			322	322		1	verified_transport	pdf_inventory+firmware_sweep+manual_range	range from Parameter Guide E2: GLB-14 external prog#
global	0	335	Program Change Operation	Program Select Map	Program Select Map C09	continuous	0	127			323	323		1	verified_transport	pdf_inventory+firmware_sweep+manual_range	range from Parameter Guide E2: GLB-14 external prog#
global	0	336	Program Change Operation	Program Select Map	Program Select Map C10	continuous	0	127			324	324		1	verified_transport	pdf_inventory+firmware_sweep+manual_range	range from Parameter Guide E2: GLB-14 external prog#
global	0	337	Program Change Operation	Program Select Map	Program Select Map C11	continuous	0	127			325	325		1	verified_transport	pdf_inventory+firmware_sweep+manual_range	range from Parameter Guide E2: GLB-14 external prog#
global	0	338	Program Change Operation	Program Select Map	Program Select Map C12	continuous	0	127			326	326		1	verified_transport	pdf_inventory+firmware_sweep+manual_range	range from Parameter Guide E2: GLB-14 external prog#
global	0	339	Program Change Operation	Program Select Map	Program Select Map C13	continuous	0	127			327	327		1	verified_transport	pdf_inventory+firmware_sweep+manual_range	range from Parameter Guide E2: GLB-14 external prog#
global	0	340	Program Change Operation	Program Select Map	Program Select Map C14	continuous	0	127			328	328		1	verified_transport	pdf_inventory+firmware_sweep+manual_range	range from Parameter Guide E2: GLB-14 external prog#
global	0	341	Program Change Operation	Program Select Map	Program Select Map C15	continuous	0	127			329	329		1	verified_transport	pdf_inventory+firmware_sweep+manual_range	range from Parameter Guide E2: GLB-14 external prog#
global	0	342	Program Change Operation	Program Select Map	Program Select Map C16	continuous	0	127			330	330		1	verified_transport	pdf_inventory+firmware_sweep+manual_range	range from Parameter Guide E2: GLB-14 external prog#
global	0	343	Program Change Operation	Program Select Map	Program Select Map C17	continuous	0	127			331	331		1	verified_transport	pdf_inventory+firmware_sweep+manual_range	range from Parameter Guide E2: GLB-14 external prog#
global	0	344	Program Change Operation	Program Select Map	Program Select Map C18	continuous	0	127			332	332		1	verified_transport	pdf_inventory+firmware_sweep+manual_range	range from Parameter Guide E2: GLB-14 external prog#
global	0	345	Program Change Operation	Program Select Map	Program Select Map C19	continuous	0	127			333	333		1	verified_transport	pdf_inventory+firmware_sweep+manual_range	range from Parameter Guide E2: GLB-14 external prog#
global	0	346	Program Change Operation	Program Select Map	Program Select Map C20	continuous	0	127			334	334		1	verified_transport	pdf_inventory+firmware_sweep+manual_range	range from Parameter Guide E2: GLB-14 external prog#
global	0	347	Program Change Operation	Program Select Map	Program Select Map C21	continuous	0	127			335	335		1	verified_transport	pdf_inventory+firmware_sweep+manual_range	range from Parameter Guide E2: GLB-14 external prog#
global	0	348	Program Change Operation	Program Select Map	Program Select Map C22	continuous	0	127			336	336		1	verified_transport	pdf_inventory+firmware_sweep+manual_range	range from Parameter Guide E2: GLB-14 external prog#
global	0	349	Program Change Operation	Program Select Map	Program Select Map C23	continuous	0	127			337	337		1	verified_transport	pdf_inventory+firmware_sweep+manual_range	range from Parameter Guide E2: GLB-14 external prog#
global	0	350	Program Change Operation	Program Select Map	Program Select Map C24	continuous	0	127			338	338		1	verified_transport	pdf_inventory+firmware_sweep+manual_range	range from Parameter Guide E2: GLB-14 external prog#
global	0	351	Program Change Operation	Program Select Map	Program Select Map C25	continuous	0	127			339	339		1	verified_transport	pdf_inventory+firmware_sweep+manual_range	range from Parameter Guide E2: GLB-14 external prog#
global	0	352	Program Change Operation	Program Select Map	Program Select Map C26	continuous	0	127			340	340		1	verified_transport	pdf_inventory+firmware_sweep+manual_range	range from Parameter Guide E2: GLB-14 external prog#
global	0	353	Program Change Operation	Program Select Map	Program Select Map C27	continuous	0	127			341	341		1	verified_transport	pdf_inventory+firmware_sweep+manual_range	range from Parameter Guide E2: GLB-14 external prog#
global	0	354	Program Change Operation	Program Select Map	Program Select Map C28	continuous	0	127			342	342		1	verified_transport	pdf_inventory+firmware_sweep+manual_range	range from Parameter Guide E2: GLB-14 external prog#
global	0	355	Program Change Operation	Program Select Map	Program Select Map C29	continuous	0	127			343	343		1	verified_transport	pdf_inventory+firmware_sweep+manual_range	range from Parameter Guide E2: GLB-14 external prog#
global	0	356	Program Change Operation	Program Select Map	Program Select Map C30	continuous	0	127			344	344		1	verified_transport	pdf_inventory+firmware_sweep+manual_range	range from Parameter Guide E2: GLB-14 external prog#
global	0	357	Program Change Operation	Program Select Map	Program Select Map C31	continuous	0	127			345	345		1	verified_transport	pdf_inventory+firmware_sweep+manual_range	range from Parameter Guide E2: GLB-14 external prog#
global	0	358	Program Change Operation	Program Select Map	Program Select Map C32	continuous	0	127			346	346		1	verified_transport	pdf_inventory+firmware_sweep+manual_range	range from Parameter Guide E2: GLB-14 external prog#
global	0	359	Program Change Operation	Program Select Map	Program Select Map C33	continuous	0	127			347	347		1	verified_transport	pdf_inventory+firmware_sweep+manual_range	range from Parameter Guide E2: GLB-14 external prog#
global	0	360	Program Change Operation	Program Select Map	Program Select Map C34	continuous	0	127			348	348		1	verified_transport	pdf_inventory+firmware_sweep+manual_range	range from Parameter Guide E2: GLB-14 external prog#
global	0	361	Program Change Operation	Program Select Map	Program Select Map C35	continuous	0	127			349	349		1	verified_transport	pdf_inventory+firmware_sweep+manual_range	range from Parameter Guide E2: GLB-14 external prog#
global	0	362	Program Change Operation	Program Select Map	Program Select Map C36	continuous	0	127			350	350		1	verified_transport	pdf_inventory+firmware_sweep+manual_range	range from Parameter Guide E2: GLB-14 external prog#
global	0	363	Program Change Operation	Program Select Map	Program Select Map C37	continuous	0	127			351	351		1	verified_transport	pdf_inventory+firmware_sweep+manual_range	range from Parameter Guide E2: GLB-14 external prog#
global	0	364	Program Change Operation	Program Select Map	Program Select Map C38	continuous	0	127			352	352		1	verified_transport	pdf_inventory+firmware_sweep+manual_range	range from Parameter Guide E2: GLB-14 external prog#
global	0	365	Program Change Operation	Program Select Map	Program Select Map C39	continuous	0	127			353	353		1	verified_transport	pdf_inventory+firmware_sweep+manual_range	range from Parameter Guide E2: GLB-14 external prog#
global	0	366	Program Change Operation	Program Select Map	Program Select Map C40	continuous	0	127			354	354		1	verified_transport	pdf_inventory+firmware_sweep+manual_range	range from Parameter Guide E2: GLB-14 external prog#
global	0	367	Program Change Operation	Program Select Map	Program Select Map C41	continuous	0	127			355	355		1	verified_transport	pdf_inventory+firmware_sweep+manual_range	range from Parameter Guide E2: GLB-14 external prog#
global	0	368	Program Change Operation	Program Select Map	Program Select Map C42	continuous	0	127			356	356		1	verified_transport	pdf_inventory+firmware_sweep+manual_range	range from Parameter Guide E2: GLB-14 external prog#
global	0	369	Program Change Operation	Program Select Map	Program Select Map C43	continuous	0	127			357	357		1	verified_transport	pdf_inventory+firmware_sweep+manual_range	range from Parameter Guide E2: GLB-14 external prog#
global	0	370	Program Change Operation	Program Select Map	Program Select Map C44	continuous	0	127			358	358		1	verified_transport	pdf_inventory+firmware_sweep+manual_range	range from Parameter Guide E2: GLB-14 external prog#
global	0	371	Program Change Operation	Program Select Map	Program Select Map C45	continuous	0	127			359	359		1	verified_transport	pdf_inventory+firmware_sweep+manual_range	range from Parameter Guide E2: GLB-14 external prog#
global	0	372	Program Change Operation	Program Select Map	Program Select Map C46	continuous	0	127			360	360		1	verified_transport	pdf_inventory+firmware_sweep+manual_range	range from Parameter Guide E2: GLB-14 external prog#
global	0	373	Program Change Operation	Program Select Map	Program Select Map C47	continuous	0	127			361	361		1	verified_transport	pdf_inventory+firmware_sweep+manual_range	range from Parameter Guide E2: GLB-14 external prog#
global	0	374	Program Change Operation	Program Select Map	Program Select Map C48	continuous	0	127			362	362		1	verified_transport	pdf_inventory+firmware_sweep+manual_range	range from Parameter Guide E2: GLB-14 external prog#
global	0	375	Program Change Operation	Program Select Map	Program Select Map C49	continuous	0	127			363	363		1	verified_transport	pdf_inventory+firmware_sweep+manual_range	range from Parameter Guide E2: GLB-14 external prog#
global	0	376	Program Change Operation	Program Select Map	Program Select Map C50	continuous	0	127			364	364		1	verified_transport	pdf_inventory+firmware_sweep+manual_range	range from Parameter Guide E2: GLB-14 external prog#
global	0	377	Program Change Operation	Program Select Map	Program Select Map C51	continuous	0	127			365	365		1	verified_transport	pdf_inventory+firmware_sweep+manual_range	range from Parameter Guide E2: GLB-14 external prog#
global	0	378	Program Change Operation	Program Select Map	Program Select Map C52	continuous	0	127			366	366		1	verified_transport	pdf_inventory+firmware_sweep+manual_range	range from Parameter Guide E2: GLB-14 external prog#
global	0	379	Program Change Operation	Program Select Map	Program Select Map C53	continuous	0	127			367	367		1	verified_transport	pdf_inventory+firmware_sweep+manual_range	range from Parameter Guide E2: GLB-14 external prog#
global	0	380	Program Change Operation	Program Select Map	Program Select Map C54	continuous	0	127			368	368		1	verified_transport	pdf_inventory+firmware_sweep+manual_range	range from Parameter Guide E2: GLB-14 external prog#
global	0	381	Program Change Operation	Program Select Map	Program Select Map C55	continuous	0	127			369	369		1	verified_transport	pdf_inventory+firmware_sweep+manual_range	range from Parameter Guide E2: GLB-14 external prog#
global	0	382	Program Change Operation	Program Select Map	Program Select Map C56	continuous	0	127			370	370		1	verified_transport	pdf_inventory+firmware_sweep+manual_range	range from Parameter Guide E2: GLB-14 external prog#
global	0	383	Program Change Operation	Program Select Map	Program Select Map C57	continuous	0	127			371	371		1	verified_transport	pdf_inventory+firmware_sweep+manual_range	range from Parameter Guide E2: GLB-14 external prog#
global	0	384	Program Change Operation	Program Select Map	Program Select Map C58	continuous	0	127			372	372		1	verified_transport	pdf_inventory+firmware_sweep+manual_range	range from Parameter Guide E2: GLB-14 external prog#
global	0	385	Program Change Operation	Program Select Map	Program Select Map C59	continuous	0	127			373	373		1	verified_transport	pdf_inventory+firmware_sweep+manual_range	range from Parameter Guide E2: GLB-14 external prog#
global	0	386	Program Change Operation	Program Select Map	Program Select Map C60	continuous	0	127			374	374		1	verified_transport	pdf_inventory+firmware_sweep+manual_range	range from Parameter Guide E2: GLB-14 external prog#
global	0	387	Program Change Operation	Program Select Map	Program Select Map C61	continuous	0	127			375	375		1	verified_transport	pdf_inventory+firmware_sweep+manual_range	range from Parameter Guide E2: GLB-14 external prog#
global	0	388	Program Change Operation	Program Select Map	Program Select Map C62	continuous	0	127			376	376		1	verified_transport	pdf_inventory+firmware_sweep+manual_range	range from Parameter Guide E2: GLB-14 external prog#
global	0	389	Program Change Operation	Program Select Map	Program Select Map C63	continuous	0	127			377	377		1	verified_transport	pdf_inventory+firmware_sweep
global	0	390	Pitch Bend Operation	Pitch Bend Operation	Pitch Bend Transmit	enum	0	1		OFF|ON	378	378		1	verified_transport	pdf_inventory+firmware_sweep
global	0	391	Pitch Bend Operation	Pitch Bend Operation	Pitch Bend Receive	enum	0	2		DIS|ENA|INTP	378	378		1	verified_transport	pdf_inventory+firmware_sweep
global	0	392	Pitch Bend Operation	Pitch Bend Operation	Pitch Bend Return	enum	0	1		OFF|ON	378	378		1	verified_transport	pdf_inventory+firmware_sweep
global	0	393	Pitch Bend Operation	Pitch Bend Operation	Pitch Bend Translation	enum	0	97		P.Bend|After Touch|CC#00|CC#01|CC#02|CC#03|CC#04|CC#05|CC#06|CC#07|CC#08|CC#09|CC#10|CC#11|CC#12|CC#13|CC#14|CC#15|CC#16|CC#17|CC#18|CC#19|CC#20|CC#21|CC#22|CC#23|CC#24|CC#25|CC#26|CC#27|CC#28|CC#29|CC#30|CC#31|CC#32|CC#33|CC#34|CC#35|CC#36|CC#37|CC#38|CC#39|CC#40|CC#41|CC#42|CC#43|CC#44|CC#45|CC#46|CC#47|CC#48|CC#49|CC#50|CC#51|CC#52|CC#53|CC#54|CC#55|CC#56|CC#57|CC#58|CC#59|CC#60|CC#61|CC#62|CC#63|CC#64|CC#65|CC#66|CC#67|CC#68|CC#69|CC#70|CC#71|CC#72|CC#73|CC#74|CC#75|CC#76|CC#77|CC#78|CC#79|CC#80|CC#81|CC#82|CC#83|CC#84|CC#85|CC#86|CC#87|CC#88|CC#89|CC#90|CC#91|CC#92|CC#93|CC#94|CC#95	379	379		1	verified_transport	pdf_inventory+firmware_sweep+manual_range	range from Parameter Guide E2: GLB-9
global	0	394	After Touch Operation	After Touch Operation	After Touch Transmit	enum	0	1		OFF|ON	380	380		1	verified_transport	pdf_inventory+firmware_sweep
global	0	395	After Touch Operation	After Touch Operation	After Touch Receive	enum	0	2		DIS|ENA|INTP	380	380		1	verified_transport	pdf_inventory+firmware_sweep
global	0	396	After Touch Operation	After Touch Operation	After Touch Return	enum	0	1		OFF|ON	380	380		1	verified_transport	pdf_inventory+firmware_sweep
global	0	397	After Touch Operation	After Touch Operation	After Touch Translation	enum	0	97		P.Bend|After Touch|CC#00|CC#01|CC#02|CC#03|CC#04|CC#05|CC#06|CC#07|CC#08|CC#09|CC#10|CC#11|CC#12|CC#13|CC#14|CC#15|CC#16|CC#17|CC#18|CC#19|CC#20|CC#21|CC#22|CC#23|CC#24|CC#25|CC#26|CC#27|CC#28|CC#29|CC#30|CC#31|CC#32|CC#33|CC#34|CC#35|CC#36|CC#37|CC#38|CC#39|CC#40|CC#41|CC#42|CC#43|CC#44|CC#45|CC#46|CC#47|CC#48|CC#49|CC#50|CC#51|CC#52|CC#53|CC#54|CC#55|CC#56|CC#57|CC#58|CC#59|CC#60|CC#61|CC#62|CC#63|CC#64|CC#65|CC#66|CC#67|CC#68|CC#69|CC#70|CC#71|CC#72|CC#73|CC#74|CC#75|CC#76|CC#77|CC#78|CC#79|CC#80|CC#81|CC#82|CC#83|CC#84|CC#85|CC#86|CC#87|CC#88|CC#89|CC#90|CC#91|CC#92|CC#93|CC#94|CC#95	381	381		1	verified_transport	pdf_inventory+firmware_sweep+manual_range	range from Parameter Guide E2: GLB-10
global	0	398	Control Change Operation	Control Change #0 Operation	Control Change #0 Transmit	enum	0	1		OFF|ON	382	382		1	verified_transport	pdf_inventory+firmware_sweep
global	0	399	Control Change Operation	Control Change #0 Operation	Control Change #0 Receive	enum	0	2		DIS|ENA|INTP	382	382		1	verified_transport	pdf_inventory+firmware_sweep
global	0	400	Control Change Operation	Control Change #0 Operation	Control Change #0 Return	enum	0	1		OFF|ON	382	382		1	verified_transport	pdf_inventory+firmware_sweep
global	0	401	Control Change Operation	Control Change #0 Operation	Control Change #0 Translation	enum	0	97		P.Bend|After Touch|CC#00|CC#01|CC#02|CC#03|CC#04|CC#05|CC#06|CC#07|CC#08|CC#09|CC#10|CC#11|CC#12|CC#13|CC#14|CC#15|CC#16|CC#17|CC#18|CC#19|CC#20|CC#21|CC#22|CC#23|CC#24|CC#25|CC#26|CC#27|CC#28|CC#29|CC#30|CC#31|CC#32|CC#33|CC#34|CC#35|CC#36|CC#37|CC#38|CC#39|CC#40|CC#41|CC#42|CC#43|CC#44|CC#45|CC#46|CC#47|CC#48|CC#49|CC#50|CC#51|CC#52|CC#53|CC#54|CC#55|CC#56|CC#57|CC#58|CC#59|CC#60|CC#61|CC#62|CC#63|CC#64|CC#65|CC#66|CC#67|CC#68|CC#69|CC#70|CC#71|CC#72|CC#73|CC#74|CC#75|CC#76|CC#77|CC#78|CC#79|CC#80|CC#81|CC#82|CC#83|CC#84|CC#85|CC#86|CC#87|CC#88|CC#89|CC#90|CC#91|CC#92|CC#93|CC#94|CC#95	383	383		1	verified_transport	pdf_inventory+firmware_sweep+manual_range	range from Parameter Guide E2: GLB-11 order as printed
global	0	402	Control Change Operation	Control Change #1 Operation	Control Change #1 Transmit	enum	0	1		OFF|ON	384	384		1	verified_transport	pdf_inventory+firmware_sweep+manual_range	range from Parameter Guide E2: GLB-11
global	0	403	Control Change Operation	Control Change #1 Operation	Control Change #1 Receive	enum	0	2		DSBL|ENBL|INTP	384	384		1	verified_transport	pdf_inventory+firmware_sweep+manual_range	range from Parameter Guide E2: GLB-11
global	0	404	Control Change Operation	Control Change #1 Operation	Control Change #1 Return	enum	0	1		OFF|ON	384	384		1	verified_transport	pdf_inventory+firmware_sweep+manual_range	range from Parameter Guide E2: GLB-11
global	0	405	Control Change Operation	Control Change #1 Operation	Control Change #1 Translation	enum	0	97		P.Bend|After Touch|CC#00|CC#01|CC#02|CC#03|CC#04|CC#05|CC#06|CC#07|CC#08|CC#09|CC#10|CC#11|CC#12|CC#13|CC#14|CC#15|CC#16|CC#17|CC#18|CC#19|CC#20|CC#21|CC#22|CC#23|CC#24|CC#25|CC#26|CC#27|CC#28|CC#29|CC#30|CC#31|CC#32|CC#33|CC#34|CC#35|CC#36|CC#37|CC#38|CC#39|CC#40|CC#41|CC#42|CC#43|CC#44|CC#45|CC#46|CC#47|CC#48|CC#49|CC#50|CC#51|CC#52|CC#53|CC#54|CC#55|CC#56|CC#57|CC#58|CC#59|CC#60|CC#61|CC#62|CC#63|CC#64|CC#65|CC#66|CC#67|CC#68|CC#69|CC#70|CC#71|CC#72|CC#73|CC#74|CC#75|CC#76|CC#77|CC#78|CC#79|CC#80|CC#81|CC#82|CC#83|CC#84|CC#85|CC#86|CC#87|CC#88|CC#89|CC#90|CC#91|CC#92|CC#93|CC#94|CC#95	385	385		1	verified_transport	pdf_inventory+firmware_sweep+manual_range	range from Parameter Guide E2: GLB-11 order as printed
global	0	406	Control Change Operation	Control Change #2 Operation	Control Change #2 Transmit	enum	0	1		OFF|ON	386	386		1	verified_transport	pdf_inventory+firmware_sweep+manual_range	range from Parameter Guide E2: GLB-11
global	0	407	Control Change Operation	Control Change #2 Operation	Control Change #2 Receive	enum	0	2		DSBL|ENBL|INTP	386	386		1	verified_transport	pdf_inventory+firmware_sweep+manual_range	range from Parameter Guide E2: GLB-11
global	0	408	Control Change Operation	Control Change #2 Operation	Control Change #2 Return	enum	0	1		OFF|ON	386	386		1	verified_transport	pdf_inventory+firmware_sweep+manual_range	range from Parameter Guide E2: GLB-11
global	0	409	Control Change Operation	Control Change #2 Operation	Control Change #2 Translation	enum	0	97		P.Bend|After Touch|CC#00|CC#01|CC#02|CC#03|CC#04|CC#05|CC#06|CC#07|CC#08|CC#09|CC#10|CC#11|CC#12|CC#13|CC#14|CC#15|CC#16|CC#17|CC#18|CC#19|CC#20|CC#21|CC#22|CC#23|CC#24|CC#25|CC#26|CC#27|CC#28|CC#29|CC#30|CC#31|CC#32|CC#33|CC#34|CC#35|CC#36|CC#37|CC#38|CC#39|CC#40|CC#41|CC#42|CC#43|CC#44|CC#45|CC#46|CC#47|CC#48|CC#49|CC#50|CC#51|CC#52|CC#53|CC#54|CC#55|CC#56|CC#57|CC#58|CC#59|CC#60|CC#61|CC#62|CC#63|CC#64|CC#65|CC#66|CC#67|CC#68|CC#69|CC#70|CC#71|CC#72|CC#73|CC#74|CC#75|CC#76|CC#77|CC#78|CC#79|CC#80|CC#81|CC#82|CC#83|CC#84|CC#85|CC#86|CC#87|CC#88|CC#89|CC#90|CC#91|CC#92|CC#93|CC#94|CC#95	387	387		1	verified_transport	pdf_inventory+firmware_sweep+manual_range	range from Parameter Guide E2: GLB-11 order as printed
global	0	410	Control Change Operation	Control Change #3 Operation	Control Change #3 Transmit	enum	0	1		OFF|ON	388	388		1	verified_transport	pdf_inventory+firmware_sweep+manual_range	range from Parameter Guide E2: GLB-11
global	0	411	Control Change Operation	Control Change #3 Operation	Control Change #3 Receive	enum	0	2		DSBL|ENBL|INTP	388	388		1	verified_transport	pdf_inventory+firmware_sweep+manual_range	range from Parameter Guide E2: GLB-11
global	0	412	Control Change Operation	Control Change #3 Operation	Control Change #3 Return	enum	0	1		OFF|ON	388	388		1	verified_transport	pdf_inventory+firmware_sweep+manual_range	range from Parameter Guide E2: GLB-11
global	0	413	Control Change Operation	Control Change #3 Operation	Control Change #3 Translation	enum	0	97		P.Bend|After Touch|CC#00|CC#01|CC#02|CC#03|CC#04|CC#05|CC#06|CC#07|CC#08|CC#09|CC#10|CC#11|CC#12|CC#13|CC#14|CC#15|CC#16|CC#17|CC#18|CC#19|CC#20|CC#21|CC#22|CC#23|CC#24|CC#25|CC#26|CC#27|CC#28|CC#29|CC#30|CC#31|CC#32|CC#33|CC#34|CC#35|CC#36|CC#37|CC#38|CC#39|CC#40|CC#41|CC#42|CC#43|CC#44|CC#45|CC#46|CC#47|CC#48|CC#49|CC#50|CC#51|CC#52|CC#53|CC#54|CC#55|CC#56|CC#57|CC#58|CC#59|CC#60|CC#61|CC#62|CC#63|CC#64|CC#65|CC#66|CC#67|CC#68|CC#69|CC#70|CC#71|CC#72|CC#73|CC#74|CC#75|CC#76|CC#77|CC#78|CC#79|CC#80|CC#81|CC#82|CC#83|CC#84|CC#85|CC#86|CC#87|CC#88|CC#89|CC#90|CC#91|CC#92|CC#93|CC#94|CC#95	389	389		1	verified_transport	pdf_inventory+firmware_sweep+manual_range	range from Parameter Guide E2: GLB-11 order as printed
global	0	414	Control Change Operation	Control Change #4 Operation	Control Change #4 Transmit	enum	0	1		OFF|ON	390	390		1	verified_transport	pdf_inventory+firmware_sweep+manual_range	range from Parameter Guide E2: GLB-11
global	0	415	Control Change Operation	Control Change #4 Operation	Control Change #4 Receive	enum	0	2		DSBL|ENBL|INTP	390	390		1	verified_transport	pdf_inventory+firmware_sweep+manual_range	range from Parameter Guide E2: GLB-11
global	0	416	Control Change Operation	Control Change #4 Operation	Control Change #4 Return	enum	0	1		OFF|ON	390	390		1	verified_transport	pdf_inventory+firmware_sweep+manual_range	range from Parameter Guide E2: GLB-11
global	0	417	Control Change Operation	Control Change #4 Operation	Control Change #4 Translation	enum	0	97		P.Bend|After Touch|CC#00|CC#01|CC#02|CC#03|CC#04|CC#05|CC#06|CC#07|CC#08|CC#09|CC#10|CC#11|CC#12|CC#13|CC#14|CC#15|CC#16|CC#17|CC#18|CC#19|CC#20|CC#21|CC#22|CC#23|CC#24|CC#25|CC#26|CC#27|CC#28|CC#29|CC#30|CC#31|CC#32|CC#33|CC#34|CC#35|CC#36|CC#37|CC#38|CC#39|CC#40|CC#41|CC#42|CC#43|CC#44|CC#45|CC#46|CC#47|CC#48|CC#49|CC#50|CC#51|CC#52|CC#53|CC#54|CC#55|CC#56|CC#57|CC#58|CC#59|CC#60|CC#61|CC#62|CC#63|CC#64|CC#65|CC#66|CC#67|CC#68|CC#69|CC#70|CC#71|CC#72|CC#73|CC#74|CC#75|CC#76|CC#77|CC#78|CC#79|CC#80|CC#81|CC#82|CC#83|CC#84|CC#85|CC#86|CC#87|CC#88|CC#89|CC#90|CC#91|CC#92|CC#93|CC#94|CC#95	391	391		1	verified_transport	pdf_inventory+firmware_sweep+manual_range	range from Parameter Guide E2: GLB-11 order as printed
global	0	418	Control Change Operation	Control Change #5 Operation	Control Change #5 Transmit	enum	0	1		OFF|ON	392	392		1	verified_transport	pdf_inventory+firmware_sweep+manual_range	range from Parameter Guide E2: GLB-11
global	0	419	Control Change Operation	Control Change #5 Operation	Control Change #5 Receive	enum	0	2		DSBL|ENBL|INTP	392	392		1	verified_transport	pdf_inventory+firmware_sweep+manual_range	range from Parameter Guide E2: GLB-11
global	0	420	Control Change Operation	Control Change #5 Operation	Control Change #5 Return	enum	0	1		OFF|ON	392	392		1	verified_transport	pdf_inventory+firmware_sweep+manual_range	range from Parameter Guide E2: GLB-11
global	0	421	Control Change Operation	Control Change #5 Operation	Control Change #5 Translation	enum	0	97		P.Bend|After Touch|CC#00|CC#01|CC#02|CC#03|CC#04|CC#05|CC#06|CC#07|CC#08|CC#09|CC#10|CC#11|CC#12|CC#13|CC#14|CC#15|CC#16|CC#17|CC#18|CC#19|CC#20|CC#21|CC#22|CC#23|CC#24|CC#25|CC#26|CC#27|CC#28|CC#29|CC#30|CC#31|CC#32|CC#33|CC#34|CC#35|CC#36|CC#37|CC#38|CC#39|CC#40|CC#41|CC#42|CC#43|CC#44|CC#45|CC#46|CC#47|CC#48|CC#49|CC#50|CC#51|CC#52|CC#53|CC#54|CC#55|CC#56|CC#57|CC#58|CC#59|CC#60|CC#61|CC#62|CC#63|CC#64|CC#65|CC#66|CC#67|CC#68|CC#69|CC#70|CC#71|CC#72|CC#73|CC#74|CC#75|CC#76|CC#77|CC#78|CC#79|CC#80|CC#81|CC#82|CC#83|CC#84|CC#85|CC#86|CC#87|CC#88|CC#89|CC#90|CC#91|CC#92|CC#93|CC#94|CC#95	393	393		1	verified_transport	pdf_inventory+firmware_sweep+manual_range	range from Parameter Guide E2: GLB-11 order as printed
global	0	422	Control Change Operation	Control Change #6 Operation	Control Change #6 Transmit	enum	0	1		OFF|ON	394	394		1	verified_transport	pdf_inventory+firmware_sweep+manual_range	range from Parameter Guide E2: GLB-11
global	0	423	Control Change Operation	Control Change #6 Operation	Control Change #6 Receive	enum	0	2		DSBL|ENBL|INTP	394	394		1	verified_transport	pdf_inventory+firmware_sweep+manual_range	range from Parameter Guide E2: GLB-11
global	0	424	Control Change Operation	Control Change #6 Operation	Control Change #6 Return	enum	0	1		OFF|ON	394	394		1	verified_transport	pdf_inventory+firmware_sweep+manual_range	range from Parameter Guide E2: GLB-11
global	0	425	Control Change Operation	Control Change #6 Operation	Control Change #6 Translation	enum	0	97		P.Bend|After Touch|CC#00|CC#01|CC#02|CC#03|CC#04|CC#05|CC#06|CC#07|CC#08|CC#09|CC#10|CC#11|CC#12|CC#13|CC#14|CC#15|CC#16|CC#17|CC#18|CC#19|CC#20|CC#21|CC#22|CC#23|CC#24|CC#25|CC#26|CC#27|CC#28|CC#29|CC#30|CC#31|CC#32|CC#33|CC#34|CC#35|CC#36|CC#37|CC#38|CC#39|CC#40|CC#41|CC#42|CC#43|CC#44|CC#45|CC#46|CC#47|CC#48|CC#49|CC#50|CC#51|CC#52|CC#53|CC#54|CC#55|CC#56|CC#57|CC#58|CC#59|CC#60|CC#61|CC#62|CC#63|CC#64|CC#65|CC#66|CC#67|CC#68|CC#69|CC#70|CC#71|CC#72|CC#73|CC#74|CC#75|CC#76|CC#77|CC#78|CC#79|CC#80|CC#81|CC#82|CC#83|CC#84|CC#85|CC#86|CC#87|CC#88|CC#89|CC#90|CC#91|CC#92|CC#93|CC#94|CC#95	395	395		1	verified_transport	pdf_inventory+firmware_sweep+manual_range	range from Parameter Guide E2: GLB-11 order as printed
global	0	426	Control Change Operation	Control Change #7 Operation	Control Change #7 Transmit	enum	0	1		OFF|ON	396	396		1	verified_transport	pdf_inventory+firmware_sweep+manual_range	range from Parameter Guide E2: GLB-11
global	0	427	Control Change Operation	Control Change #7 Operation	Control Change #7 Receive	enum	0	2		DSBL|ENBL|INTP	396	396		1	verified_transport	pdf_inventory+firmware_sweep+manual_range	range from Parameter Guide E2: GLB-11
global	0	428	Control Change Operation	Control Change #7 Operation	Control Change #7 Return	enum	0	1		OFF|ON	396	396		1	verified_transport	pdf_inventory+firmware_sweep+manual_range	range from Parameter Guide E2: GLB-11
global	0	429	Control Change Operation	Control Change #7 Operation	Control Change #7 Translation	enum	0	97		P.Bend|After Touch|CC#00|CC#01|CC#02|CC#03|CC#04|CC#05|CC#06|CC#07|CC#08|CC#09|CC#10|CC#11|CC#12|CC#13|CC#14|CC#15|CC#16|CC#17|CC#18|CC#19|CC#20|CC#21|CC#22|CC#23|CC#24|CC#25|CC#26|CC#27|CC#28|CC#29|CC#30|CC#31|CC#32|CC#33|CC#34|CC#35|CC#36|CC#37|CC#38|CC#39|CC#40|CC#41|CC#42|CC#43|CC#44|CC#45|CC#46|CC#47|CC#48|CC#49|CC#50|CC#51|CC#52|CC#53|CC#54|CC#55|CC#56|CC#57|CC#58|CC#59|CC#60|CC#61|CC#62|CC#63|CC#64|CC#65|CC#66|CC#67|CC#68|CC#69|CC#70|CC#71|CC#72|CC#73|CC#74|CC#75|CC#76|CC#77|CC#78|CC#79|CC#80|CC#81|CC#82|CC#83|CC#84|CC#85|CC#86|CC#87|CC#88|CC#89|CC#90|CC#91|CC#92|CC#93|CC#94|CC#95	397	397		1	verified_transport	pdf_inventory+firmware_sweep+manual_range	range from Parameter Guide E2: GLB-11 order as printed
global	0	430	Control Change Operation	Control Change #8 Operation	Control Change #8 Transmit	enum	0	1		OFF|ON	398	398		1	verified_transport	pdf_inventory+firmware_sweep+manual_range	range from Parameter Guide E2: GLB-11
global	0	431	Control Change Operation	Control Change #8 Operation	Control Change #8 Receive	enum	0	2		DSBL|ENBL|INTP	398	398		1	verified_transport	pdf_inventory+firmware_sweep+manual_range	range from Parameter Guide E2: GLB-11
global	0	432	Control Change Operation	Control Change #8 Operation	Control Change #8 Return	enum	0	1		OFF|ON	398	398		1	verified_transport	pdf_inventory+firmware_sweep+manual_range	range from Parameter Guide E2: GLB-11
global	0	433	Control Change Operation	Control Change #8 Operation	Control Change #8 Translation	enum	0	97		P.Bend|After Touch|CC#00|CC#01|CC#02|CC#03|CC#04|CC#05|CC#06|CC#07|CC#08|CC#09|CC#10|CC#11|CC#12|CC#13|CC#14|CC#15|CC#16|CC#17|CC#18|CC#19|CC#20|CC#21|CC#22|CC#23|CC#24|CC#25|CC#26|CC#27|CC#28|CC#29|CC#30|CC#31|CC#32|CC#33|CC#34|CC#35|CC#36|CC#37|CC#38|CC#39|CC#40|CC#41|CC#42|CC#43|CC#44|CC#45|CC#46|CC#47|CC#48|CC#49|CC#50|CC#51|CC#52|CC#53|CC#54|CC#55|CC#56|CC#57|CC#58|CC#59|CC#60|CC#61|CC#62|CC#63|CC#64|CC#65|CC#66|CC#67|CC#68|CC#69|CC#70|CC#71|CC#72|CC#73|CC#74|CC#75|CC#76|CC#77|CC#78|CC#79|CC#80|CC#81|CC#82|CC#83|CC#84|CC#85|CC#86|CC#87|CC#88|CC#89|CC#90|CC#91|CC#92|CC#93|CC#94|CC#95	399	399		1	verified_transport	pdf_inventory+firmware_sweep+manual_range	range from Parameter Guide E2: GLB-11 order as printed
global	0	434	Control Change Operation	Control Change #9 Operation	Control Change #9 Transmit	enum	0	1		OFF|ON	400	400		1	verified_transport	pdf_inventory+firmware_sweep+manual_range	range from Parameter Guide E2: GLB-11
global	0	435	Control Change Operation	Control Change #9 Operation	Control Change #9 Receive	enum	0	2		DSBL|ENBL|INTP	400	400		1	verified_transport	pdf_inventory+firmware_sweep+manual_range	range from Parameter Guide E2: GLB-11
global	0	436	Control Change Operation	Control Change #9 Operation	Control Change #9 Return	enum	0	1		OFF|ON	400	400		1	verified_transport	pdf_inventory+firmware_sweep+manual_range	range from Parameter Guide E2: GLB-11
global	0	437	Control Change Operation	Control Change #9 Operation	Control Change #9 Translation	enum	0	97		P.Bend|After Touch|CC#00|CC#01|CC#02|CC#03|CC#04|CC#05|CC#06|CC#07|CC#08|CC#09|CC#10|CC#11|CC#12|CC#13|CC#14|CC#15|CC#16|CC#17|CC#18|CC#19|CC#20|CC#21|CC#22|CC#23|CC#24|CC#25|CC#26|CC#27|CC#28|CC#29|CC#30|CC#31|CC#32|CC#33|CC#34|CC#35|CC#36|CC#37|CC#38|CC#39|CC#40|CC#41|CC#42|CC#43|CC#44|CC#45|CC#46|CC#47|CC#48|CC#49|CC#50|CC#51|CC#52|CC#53|CC#54|CC#55|CC#56|CC#57|CC#58|CC#59|CC#60|CC#61|CC#62|CC#63|CC#64|CC#65|CC#66|CC#67|CC#68|CC#69|CC#70|CC#71|CC#72|CC#73|CC#74|CC#75|CC#76|CC#77|CC#78|CC#79|CC#80|CC#81|CC#82|CC#83|CC#84|CC#85|CC#86|CC#87|CC#88|CC#89|CC#90|CC#91|CC#92|CC#93|CC#94|CC#95	401	401		1	verified_transport	pdf_inventory+firmware_sweep+manual_range	range from Parameter Guide E2: GLB-11 order as printed
global	0	438	Control Change Operation	Control Change #10 Operation	Control Change #10 Transmit	enum	0	1		OFF|ON	402	402		1	verified_transport	pdf_inventory+firmware_sweep+manual_range	range from Parameter Guide E2: GLB-11
global	0	439	Control Change Operation	Control Change #10 Operation	Control Change #10 Receive	enum	0	2		DSBL|ENBL|INTP	402	402		1	verified_transport	pdf_inventory+firmware_sweep+manual_range	range from Parameter Guide E2: GLB-11
global	0	440	Control Change Operation	Control Change #10 Operation	Control Change #10 Return	enum	0	1		OFF|ON	402	402		1	verified_transport	pdf_inventory+firmware_sweep+manual_range	range from Parameter Guide E2: GLB-11
global	0	441	Control Change Operation	Control Change #10 Operation	Control Change #10 Translation	enum	0	97		P.Bend|After Touch|CC#00|CC#01|CC#02|CC#03|CC#04|CC#05|CC#06|CC#07|CC#08|CC#09|CC#10|CC#11|CC#12|CC#13|CC#14|CC#15|CC#16|CC#17|CC#18|CC#19|CC#20|CC#21|CC#22|CC#23|CC#24|CC#25|CC#26|CC#27|CC#28|CC#29|CC#30|CC#31|CC#32|CC#33|CC#34|CC#35|CC#36|CC#37|CC#38|CC#39|CC#40|CC#41|CC#42|CC#43|CC#44|CC#45|CC#46|CC#47|CC#48|CC#49|CC#50|CC#51|CC#52|CC#53|CC#54|CC#55|CC#56|CC#57|CC#58|CC#59|CC#60|CC#61|CC#62|CC#63|CC#64|CC#65|CC#66|CC#67|CC#68|CC#69|CC#70|CC#71|CC#72|CC#73|CC#74|CC#75|CC#76|CC#77|CC#78|CC#79|CC#80|CC#81|CC#82|CC#83|CC#84|CC#85|CC#86|CC#87|CC#88|CC#89|CC#90|CC#91|CC#92|CC#93|CC#94|CC#95	403	403		1	verified_transport	pdf_inventory+firmware_sweep+manual_range	range from Parameter Guide E2: GLB-11 order as printed
global	0	442	Control Change Operation	Control Change #11 Operation	Control Change #11 Transmit	enum	0	1		OFF|ON	404	404		1	verified_transport	pdf_inventory+firmware_sweep+manual_range	range from Parameter Guide E2: GLB-11
global	0	443	Control Change Operation	Control Change #11 Operation	Control Change #11 Receive	enum	0	2		DSBL|ENBL|INTP	404	404		1	verified_transport	pdf_inventory+firmware_sweep+manual_range	range from Parameter Guide E2: GLB-11
global	0	444	Control Change Operation	Control Change #11 Operation	Control Change #11 Return	enum	0	1		OFF|ON	404	404		1	verified_transport	pdf_inventory+firmware_sweep+manual_range	range from Parameter Guide E2: GLB-11
global	0	445	Control Change Operation	Control Change #11 Operation	Control Change #11 Translation	enum	0	97		P.Bend|After Touch|CC#00|CC#01|CC#02|CC#03|CC#04|CC#05|CC#06|CC#07|CC#08|CC#09|CC#10|CC#11|CC#12|CC#13|CC#14|CC#15|CC#16|CC#17|CC#18|CC#19|CC#20|CC#21|CC#22|CC#23|CC#24|CC#25|CC#26|CC#27|CC#28|CC#29|CC#30|CC#31|CC#32|CC#33|CC#34|CC#35|CC#36|CC#37|CC#38|CC#39|CC#40|CC#41|CC#42|CC#43|CC#44|CC#45|CC#46|CC#47|CC#48|CC#49|CC#50|CC#51|CC#52|CC#53|CC#54|CC#55|CC#56|CC#57|CC#58|CC#59|CC#60|CC#61|CC#62|CC#63|CC#64|CC#65|CC#66|CC#67|CC#68|CC#69|CC#70|CC#71|CC#72|CC#73|CC#74|CC#75|CC#76|CC#77|CC#78|CC#79|CC#80|CC#81|CC#82|CC#83|CC#84|CC#85|CC#86|CC#87|CC#88|CC#89|CC#90|CC#91|CC#92|CC#93|CC#94|CC#95	405	405		1	verified_transport	pdf_inventory+firmware_sweep+manual_range	range from Parameter Guide E2: GLB-11 order as printed
global	0	446	Control Change Operation	Control Change #12 Operation	Control Change #12 Transmit	enum	0	1		OFF|ON	406	406		1	verified_transport	pdf_inventory+firmware_sweep+manual_range	range from Parameter Guide E2: GLB-11
global	0	447	Control Change Operation	Control Change #12 Operation	Control Change #12 Receive	enum	0	2		DSBL|ENBL|INTP	406	406		1	verified_transport	pdf_inventory+firmware_sweep+manual_range	range from Parameter Guide E2: GLB-11
global	0	448	Control Change Operation	Control Change #12 Operation	Control Change #12 Return	enum	0	1		OFF|ON	406	406		1	verified_transport	pdf_inventory+firmware_sweep+manual_range	range from Parameter Guide E2: GLB-11
global	0	449	Control Change Operation	Control Change #12 Operation	Control Change #12 Translation	enum	0	97		P.Bend|After Touch|CC#00|CC#01|CC#02|CC#03|CC#04|CC#05|CC#06|CC#07|CC#08|CC#09|CC#10|CC#11|CC#12|CC#13|CC#14|CC#15|CC#16|CC#17|CC#18|CC#19|CC#20|CC#21|CC#22|CC#23|CC#24|CC#25|CC#26|CC#27|CC#28|CC#29|CC#30|CC#31|CC#32|CC#33|CC#34|CC#35|CC#36|CC#37|CC#38|CC#39|CC#40|CC#41|CC#42|CC#43|CC#44|CC#45|CC#46|CC#47|CC#48|CC#49|CC#50|CC#51|CC#52|CC#53|CC#54|CC#55|CC#56|CC#57|CC#58|CC#59|CC#60|CC#61|CC#62|CC#63|CC#64|CC#65|CC#66|CC#67|CC#68|CC#69|CC#70|CC#71|CC#72|CC#73|CC#74|CC#75|CC#76|CC#77|CC#78|CC#79|CC#80|CC#81|CC#82|CC#83|CC#84|CC#85|CC#86|CC#87|CC#88|CC#89|CC#90|CC#91|CC#92|CC#93|CC#94|CC#95	407	407		1	verified_transport	pdf_inventory+firmware_sweep+manual_range	range from Parameter Guide E2: GLB-11 order as printed
global	0	450	Control Change Operation	Control Change #13 Operation	Control Change #13 Transmit	enum	0	1		OFF|ON	408	408		1	verified_transport	pdf_inventory+firmware_sweep+manual_range	range from Parameter Guide E2: GLB-11
global	0	451	Control Change Operation	Control Change #13 Operation	Control Change #13 Receive	enum	0	2		DSBL|ENBL|INTP	408	408		1	verified_transport	pdf_inventory+firmware_sweep+manual_range	range from Parameter Guide E2: GLB-11
global	0	452	Control Change Operation	Control Change #13 Operation	Control Change #13 Return	enum	0	1		OFF|ON	408	408		1	verified_transport	pdf_inventory+firmware_sweep+manual_range	range from Parameter Guide E2: GLB-11
global	0	453	Control Change Operation	Control Change #13 Operation	Control Change #13 Translation	enum	0	97		P.Bend|After Touch|CC#00|CC#01|CC#02|CC#03|CC#04|CC#05|CC#06|CC#07|CC#08|CC#09|CC#10|CC#11|CC#12|CC#13|CC#14|CC#15|CC#16|CC#17|CC#18|CC#19|CC#20|CC#21|CC#22|CC#23|CC#24|CC#25|CC#26|CC#27|CC#28|CC#29|CC#30|CC#31|CC#32|CC#33|CC#34|CC#35|CC#36|CC#37|CC#38|CC#39|CC#40|CC#41|CC#42|CC#43|CC#44|CC#45|CC#46|CC#47|CC#48|CC#49|CC#50|CC#51|CC#52|CC#53|CC#54|CC#55|CC#56|CC#57|CC#58|CC#59|CC#60|CC#61|CC#62|CC#63|CC#64|CC#65|CC#66|CC#67|CC#68|CC#69|CC#70|CC#71|CC#72|CC#73|CC#74|CC#75|CC#76|CC#77|CC#78|CC#79|CC#80|CC#81|CC#82|CC#83|CC#84|CC#85|CC#86|CC#87|CC#88|CC#89|CC#90|CC#91|CC#92|CC#93|CC#94|CC#95	409	409		1	verified_transport	pdf_inventory+firmware_sweep+manual_range	range from Parameter Guide E2: GLB-11 order as printed
global	0	454	Control Change Operation	Control Change #14 Operation	Control Change #14 Transmit	enum	0	1		OFF|ON	410	410		1	verified_transport	pdf_inventory+firmware_sweep+manual_range	range from Parameter Guide E2: GLB-11
global	0	455	Control Change Operation	Control Change #14 Operation	Control Change #14 Receive	enum	0	2		DSBL|ENBL|INTP	410	410		1	verified_transport	pdf_inventory+firmware_sweep+manual_range	range from Parameter Guide E2: GLB-11
global	0	456	Control Change Operation	Control Change #14 Operation	Control Change #14 Return	enum	0	1		OFF|ON	410	410		1	verified_transport	pdf_inventory+firmware_sweep+manual_range	range from Parameter Guide E2: GLB-11
global	0	457	Control Change Operation	Control Change #14 Operation	Control Change #14 Translation	enum	0	97		P.Bend|After Touch|CC#00|CC#01|CC#02|CC#03|CC#04|CC#05|CC#06|CC#07|CC#08|CC#09|CC#10|CC#11|CC#12|CC#13|CC#14|CC#15|CC#16|CC#17|CC#18|CC#19|CC#20|CC#21|CC#22|CC#23|CC#24|CC#25|CC#26|CC#27|CC#28|CC#29|CC#30|CC#31|CC#32|CC#33|CC#34|CC#35|CC#36|CC#37|CC#38|CC#39|CC#40|CC#41|CC#42|CC#43|CC#44|CC#45|CC#46|CC#47|CC#48|CC#49|CC#50|CC#51|CC#52|CC#53|CC#54|CC#55|CC#56|CC#57|CC#58|CC#59|CC#60|CC#61|CC#62|CC#63|CC#64|CC#65|CC#66|CC#67|CC#68|CC#69|CC#70|CC#71|CC#72|CC#73|CC#74|CC#75|CC#76|CC#77|CC#78|CC#79|CC#80|CC#81|CC#82|CC#83|CC#84|CC#85|CC#86|CC#87|CC#88|CC#89|CC#90|CC#91|CC#92|CC#93|CC#94|CC#95	411	411		1	verified_transport	pdf_inventory+firmware_sweep+manual_range	range from Parameter Guide E2: GLB-11 order as printed
global	0	458	Control Change Operation	Control Change #15 Operation	Control Change #15 Transmit	enum	0	1		OFF|ON	412	412		1	verified_transport	pdf_inventory+firmware_sweep+manual_range	range from Parameter Guide E2: GLB-11
global	0	459	Control Change Operation	Control Change #15 Operation	Control Change #15 Receive	enum	0	2		DSBL|ENBL|INTP	412	412		1	verified_transport	pdf_inventory+firmware_sweep+manual_range	range from Parameter Guide E2: GLB-11
global	0	460	Control Change Operation	Control Change #15 Operation	Control Change #15 Return	enum	0	1		OFF|ON	412	412		1	verified_transport	pdf_inventory+firmware_sweep+manual_range	range from Parameter Guide E2: GLB-11
global	0	461	Control Change Operation	Control Change #15 Operation	Control Change #15 Translation	enum	0	97		P.Bend|After Touch|CC#00|CC#01|CC#02|CC#03|CC#04|CC#05|CC#06|CC#07|CC#08|CC#09|CC#10|CC#11|CC#12|CC#13|CC#14|CC#15|CC#16|CC#17|CC#18|CC#19|CC#20|CC#21|CC#22|CC#23|CC#24|CC#25|CC#26|CC#27|CC#28|CC#29|CC#30|CC#31|CC#32|CC#33|CC#34|CC#35|CC#36|CC#37|CC#38|CC#39|CC#40|CC#41|CC#42|CC#43|CC#44|CC#45|CC#46|CC#47|CC#48|CC#49|CC#50|CC#51|CC#52|CC#53|CC#54|CC#55|CC#56|CC#57|CC#58|CC#59|CC#60|CC#61|CC#62|CC#63|CC#64|CC#65|CC#66|CC#67|CC#68|CC#69|CC#70|CC#71|CC#72|CC#73|CC#74|CC#75|CC#76|CC#77|CC#78|CC#79|CC#80|CC#81|CC#82|CC#83|CC#84|CC#85|CC#86|CC#87|CC#88|CC#89|CC#90|CC#91|CC#92|CC#93|CC#94|CC#95	413	413		1	verified_transport	pdf_inventory+firmware_sweep+manual_range	range from Parameter Guide E2: GLB-11 order as printed
global	0	462	Control Change Operation	Control Change #16 Operation	Control Change #16 Transmit	enum	0	1		OFF|ON	414	414		1	verified_transport	pdf_inventory+firmware_sweep+manual_range	range from Parameter Guide E2: GLB-11
global	0	463	Control Change Operation	Control Change #16 Operation	Control Change #16 Receive	enum	0	2		DSBL|ENBL|INTP	414	414		1	verified_transport	pdf_inventory+firmware_sweep+manual_range	range from Parameter Guide E2: GLB-11
global	0	464	Control Change Operation	Control Change #16 Operation	Control Change #16 Return	enum	0	1		OFF|ON	414	414		1	verified_transport	pdf_inventory+firmware_sweep+manual_range	range from Parameter Guide E2: GLB-11
global	0	465	Control Change Operation	Control Change #16 Operation	Control Change #16 Translation	enum	0	97		P.Bend|After Touch|CC#00|CC#01|CC#02|CC#03|CC#04|CC#05|CC#06|CC#07|CC#08|CC#09|CC#10|CC#11|CC#12|CC#13|CC#14|CC#15|CC#16|CC#17|CC#18|CC#19|CC#20|CC#21|CC#22|CC#23|CC#24|CC#25|CC#26|CC#27|CC#28|CC#29|CC#30|CC#31|CC#32|CC#33|CC#34|CC#35|CC#36|CC#37|CC#38|CC#39|CC#40|CC#41|CC#42|CC#43|CC#44|CC#45|CC#46|CC#47|CC#48|CC#49|CC#50|CC#51|CC#52|CC#53|CC#54|CC#55|CC#56|CC#57|CC#58|CC#59|CC#60|CC#61|CC#62|CC#63|CC#64|CC#65|CC#66|CC#67|CC#68|CC#69|CC#70|CC#71|CC#72|CC#73|CC#74|CC#75|CC#76|CC#77|CC#78|CC#79|CC#80|CC#81|CC#82|CC#83|CC#84|CC#85|CC#86|CC#87|CC#88|CC#89|CC#90|CC#91|CC#92|CC#93|CC#94|CC#95	415	415		1	verified_transport	pdf_inventory+firmware_sweep+manual_range	range from Parameter Guide E2: GLB-11 order as printed
global	0	466	Control Change Operation	Control Change #17 Operation	Control Change #17 Transmit	enum	0	1		OFF|ON	416	416		1	verified_transport	pdf_inventory+firmware_sweep+manual_range	range from Parameter Guide E2: GLB-11
global	0	467	Control Change Operation	Control Change #17 Operation	Control Change #17 Receive	enum	0	2		DSBL|ENBL|INTP	416	416		1	verified_transport	pdf_inventory+firmware_sweep+manual_range	range from Parameter Guide E2: GLB-11
global	0	468	Control Change Operation	Control Change #17 Operation	Control Change #17 Return	enum	0	1		OFF|ON	416	416		1	verified_transport	pdf_inventory+firmware_sweep+manual_range	range from Parameter Guide E2: GLB-11
global	0	469	Control Change Operation	Control Change #17 Operation	Control Change #17 Translation	enum	0	97		P.Bend|After Touch|CC#00|CC#01|CC#02|CC#03|CC#04|CC#05|CC#06|CC#07|CC#08|CC#09|CC#10|CC#11|CC#12|CC#13|CC#14|CC#15|CC#16|CC#17|CC#18|CC#19|CC#20|CC#21|CC#22|CC#23|CC#24|CC#25|CC#26|CC#27|CC#28|CC#29|CC#30|CC#31|CC#32|CC#33|CC#34|CC#35|CC#36|CC#37|CC#38|CC#39|CC#40|CC#41|CC#42|CC#43|CC#44|CC#45|CC#46|CC#47|CC#48|CC#49|CC#50|CC#51|CC#52|CC#53|CC#54|CC#55|CC#56|CC#57|CC#58|CC#59|CC#60|CC#61|CC#62|CC#63|CC#64|CC#65|CC#66|CC#67|CC#68|CC#69|CC#70|CC#71|CC#72|CC#73|CC#74|CC#75|CC#76|CC#77|CC#78|CC#79|CC#80|CC#81|CC#82|CC#83|CC#84|CC#85|CC#86|CC#87|CC#88|CC#89|CC#90|CC#91|CC#92|CC#93|CC#94|CC#95	417	417		1	verified_transport	pdf_inventory+firmware_sweep+manual_range	range from Parameter Guide E2: GLB-11 order as printed
global	0	470	Control Change Operation	Control Change #18 Operation	Control Change #18 Transmit	enum	0	1		OFF|ON	418	418		1	verified_transport	pdf_inventory+firmware_sweep+manual_range	range from Parameter Guide E2: GLB-11
global	0	471	Control Change Operation	Control Change #18 Operation	Control Change #18 Receive	enum	0	2		DSBL|ENBL|INTP	418	418		1	verified_transport	pdf_inventory+firmware_sweep+manual_range	range from Parameter Guide E2: GLB-11
global	0	472	Control Change Operation	Control Change #18 Operation	Control Change #18 Return	enum	0	1		OFF|ON	418	418		1	verified_transport	pdf_inventory+firmware_sweep+manual_range	range from Parameter Guide E2: GLB-11
global	0	473	Control Change Operation	Control Change #18 Operation	Control Change #18 Translation	enum	0	97		P.Bend|After Touch|CC#00|CC#01|CC#02|CC#03|CC#04|CC#05|CC#06|CC#07|CC#08|CC#09|CC#10|CC#11|CC#12|CC#13|CC#14|CC#15|CC#16|CC#17|CC#18|CC#19|CC#20|CC#21|CC#22|CC#23|CC#24|CC#25|CC#26|CC#27|CC#28|CC#29|CC#30|CC#31|CC#32|CC#33|CC#34|CC#35|CC#36|CC#37|CC#38|CC#39|CC#40|CC#41|CC#42|CC#43|CC#44|CC#45|CC#46|CC#47|CC#48|CC#49|CC#50|CC#51|CC#52|CC#53|CC#54|CC#55|CC#56|CC#57|CC#58|CC#59|CC#60|CC#61|CC#62|CC#63|CC#64|CC#65|CC#66|CC#67|CC#68|CC#69|CC#70|CC#71|CC#72|CC#73|CC#74|CC#75|CC#76|CC#77|CC#78|CC#79|CC#80|CC#81|CC#82|CC#83|CC#84|CC#85|CC#86|CC#87|CC#88|CC#89|CC#90|CC#91|CC#92|CC#93|CC#94|CC#95	419	419		1	verified_transport	pdf_inventory+firmware_sweep+manual_range	range from Parameter Guide E2: GLB-11 order as printed
global	0	474	Control Change Operation	Control Change #19 Operation	Control Change #19 Transmit	enum	0	1		OFF|ON	420	420		1	verified_transport	pdf_inventory+firmware_sweep+manual_range	range from Parameter Guide E2: GLB-11
global	0	475	Control Change Operation	Control Change #19 Operation	Control Change #19 Receive	enum	0	2		DSBL|ENBL|INTP	420	420		1	verified_transport	pdf_inventory+firmware_sweep+manual_range	range from Parameter Guide E2: GLB-11
global	0	476	Control Change Operation	Control Change #19 Operation	Control Change #19 Return	enum	0	1		OFF|ON	420	420		1	verified_transport	pdf_inventory+firmware_sweep+manual_range	range from Parameter Guide E2: GLB-11
global	0	477	Control Change Operation	Control Change #19 Operation	Control Change #19 Translation	enum	0	97		P.Bend|After Touch|CC#00|CC#01|CC#02|CC#03|CC#04|CC#05|CC#06|CC#07|CC#08|CC#09|CC#10|CC#11|CC#12|CC#13|CC#14|CC#15|CC#16|CC#17|CC#18|CC#19|CC#20|CC#21|CC#22|CC#23|CC#24|CC#25|CC#26|CC#27|CC#28|CC#29|CC#30|CC#31|CC#32|CC#33|CC#34|CC#35|CC#36|CC#37|CC#38|CC#39|CC#40|CC#41|CC#42|CC#43|CC#44|CC#45|CC#46|CC#47|CC#48|CC#49|CC#50|CC#51|CC#52|CC#53|CC#54|CC#55|CC#56|CC#57|CC#58|CC#59|CC#60|CC#61|CC#62|CC#63|CC#64|CC#65|CC#66|CC#67|CC#68|CC#69|CC#70|CC#71|CC#72|CC#73|CC#74|CC#75|CC#76|CC#77|CC#78|CC#79|CC#80|CC#81|CC#82|CC#83|CC#84|CC#85|CC#86|CC#87|CC#88|CC#89|CC#90|CC#91|CC#92|CC#93|CC#94|CC#95	421	421		1	verified_transport	pdf_inventory+firmware_sweep+manual_range	range from Parameter Guide E2: GLB-11 order as printed
global	0	478	Control Change Operation	Control Change #20 Operation	Control Change #20 Transmit	enum	0	1		OFF|ON	422	422		1	verified_transport	pdf_inventory+firmware_sweep+manual_range	range from Parameter Guide E2: GLB-11
global	0	479	Control Change Operation	Control Change #20 Operation	Control Change #20 Receive	enum	0	2		DSBL|ENBL|INTP	422	422		1	verified_transport	pdf_inventory+firmware_sweep+manual_range	range from Parameter Guide E2: GLB-11
global	0	480	Control Change Operation	Control Change #20 Operation	Control Change #20 Return	enum	0	1		OFF|ON	422	422		1	verified_transport	pdf_inventory+firmware_sweep+manual_range	range from Parameter Guide E2: GLB-11
global	0	481	Control Change Operation	Control Change #20 Operation	Control Change #20 Translation	enum	0	97		P.Bend|After Touch|CC#00|CC#01|CC#02|CC#03|CC#04|CC#05|CC#06|CC#07|CC#08|CC#09|CC#10|CC#11|CC#12|CC#13|CC#14|CC#15|CC#16|CC#17|CC#18|CC#19|CC#20|CC#21|CC#22|CC#23|CC#24|CC#25|CC#26|CC#27|CC#28|CC#29|CC#30|CC#31|CC#32|CC#33|CC#34|CC#35|CC#36|CC#37|CC#38|CC#39|CC#40|CC#41|CC#42|CC#43|CC#44|CC#45|CC#46|CC#47|CC#48|CC#49|CC#50|CC#51|CC#52|CC#53|CC#54|CC#55|CC#56|CC#57|CC#58|CC#59|CC#60|CC#61|CC#62|CC#63|CC#64|CC#65|CC#66|CC#67|CC#68|CC#69|CC#70|CC#71|CC#72|CC#73|CC#74|CC#75|CC#76|CC#77|CC#78|CC#79|CC#80|CC#81|CC#82|CC#83|CC#84|CC#85|CC#86|CC#87|CC#88|CC#89|CC#90|CC#91|CC#92|CC#93|CC#94|CC#95	423	423		1	verified_transport	pdf_inventory+firmware_sweep+manual_range	range from Parameter Guide E2: GLB-11 order as printed
global	0	482	Control Change Operation	Control Change #21 Operation	Control Change #21 Transmit	enum	0	1		OFF|ON	424	424		1	verified_transport	pdf_inventory+firmware_sweep+manual_range	range from Parameter Guide E2: GLB-11
global	0	483	Control Change Operation	Control Change #21 Operation	Control Change #21 Receive	enum	0	2		DSBL|ENBL|INTP	424	424		1	verified_transport	pdf_inventory+firmware_sweep+manual_range	range from Parameter Guide E2: GLB-11
global	0	484	Control Change Operation	Control Change #21 Operation	Control Change #21 Return	enum	0	1		OFF|ON	424	424		1	verified_transport	pdf_inventory+firmware_sweep+manual_range	range from Parameter Guide E2: GLB-11
global	0	485	Control Change Operation	Control Change #21 Operation	Control Change #21 Translation	enum	0	97		P.Bend|After Touch|CC#00|CC#01|CC#02|CC#03|CC#04|CC#05|CC#06|CC#07|CC#08|CC#09|CC#10|CC#11|CC#12|CC#13|CC#14|CC#15|CC#16|CC#17|CC#18|CC#19|CC#20|CC#21|CC#22|CC#23|CC#24|CC#25|CC#26|CC#27|CC#28|CC#29|CC#30|CC#31|CC#32|CC#33|CC#34|CC#35|CC#36|CC#37|CC#38|CC#39|CC#40|CC#41|CC#42|CC#43|CC#44|CC#45|CC#46|CC#47|CC#48|CC#49|CC#50|CC#51|CC#52|CC#53|CC#54|CC#55|CC#56|CC#57|CC#58|CC#59|CC#60|CC#61|CC#62|CC#63|CC#64|CC#65|CC#66|CC#67|CC#68|CC#69|CC#70|CC#71|CC#72|CC#73|CC#74|CC#75|CC#76|CC#77|CC#78|CC#79|CC#80|CC#81|CC#82|CC#83|CC#84|CC#85|CC#86|CC#87|CC#88|CC#89|CC#90|CC#91|CC#92|CC#93|CC#94|CC#95	425	425		1	verified_transport	pdf_inventory+firmware_sweep+manual_range	range from Parameter Guide E2: GLB-11 order as printed
global	0	486	Control Change Operation	Control Change #22 Operation	Control Change #22 Transmit	enum	0	1		OFF|ON	426	426		1	verified_transport	pdf_inventory+firmware_sweep+manual_range	range from Parameter Guide E2: GLB-11
global	0	487	Control Change Operation	Control Change #22 Operation	Control Change #22 Receive	enum	0	2		DSBL|ENBL|INTP	426	426		1	verified_transport	pdf_inventory+firmware_sweep+manual_range	range from Parameter Guide E2: GLB-11
global	0	488	Control Change Operation	Control Change #22 Operation	Control Change #22 Return	enum	0	1		OFF|ON	426	426		1	verified_transport	pdf_inventory+firmware_sweep+manual_range	range from Parameter Guide E2: GLB-11
global	0	489	Control Change Operation	Control Change #22 Operation	Control Change #22 Translation	enum	0	97		P.Bend|After Touch|CC#00|CC#01|CC#02|CC#03|CC#04|CC#05|CC#06|CC#07|CC#08|CC#09|CC#10|CC#11|CC#12|CC#13|CC#14|CC#15|CC#16|CC#17|CC#18|CC#19|CC#20|CC#21|CC#22|CC#23|CC#24|CC#25|CC#26|CC#27|CC#28|CC#29|CC#30|CC#31|CC#32|CC#33|CC#34|CC#35|CC#36|CC#37|CC#38|CC#39|CC#40|CC#41|CC#42|CC#43|CC#44|CC#45|CC#46|CC#47|CC#48|CC#49|CC#50|CC#51|CC#52|CC#53|CC#54|CC#55|CC#56|CC#57|CC#58|CC#59|CC#60|CC#61|CC#62|CC#63|CC#64|CC#65|CC#66|CC#67|CC#68|CC#69|CC#70|CC#71|CC#72|CC#73|CC#74|CC#75|CC#76|CC#77|CC#78|CC#79|CC#80|CC#81|CC#82|CC#83|CC#84|CC#85|CC#86|CC#87|CC#88|CC#89|CC#90|CC#91|CC#92|CC#93|CC#94|CC#95	427	427		1	verified_transport	pdf_inventory+firmware_sweep+manual_range	range from Parameter Guide E2: GLB-11 order as printed
global	0	490	Control Change Operation	Control Change #23 Operation	Control Change #23 Transmit	enum	0	1		OFF|ON	428	428		1	verified_transport	pdf_inventory+firmware_sweep+manual_range	range from Parameter Guide E2: GLB-11
global	0	491	Control Change Operation	Control Change #23 Operation	Control Change #23 Receive	enum	0	2		DSBL|ENBL|INTP	428	428		1	verified_transport	pdf_inventory+firmware_sweep+manual_range	range from Parameter Guide E2: GLB-11
global	0	492	Control Change Operation	Control Change #23 Operation	Control Change #23 Return	enum	0	1		OFF|ON	428	428		1	verified_transport	pdf_inventory+firmware_sweep+manual_range	range from Parameter Guide E2: GLB-11
global	0	493	Control Change Operation	Control Change #23 Operation	Control Change #23 Translation	enum	0	97		P.Bend|After Touch|CC#00|CC#01|CC#02|CC#03|CC#04|CC#05|CC#06|CC#07|CC#08|CC#09|CC#10|CC#11|CC#12|CC#13|CC#14|CC#15|CC#16|CC#17|CC#18|CC#19|CC#20|CC#21|CC#22|CC#23|CC#24|CC#25|CC#26|CC#27|CC#28|CC#29|CC#30|CC#31|CC#32|CC#33|CC#34|CC#35|CC#36|CC#37|CC#38|CC#39|CC#40|CC#41|CC#42|CC#43|CC#44|CC#45|CC#46|CC#47|CC#48|CC#49|CC#50|CC#51|CC#52|CC#53|CC#54|CC#55|CC#56|CC#57|CC#58|CC#59|CC#60|CC#61|CC#62|CC#63|CC#64|CC#65|CC#66|CC#67|CC#68|CC#69|CC#70|CC#71|CC#72|CC#73|CC#74|CC#75|CC#76|CC#77|CC#78|CC#79|CC#80|CC#81|CC#82|CC#83|CC#84|CC#85|CC#86|CC#87|CC#88|CC#89|CC#90|CC#91|CC#92|CC#93|CC#94|CC#95	429	429		1	verified_transport	pdf_inventory+firmware_sweep+manual_range	range from Parameter Guide E2: GLB-11 order as printed
global	0	494	Control Change Operation	Control Change #24 Operation	Control Change #24 Transmit	enum	0	1		OFF|ON	430	430		1	verified_transport	pdf_inventory+firmware_sweep+manual_range	range from Parameter Guide E2: GLB-11
global	0	495	Control Change Operation	Control Change #24 Operation	Control Change #24 Receive	enum	0	2		DSBL|ENBL|INTP	430	430		1	verified_transport	pdf_inventory+firmware_sweep+manual_range	range from Parameter Guide E2: GLB-11
global	0	496	Control Change Operation	Control Change #24 Operation	Control Change #24 Return	enum	0	1		OFF|ON	430	430		1	verified_transport	pdf_inventory+firmware_sweep+manual_range	range from Parameter Guide E2: GLB-11
global	0	497	Control Change Operation	Control Change #24 Operation	Control Change #24 Translation	enum	0	97		P.Bend|After Touch|CC#00|CC#01|CC#02|CC#03|CC#04|CC#05|CC#06|CC#07|CC#08|CC#09|CC#10|CC#11|CC#12|CC#13|CC#14|CC#15|CC#16|CC#17|CC#18|CC#19|CC#20|CC#21|CC#22|CC#23|CC#24|CC#25|CC#26|CC#27|CC#28|CC#29|CC#30|CC#31|CC#32|CC#33|CC#34|CC#35|CC#36|CC#37|CC#38|CC#39|CC#40|CC#41|CC#42|CC#43|CC#44|CC#45|CC#46|CC#47|CC#48|CC#49|CC#50|CC#51|CC#52|CC#53|CC#54|CC#55|CC#56|CC#57|CC#58|CC#59|CC#60|CC#61|CC#62|CC#63|CC#64|CC#65|CC#66|CC#67|CC#68|CC#69|CC#70|CC#71|CC#72|CC#73|CC#74|CC#75|CC#76|CC#77|CC#78|CC#79|CC#80|CC#81|CC#82|CC#83|CC#84|CC#85|CC#86|CC#87|CC#88|CC#89|CC#90|CC#91|CC#92|CC#93|CC#94|CC#95	431	431		1	verified_transport	pdf_inventory+firmware_sweep+manual_range	range from Parameter Guide E2: GLB-11 order as printed
global	0	498	Control Change Operation	Control Change #25 Operation	Control Change #25 Transmit	enum	0	1		OFF|ON	432	432		1	verified_transport	pdf_inventory+firmware_sweep+manual_range	range from Parameter Guide E2: GLB-11
global	0	499	Control Change Operation	Control Change #25 Operation	Control Change #25 Receive	enum	0	2		DSBL|ENBL|INTP	432	432		1	verified_transport	pdf_inventory+firmware_sweep+manual_range	range from Parameter Guide E2: GLB-11
global	0	500	Control Change Operation	Control Change #25 Operation	Control Change #25 Return	enum	0	1		OFF|ON	432	432		1	verified_transport	pdf_inventory+firmware_sweep+manual_range	range from Parameter Guide E2: GLB-11
global	0	501	Control Change Operation	Control Change #25 Operation	Control Change #25 Translation	enum	0	97		P.Bend|After Touch|CC#00|CC#01|CC#02|CC#03|CC#04|CC#05|CC#06|CC#07|CC#08|CC#09|CC#10|CC#11|CC#12|CC#13|CC#14|CC#15|CC#16|CC#17|CC#18|CC#19|CC#20|CC#21|CC#22|CC#23|CC#24|CC#25|CC#26|CC#27|CC#28|CC#29|CC#30|CC#31|CC#32|CC#33|CC#34|CC#35|CC#36|CC#37|CC#38|CC#39|CC#40|CC#41|CC#42|CC#43|CC#44|CC#45|CC#46|CC#47|CC#48|CC#49|CC#50|CC#51|CC#52|CC#53|CC#54|CC#55|CC#56|CC#57|CC#58|CC#59|CC#60|CC#61|CC#62|CC#63|CC#64|CC#65|CC#66|CC#67|CC#68|CC#69|CC#70|CC#71|CC#72|CC#73|CC#74|CC#75|CC#76|CC#77|CC#78|CC#79|CC#80|CC#81|CC#82|CC#83|CC#84|CC#85|CC#86|CC#87|CC#88|CC#89|CC#90|CC#91|CC#92|CC#93|CC#94|CC#95	433	433		1	verified_transport	pdf_inventory+firmware_sweep+manual_range	range from Parameter Guide E2: GLB-11 order as printed
global	0	502	Control Change Operation	Control Change #26 Operation	Control Change #26 Transmit	enum	0	1		OFF|ON	434	434		1	verified_transport	pdf_inventory+firmware_sweep+manual_range	range from Parameter Guide E2: GLB-11
global	0	503	Control Change Operation	Control Change #26 Operation	Control Change #26 Receive	enum	0	2		DSBL|ENBL|INTP	434	434		1	verified_transport	pdf_inventory+firmware_sweep+manual_range	range from Parameter Guide E2: GLB-11
global	0	504	Control Change Operation	Control Change #26 Operation	Control Change #26 Return	enum	0	1		OFF|ON	434	434		1	verified_transport	pdf_inventory+firmware_sweep+manual_range	range from Parameter Guide E2: GLB-11
global	0	505	Control Change Operation	Control Change #26 Operation	Control Change #26 Translation	enum	0	97		P.Bend|After Touch|CC#00|CC#01|CC#02|CC#03|CC#04|CC#05|CC#06|CC#07|CC#08|CC#09|CC#10|CC#11|CC#12|CC#13|CC#14|CC#15|CC#16|CC#17|CC#18|CC#19|CC#20|CC#21|CC#22|CC#23|CC#24|CC#25|CC#26|CC#27|CC#28|CC#29|CC#30|CC#31|CC#32|CC#33|CC#34|CC#35|CC#36|CC#37|CC#38|CC#39|CC#40|CC#41|CC#42|CC#43|CC#44|CC#45|CC#46|CC#47|CC#48|CC#49|CC#50|CC#51|CC#52|CC#53|CC#54|CC#55|CC#56|CC#57|CC#58|CC#59|CC#60|CC#61|CC#62|CC#63|CC#64|CC#65|CC#66|CC#67|CC#68|CC#69|CC#70|CC#71|CC#72|CC#73|CC#74|CC#75|CC#76|CC#77|CC#78|CC#79|CC#80|CC#81|CC#82|CC#83|CC#84|CC#85|CC#86|CC#87|CC#88|CC#89|CC#90|CC#91|CC#92|CC#93|CC#94|CC#95	435	435		1	verified_transport	pdf_inventory+firmware_sweep+manual_range	range from Parameter Guide E2: GLB-11 order as printed
global	0	506	Control Change Operation	Control Change #27 Operation	Control Change #27 Transmit	enum	0	1		OFF|ON	436	436		1	verified_transport	pdf_inventory+firmware_sweep+manual_range	range from Parameter Guide E2: GLB-11
global	0	507	Control Change Operation	Control Change #27 Operation	Control Change #27 Receive	enum	0	2		DSBL|ENBL|INTP	436	436		1	verified_transport	pdf_inventory+firmware_sweep+manual_range	range from Parameter Guide E2: GLB-11
global	0	508	Control Change Operation	Control Change #27 Operation	Control Change #27 Return	enum	0	1		OFF|ON	436	436		1	verified_transport	pdf_inventory+firmware_sweep+manual_range	range from Parameter Guide E2: GLB-11
global	0	509	Control Change Operation	Control Change #27 Operation	Control Change #27 Translation	enum	0	97		P.Bend|After Touch|CC#00|CC#01|CC#02|CC#03|CC#04|CC#05|CC#06|CC#07|CC#08|CC#09|CC#10|CC#11|CC#12|CC#13|CC#14|CC#15|CC#16|CC#17|CC#18|CC#19|CC#20|CC#21|CC#22|CC#23|CC#24|CC#25|CC#26|CC#27|CC#28|CC#29|CC#30|CC#31|CC#32|CC#33|CC#34|CC#35|CC#36|CC#37|CC#38|CC#39|CC#40|CC#41|CC#42|CC#43|CC#44|CC#45|CC#46|CC#47|CC#48|CC#49|CC#50|CC#51|CC#52|CC#53|CC#54|CC#55|CC#56|CC#57|CC#58|CC#59|CC#60|CC#61|CC#62|CC#63|CC#64|CC#65|CC#66|CC#67|CC#68|CC#69|CC#70|CC#71|CC#72|CC#73|CC#74|CC#75|CC#76|CC#77|CC#78|CC#79|CC#80|CC#81|CC#82|CC#83|CC#84|CC#85|CC#86|CC#87|CC#88|CC#89|CC#90|CC#91|CC#92|CC#93|CC#94|CC#95	437	437		1	verified_transport	pdf_inventory+firmware_sweep+manual_range	range from Parameter Guide E2: GLB-11 order as printed
global	0	510	Control Change Operation	Control Change #28 Operation	Control Change #28 Transmit	enum	0	1		OFF|ON	438	438		1	verified_transport	pdf_inventory+firmware_sweep+manual_range	range from Parameter Guide E2: GLB-11
global	0	511	Control Change Operation	Control Change #28 Operation	Control Change #28 Receive	enum	0	2		DSBL|ENBL|INTP	438	438		1	verified_transport	pdf_inventory+firmware_sweep+manual_range	range from Parameter Guide E2: GLB-11
global	0	512	Control Change Operation	Control Change #28 Operation	Control Change #28 Return	enum	0	1		OFF|ON	438	438		1	verified_transport	pdf_inventory+firmware_sweep+manual_range	range from Parameter Guide E2: GLB-11
global	0	513	Control Change Operation	Control Change #28 Operation	Control Change #28 Translation	enum	0	97		P.Bend|After Touch|CC#00|CC#01|CC#02|CC#03|CC#04|CC#05|CC#06|CC#07|CC#08|CC#09|CC#10|CC#11|CC#12|CC#13|CC#14|CC#15|CC#16|CC#17|CC#18|CC#19|CC#20|CC#21|CC#22|CC#23|CC#24|CC#25|CC#26|CC#27|CC#28|CC#29|CC#30|CC#31|CC#32|CC#33|CC#34|CC#35|CC#36|CC#37|CC#38|CC#39|CC#40|CC#41|CC#42|CC#43|CC#44|CC#45|CC#46|CC#47|CC#48|CC#49|CC#50|CC#51|CC#52|CC#53|CC#54|CC#55|CC#56|CC#57|CC#58|CC#59|CC#60|CC#61|CC#62|CC#63|CC#64|CC#65|CC#66|CC#67|CC#68|CC#69|CC#70|CC#71|CC#72|CC#73|CC#74|CC#75|CC#76|CC#77|CC#78|CC#79|CC#80|CC#81|CC#82|CC#83|CC#84|CC#85|CC#86|CC#87|CC#88|CC#89|CC#90|CC#91|CC#92|CC#93|CC#94|CC#95	439	439		1	verified_transport	pdf_inventory+firmware_sweep+manual_range	range from Parameter Guide E2: GLB-11 order as printed
global	0	514	Control Change Operation	Control Change #29 Operation	Control Change #29 Transmit	enum	0	1		OFF|ON	440	440		1	verified_transport	pdf_inventory+firmware_sweep+manual_range	range from Parameter Guide E2: GLB-11
global	0	515	Control Change Operation	Control Change #29 Operation	Control Change #29 Receive	enum	0	2		DSBL|ENBL|INTP	440	440		1	verified_transport	pdf_inventory+firmware_sweep+manual_range	range from Parameter Guide E2: GLB-11
global	0	516	Control Change Operation	Control Change #29 Operation	Control Change #29 Return	enum	0	1		OFF|ON	440	440		1	verified_transport	pdf_inventory+firmware_sweep+manual_range	range from Parameter Guide E2: GLB-11
global	0	517	Control Change Operation	Control Change #29 Operation	Control Change #29 Translation	enum	0	97		P.Bend|After Touch|CC#00|CC#01|CC#02|CC#03|CC#04|CC#05|CC#06|CC#07|CC#08|CC#09|CC#10|CC#11|CC#12|CC#13|CC#14|CC#15|CC#16|CC#17|CC#18|CC#19|CC#20|CC#21|CC#22|CC#23|CC#24|CC#25|CC#26|CC#27|CC#28|CC#29|CC#30|CC#31|CC#32|CC#33|CC#34|CC#35|CC#36|CC#37|CC#38|CC#39|CC#40|CC#41|CC#42|CC#43|CC#44|CC#45|CC#46|CC#47|CC#48|CC#49|CC#50|CC#51|CC#52|CC#53|CC#54|CC#55|CC#56|CC#57|CC#58|CC#59|CC#60|CC#61|CC#62|CC#63|CC#64|CC#65|CC#66|CC#67|CC#68|CC#69|CC#70|CC#71|CC#72|CC#73|CC#74|CC#75|CC#76|CC#77|CC#78|CC#79|CC#80|CC#81|CC#82|CC#83|CC#84|CC#85|CC#86|CC#87|CC#88|CC#89|CC#90|CC#91|CC#92|CC#93|CC#94|CC#95	441	441		1	verified_transport	pdf_inventory+firmware_sweep+manual_range	range from Parameter Guide E2: GLB-11 order as printed
global	0	518	Control Change Operation	Control Change #30 Operation	Control Change #30 Transmit	enum	0	1		OFF|ON	442	442		1	verified_transport	pdf_inventory+firmware_sweep+manual_range	range from Parameter Guide E2: GLB-11
global	0	519	Control Change Operation	Control Change #30 Operation	Control Change #30 Receive	enum	0	2		DSBL|ENBL|INTP	442	442		1	verified_transport	pdf_inventory+firmware_sweep+manual_range	range from Parameter Guide E2: GLB-11
global	0	520	Control Change Operation	Control Change #30 Operation	Control Change #30 Return	enum	0	1		OFF|ON	442	442		1	verified_transport	pdf_inventory+firmware_sweep+manual_range	range from Parameter Guide E2: GLB-11
global	0	521	Control Change Operation	Control Change #30 Operation	Control Change #30 Translation	enum	0	97		P.Bend|After Touch|CC#00|CC#01|CC#02|CC#03|CC#04|CC#05|CC#06|CC#07|CC#08|CC#09|CC#10|CC#11|CC#12|CC#13|CC#14|CC#15|CC#16|CC#17|CC#18|CC#19|CC#20|CC#21|CC#22|CC#23|CC#24|CC#25|CC#26|CC#27|CC#28|CC#29|CC#30|CC#31|CC#32|CC#33|CC#34|CC#35|CC#36|CC#37|CC#38|CC#39|CC#40|CC#41|CC#42|CC#43|CC#44|CC#45|CC#46|CC#47|CC#48|CC#49|CC#50|CC#51|CC#52|CC#53|CC#54|CC#55|CC#56|CC#57|CC#58|CC#59|CC#60|CC#61|CC#62|CC#63|CC#64|CC#65|CC#66|CC#67|CC#68|CC#69|CC#70|CC#71|CC#72|CC#73|CC#74|CC#75|CC#76|CC#77|CC#78|CC#79|CC#80|CC#81|CC#82|CC#83|CC#84|CC#85|CC#86|CC#87|CC#88|CC#89|CC#90|CC#91|CC#92|CC#93|CC#94|CC#95	443	443		1	verified_transport	pdf_inventory+firmware_sweep+manual_range	range from Parameter Guide E2: GLB-11 order as printed
global	0	522	Control Change Operation	Control Change #31 Operation	Control Change #31 Transmit	enum	0	1		OFF|ON	444	444		1	verified_transport	pdf_inventory+firmware_sweep+manual_range	range from Parameter Guide E2: GLB-11
global	0	523	Control Change Operation	Control Change #31 Operation	Control Change #31 Receive	enum	0	2		DSBL|ENBL|INTP	444	444		1	verified_transport	pdf_inventory+firmware_sweep+manual_range	range from Parameter Guide E2: GLB-11
global	0	524	Control Change Operation	Control Change #31 Operation	Control Change #31 Return	enum	0	1		OFF|ON	444	444		1	verified_transport	pdf_inventory+firmware_sweep+manual_range	range from Parameter Guide E2: GLB-11
global	0	525	Control Change Operation	Control Change #31 Operation	Control Change #31 Translation	enum	0	97		P.Bend|After Touch|CC#00|CC#01|CC#02|CC#03|CC#04|CC#05|CC#06|CC#07|CC#08|CC#09|CC#10|CC#11|CC#12|CC#13|CC#14|CC#15|CC#16|CC#17|CC#18|CC#19|CC#20|CC#21|CC#22|CC#23|CC#24|CC#25|CC#26|CC#27|CC#28|CC#29|CC#30|CC#31|CC#32|CC#33|CC#34|CC#35|CC#36|CC#37|CC#38|CC#39|CC#40|CC#41|CC#42|CC#43|CC#44|CC#45|CC#46|CC#47|CC#48|CC#49|CC#50|CC#51|CC#52|CC#53|CC#54|CC#55|CC#56|CC#57|CC#58|CC#59|CC#60|CC#61|CC#62|CC#63|CC#64|CC#65|CC#66|CC#67|CC#68|CC#69|CC#70|CC#71|CC#72|CC#73|CC#74|CC#75|CC#76|CC#77|CC#78|CC#79|CC#80|CC#81|CC#82|CC#83|CC#84|CC#85|CC#86|CC#87|CC#88|CC#89|CC#90|CC#91|CC#92|CC#93|CC#94|CC#95	445	445		1	verified_transport	pdf_inventory+firmware_sweep+manual_range	range from Parameter Guide E2: GLB-11 order as printed
global	0	526	Control Change Operation	Control Change #32 Operation	Control Change #32 Transmit	enum	0	1		OFF|ON	446	446		1	verified_transport	pdf_inventory+firmware_sweep+manual_range	range from Parameter Guide E2: GLB-11
global	0	527	Control Change Operation	Control Change #32 Operation	Control Change #32 Receive	enum	0	2		DSBL|ENBL|INTP	446	446		1	verified_transport	pdf_inventory+firmware_sweep+manual_range	range from Parameter Guide E2: GLB-11
global	0	528	Control Change Operation	Control Change #32 Operation	Control Change #32 Return	enum	0	1		OFF|ON	446	446		1	verified_transport	pdf_inventory+firmware_sweep+manual_range	range from Parameter Guide E2: GLB-11
global	0	529	Control Change Operation	Control Change #32 Operation	Control Change #32 Translation	enum	0	97		P.Bend|After Touch|CC#00|CC#01|CC#02|CC#03|CC#04|CC#05|CC#06|CC#07|CC#08|CC#09|CC#10|CC#11|CC#12|CC#13|CC#14|CC#15|CC#16|CC#17|CC#18|CC#19|CC#20|CC#21|CC#22|CC#23|CC#24|CC#25|CC#26|CC#27|CC#28|CC#29|CC#30|CC#31|CC#32|CC#33|CC#34|CC#35|CC#36|CC#37|CC#38|CC#39|CC#40|CC#41|CC#42|CC#43|CC#44|CC#45|CC#46|CC#47|CC#48|CC#49|CC#50|CC#51|CC#52|CC#53|CC#54|CC#55|CC#56|CC#57|CC#58|CC#59|CC#60|CC#61|CC#62|CC#63|CC#64|CC#65|CC#66|CC#67|CC#68|CC#69|CC#70|CC#71|CC#72|CC#73|CC#74|CC#75|CC#76|CC#77|CC#78|CC#79|CC#80|CC#81|CC#82|CC#83|CC#84|CC#85|CC#86|CC#87|CC#88|CC#89|CC#90|CC#91|CC#92|CC#93|CC#94|CC#95	447	447		1	verified_transport	pdf_inventory+firmware_sweep+manual_range	range from Parameter Guide E2: GLB-11 order as printed
global	0	530	Control Change Operation	Control Change #33 Operation	Control Change #33 Transmit	enum	0	1		OFF|ON	448	448		1	verified_transport	pdf_inventory+firmware_sweep+manual_range	range from Parameter Guide E2: GLB-11
global	0	531	Control Change Operation	Control Change #33 Operation	Control Change #33 Receive	enum	0	2		DSBL|ENBL|INTP	448	448		1	verified_transport	pdf_inventory+firmware_sweep+manual_range	range from Parameter Guide E2: GLB-11
global	0	532	Control Change Operation	Control Change #33 Operation	Control Change #33 Return	enum	0	1		OFF|ON	448	448		1	verified_transport	pdf_inventory+firmware_sweep+manual_range	range from Parameter Guide E2: GLB-11
global	0	533	Control Change Operation	Control Change #33 Operation	Control Change #33 Translation	enum	0	97		P.Bend|After Touch|CC#00|CC#01|CC#02|CC#03|CC#04|CC#05|CC#06|CC#07|CC#08|CC#09|CC#10|CC#11|CC#12|CC#13|CC#14|CC#15|CC#16|CC#17|CC#18|CC#19|CC#20|CC#21|CC#22|CC#23|CC#24|CC#25|CC#26|CC#27|CC#28|CC#29|CC#30|CC#31|CC#32|CC#33|CC#34|CC#35|CC#36|CC#37|CC#38|CC#39|CC#40|CC#41|CC#42|CC#43|CC#44|CC#45|CC#46|CC#47|CC#48|CC#49|CC#50|CC#51|CC#52|CC#53|CC#54|CC#55|CC#56|CC#57|CC#58|CC#59|CC#60|CC#61|CC#62|CC#63|CC#64|CC#65|CC#66|CC#67|CC#68|CC#69|CC#70|CC#71|CC#72|CC#73|CC#74|CC#75|CC#76|CC#77|CC#78|CC#79|CC#80|CC#81|CC#82|CC#83|CC#84|CC#85|CC#86|CC#87|CC#88|CC#89|CC#90|CC#91|CC#92|CC#93|CC#94|CC#95	449	449		1	verified_transport	pdf_inventory+firmware_sweep+manual_range	range from Parameter Guide E2: GLB-11 order as printed
global	0	534	Control Change Operation	Control Change #34 Operation	Control Change #34 Transmit	enum	0	1		OFF|ON	450	450		1	verified_transport	pdf_inventory+firmware_sweep+manual_range	range from Parameter Guide E2: GLB-11
global	0	535	Control Change Operation	Control Change #34 Operation	Control Change #34 Receive	enum	0	2		DSBL|ENBL|INTP	450	450		1	verified_transport	pdf_inventory+firmware_sweep+manual_range	range from Parameter Guide E2: GLB-11
global	0	536	Control Change Operation	Control Change #34 Operation	Control Change #34 Return	enum	0	1		OFF|ON	450	450		1	verified_transport	pdf_inventory+firmware_sweep+manual_range	range from Parameter Guide E2: GLB-11
global	0	537	Control Change Operation	Control Change #34 Operation	Control Change #34 Translation	enum	0	97		P.Bend|After Touch|CC#00|CC#01|CC#02|CC#03|CC#04|CC#05|CC#06|CC#07|CC#08|CC#09|CC#10|CC#11|CC#12|CC#13|CC#14|CC#15|CC#16|CC#17|CC#18|CC#19|CC#20|CC#21|CC#22|CC#23|CC#24|CC#25|CC#26|CC#27|CC#28|CC#29|CC#30|CC#31|CC#32|CC#33|CC#34|CC#35|CC#36|CC#37|CC#38|CC#39|CC#40|CC#41|CC#42|CC#43|CC#44|CC#45|CC#46|CC#47|CC#48|CC#49|CC#50|CC#51|CC#52|CC#53|CC#54|CC#55|CC#56|CC#57|CC#58|CC#59|CC#60|CC#61|CC#62|CC#63|CC#64|CC#65|CC#66|CC#67|CC#68|CC#69|CC#70|CC#71|CC#72|CC#73|CC#74|CC#75|CC#76|CC#77|CC#78|CC#79|CC#80|CC#81|CC#82|CC#83|CC#84|CC#85|CC#86|CC#87|CC#88|CC#89|CC#90|CC#91|CC#92|CC#93|CC#94|CC#95	451	451		1	verified_transport	pdf_inventory+firmware_sweep+manual_range	range from Parameter Guide E2: GLB-11 order as printed
global	0	538	Control Change Operation	Control Change #35 Operation	Control Change #35 Transmit	enum	0	1		OFF|ON	452	452		1	verified_transport	pdf_inventory+firmware_sweep+manual_range	range from Parameter Guide E2: GLB-11
global	0	539	Control Change Operation	Control Change #35 Operation	Control Change #35 Receive	enum	0	2		DSBL|ENBL|INTP	452	452		1	verified_transport	pdf_inventory+firmware_sweep+manual_range	range from Parameter Guide E2: GLB-11
global	0	540	Control Change Operation	Control Change #35 Operation	Control Change #35 Return	enum	0	1		OFF|ON	452	452		1	verified_transport	pdf_inventory+firmware_sweep+manual_range	range from Parameter Guide E2: GLB-11
global	0	541	Control Change Operation	Control Change #35 Operation	Control Change #35 Translation	enum	0	97		P.Bend|After Touch|CC#00|CC#01|CC#02|CC#03|CC#04|CC#05|CC#06|CC#07|CC#08|CC#09|CC#10|CC#11|CC#12|CC#13|CC#14|CC#15|CC#16|CC#17|CC#18|CC#19|CC#20|CC#21|CC#22|CC#23|CC#24|CC#25|CC#26|CC#27|CC#28|CC#29|CC#30|CC#31|CC#32|CC#33|CC#34|CC#35|CC#36|CC#37|CC#38|CC#39|CC#40|CC#41|CC#42|CC#43|CC#44|CC#45|CC#46|CC#47|CC#48|CC#49|CC#50|CC#51|CC#52|CC#53|CC#54|CC#55|CC#56|CC#57|CC#58|CC#59|CC#60|CC#61|CC#62|CC#63|CC#64|CC#65|CC#66|CC#67|CC#68|CC#69|CC#70|CC#71|CC#72|CC#73|CC#74|CC#75|CC#76|CC#77|CC#78|CC#79|CC#80|CC#81|CC#82|CC#83|CC#84|CC#85|CC#86|CC#87|CC#88|CC#89|CC#90|CC#91|CC#92|CC#93|CC#94|CC#95	453	453		1	verified_transport	pdf_inventory+firmware_sweep+manual_range	range from Parameter Guide E2: GLB-11 order as printed
global	0	542	Control Change Operation	Control Change #36 Operation	Control Change #36 Transmit	enum	0	1		OFF|ON	454	454		1	verified_transport	pdf_inventory+firmware_sweep+manual_range	range from Parameter Guide E2: GLB-11
global	0	543	Control Change Operation	Control Change #36 Operation	Control Change #36 Receive	enum	0	2		DSBL|ENBL|INTP	454	454		1	verified_transport	pdf_inventory+firmware_sweep+manual_range	range from Parameter Guide E2: GLB-11
global	0	544	Control Change Operation	Control Change #36 Operation	Control Change #36 Return	enum	0	1		OFF|ON	454	454		1	verified_transport	pdf_inventory+firmware_sweep+manual_range	range from Parameter Guide E2: GLB-11
global	0	545	Control Change Operation	Control Change #36 Operation	Control Change #36 Translation	enum	0	97		P.Bend|After Touch|CC#00|CC#01|CC#02|CC#03|CC#04|CC#05|CC#06|CC#07|CC#08|CC#09|CC#10|CC#11|CC#12|CC#13|CC#14|CC#15|CC#16|CC#17|CC#18|CC#19|CC#20|CC#21|CC#22|CC#23|CC#24|CC#25|CC#26|CC#27|CC#28|CC#29|CC#30|CC#31|CC#32|CC#33|CC#34|CC#35|CC#36|CC#37|CC#38|CC#39|CC#40|CC#41|CC#42|CC#43|CC#44|CC#45|CC#46|CC#47|CC#48|CC#49|CC#50|CC#51|CC#52|CC#53|CC#54|CC#55|CC#56|CC#57|CC#58|CC#59|CC#60|CC#61|CC#62|CC#63|CC#64|CC#65|CC#66|CC#67|CC#68|CC#69|CC#70|CC#71|CC#72|CC#73|CC#74|CC#75|CC#76|CC#77|CC#78|CC#79|CC#80|CC#81|CC#82|CC#83|CC#84|CC#85|CC#86|CC#87|CC#88|CC#89|CC#90|CC#91|CC#92|CC#93|CC#94|CC#95	455	455		1	verified_transport	pdf_inventory+firmware_sweep+manual_range	range from Parameter Guide E2: GLB-11 order as printed
global	0	546	Control Change Operation	Control Change #37 Operation	Control Change #37 Transmit	enum	0	1		OFF|ON	456	456		1	verified_transport	pdf_inventory+firmware_sweep+manual_range	range from Parameter Guide E2: GLB-11
global	0	547	Control Change Operation	Control Change #37 Operation	Control Change #37 Receive	enum	0	2		DSBL|ENBL|INTP	456	456		1	verified_transport	pdf_inventory+firmware_sweep+manual_range	range from Parameter Guide E2: GLB-11
global	0	548	Control Change Operation	Control Change #37 Operation	Control Change #37 Return	enum	0	1		OFF|ON	456	456		1	verified_transport	pdf_inventory+firmware_sweep+manual_range	range from Parameter Guide E2: GLB-11
global	0	549	Control Change Operation	Control Change #37 Operation	Control Change #37 Translation	enum	0	97		P.Bend|After Touch|CC#00|CC#01|CC#02|CC#03|CC#04|CC#05|CC#06|CC#07|CC#08|CC#09|CC#10|CC#11|CC#12|CC#13|CC#14|CC#15|CC#16|CC#17|CC#18|CC#19|CC#20|CC#21|CC#22|CC#23|CC#24|CC#25|CC#26|CC#27|CC#28|CC#29|CC#30|CC#31|CC#32|CC#33|CC#34|CC#35|CC#36|CC#37|CC#38|CC#39|CC#40|CC#41|CC#42|CC#43|CC#44|CC#45|CC#46|CC#47|CC#48|CC#49|CC#50|CC#51|CC#52|CC#53|CC#54|CC#55|CC#56|CC#57|CC#58|CC#59|CC#60|CC#61|CC#62|CC#63|CC#64|CC#65|CC#66|CC#67|CC#68|CC#69|CC#70|CC#71|CC#72|CC#73|CC#74|CC#75|CC#76|CC#77|CC#78|CC#79|CC#80|CC#81|CC#82|CC#83|CC#84|CC#85|CC#86|CC#87|CC#88|CC#89|CC#90|CC#91|CC#92|CC#93|CC#94|CC#95	457	457		1	verified_transport	pdf_inventory+firmware_sweep+manual_range	range from Parameter Guide E2: GLB-11 order as printed
global	0	550	Control Change Operation	Control Change #38 Operation	Control Change #38 Transmit	enum	0	1		OFF|ON	458	458		1	verified_transport	pdf_inventory+firmware_sweep+manual_range	range from Parameter Guide E2: GLB-11
global	0	551	Control Change Operation	Control Change #38 Operation	Control Change #38 Receive	enum	0	2		DSBL|ENBL|INTP	458	458		1	verified_transport	pdf_inventory+firmware_sweep+manual_range	range from Parameter Guide E2: GLB-11
global	0	552	Control Change Operation	Control Change #38 Operation	Control Change #38 Return	enum	0	1		OFF|ON	458	458		1	verified_transport	pdf_inventory+firmware_sweep+manual_range	range from Parameter Guide E2: GLB-11
global	0	553	Control Change Operation	Control Change #38 Operation	Control Change #38 Translation	enum	0	97		P.Bend|After Touch|CC#00|CC#01|CC#02|CC#03|CC#04|CC#05|CC#06|CC#07|CC#08|CC#09|CC#10|CC#11|CC#12|CC#13|CC#14|CC#15|CC#16|CC#17|CC#18|CC#19|CC#20|CC#21|CC#22|CC#23|CC#24|CC#25|CC#26|CC#27|CC#28|CC#29|CC#30|CC#31|CC#32|CC#33|CC#34|CC#35|CC#36|CC#37|CC#38|CC#39|CC#40|CC#41|CC#42|CC#43|CC#44|CC#45|CC#46|CC#47|CC#48|CC#49|CC#50|CC#51|CC#52|CC#53|CC#54|CC#55|CC#56|CC#57|CC#58|CC#59|CC#60|CC#61|CC#62|CC#63|CC#64|CC#65|CC#66|CC#67|CC#68|CC#69|CC#70|CC#71|CC#72|CC#73|CC#74|CC#75|CC#76|CC#77|CC#78|CC#79|CC#80|CC#81|CC#82|CC#83|CC#84|CC#85|CC#86|CC#87|CC#88|CC#89|CC#90|CC#91|CC#92|CC#93|CC#94|CC#95	459	459		1	verified_transport	pdf_inventory+firmware_sweep+manual_range	range from Parameter Guide E2: GLB-11 order as printed
global	0	554	Control Change Operation	Control Change #39 Operation	Control Change #39 Transmit	enum	0	1		OFF|ON	460	460		1	verified_transport	pdf_inventory+firmware_sweep+manual_range	range from Parameter Guide E2: GLB-11
global	0	555	Control Change Operation	Control Change #39 Operation	Control Change #39 Receive	enum	0	2		DSBL|ENBL|INTP	460	460		1	verified_transport	pdf_inventory+firmware_sweep+manual_range	range from Parameter Guide E2: GLB-11
global	0	556	Control Change Operation	Control Change #39 Operation	Control Change #39 Return	enum	0	1		OFF|ON	460	460		1	verified_transport	pdf_inventory+firmware_sweep+manual_range	range from Parameter Guide E2: GLB-11
global	0	557	Control Change Operation	Control Change #39 Operation	Control Change #39 Translation	enum	0	97		P.Bend|After Touch|CC#00|CC#01|CC#02|CC#03|CC#04|CC#05|CC#06|CC#07|CC#08|CC#09|CC#10|CC#11|CC#12|CC#13|CC#14|CC#15|CC#16|CC#17|CC#18|CC#19|CC#20|CC#21|CC#22|CC#23|CC#24|CC#25|CC#26|CC#27|CC#28|CC#29|CC#30|CC#31|CC#32|CC#33|CC#34|CC#35|CC#36|CC#37|CC#38|CC#39|CC#40|CC#41|CC#42|CC#43|CC#44|CC#45|CC#46|CC#47|CC#48|CC#49|CC#50|CC#51|CC#52|CC#53|CC#54|CC#55|CC#56|CC#57|CC#58|CC#59|CC#60|CC#61|CC#62|CC#63|CC#64|CC#65|CC#66|CC#67|CC#68|CC#69|CC#70|CC#71|CC#72|CC#73|CC#74|CC#75|CC#76|CC#77|CC#78|CC#79|CC#80|CC#81|CC#82|CC#83|CC#84|CC#85|CC#86|CC#87|CC#88|CC#89|CC#90|CC#91|CC#92|CC#93|CC#94|CC#95	461	461		1	verified_transport	pdf_inventory+firmware_sweep+manual_range	range from Parameter Guide E2: GLB-11 order as printed
global	0	558	Control Change Operation	Control Change #40 Operation	Control Change #40 Transmit	enum	0	1		OFF|ON	462	462		1	verified_transport	pdf_inventory+firmware_sweep+manual_range	range from Parameter Guide E2: GLB-11
global	0	559	Control Change Operation	Control Change #40 Operation	Control Change #40 Receive	enum	0	2		DSBL|ENBL|INTP	462	462		1	verified_transport	pdf_inventory+firmware_sweep+manual_range	range from Parameter Guide E2: GLB-11
global	0	560	Control Change Operation	Control Change #40 Operation	Control Change #40 Return	enum	0	1		OFF|ON	462	462		1	verified_transport	pdf_inventory+firmware_sweep+manual_range	range from Parameter Guide E2: GLB-11
global	0	561	Control Change Operation	Control Change #40 Operation	Control Change #40 Translation	enum	0	97		P.Bend|After Touch|CC#00|CC#01|CC#02|CC#03|CC#04|CC#05|CC#06|CC#07|CC#08|CC#09|CC#10|CC#11|CC#12|CC#13|CC#14|CC#15|CC#16|CC#17|CC#18|CC#19|CC#20|CC#21|CC#22|CC#23|CC#24|CC#25|CC#26|CC#27|CC#28|CC#29|CC#30|CC#31|CC#32|CC#33|CC#34|CC#35|CC#36|CC#37|CC#38|CC#39|CC#40|CC#41|CC#42|CC#43|CC#44|CC#45|CC#46|CC#47|CC#48|CC#49|CC#50|CC#51|CC#52|CC#53|CC#54|CC#55|CC#56|CC#57|CC#58|CC#59|CC#60|CC#61|CC#62|CC#63|CC#64|CC#65|CC#66|CC#67|CC#68|CC#69|CC#70|CC#71|CC#72|CC#73|CC#74|CC#75|CC#76|CC#77|CC#78|CC#79|CC#80|CC#81|CC#82|CC#83|CC#84|CC#85|CC#86|CC#87|CC#88|CC#89|CC#90|CC#91|CC#92|CC#93|CC#94|CC#95	463	463		1	verified_transport	pdf_inventory+firmware_sweep+manual_range	range from Parameter Guide E2: GLB-11 order as printed
global	0	562	Control Change Operation	Control Change #41 Operation	Control Change #41 Transmit	enum	0	1		OFF|ON	464	464		1	verified_transport	pdf_inventory+firmware_sweep+manual_range	range from Parameter Guide E2: GLB-11
global	0	563	Control Change Operation	Control Change #41 Operation	Control Change #41 Receive	enum	0	2		DSBL|ENBL|INTP	464	464		1	verified_transport	pdf_inventory+firmware_sweep+manual_range	range from Parameter Guide E2: GLB-11
global	0	564	Control Change Operation	Control Change #41 Operation	Control Change #41 Return	enum	0	1		OFF|ON	464	464		1	verified_transport	pdf_inventory+firmware_sweep+manual_range	range from Parameter Guide E2: GLB-11
global	0	565	Control Change Operation	Control Change #41 Operation	Control Change #41 Translation	enum	0	97		P.Bend|After Touch|CC#00|CC#01|CC#02|CC#03|CC#04|CC#05|CC#06|CC#07|CC#08|CC#09|CC#10|CC#11|CC#12|CC#13|CC#14|CC#15|CC#16|CC#17|CC#18|CC#19|CC#20|CC#21|CC#22|CC#23|CC#24|CC#25|CC#26|CC#27|CC#28|CC#29|CC#30|CC#31|CC#32|CC#33|CC#34|CC#35|CC#36|CC#37|CC#38|CC#39|CC#40|CC#41|CC#42|CC#43|CC#44|CC#45|CC#46|CC#47|CC#48|CC#49|CC#50|CC#51|CC#52|CC#53|CC#54|CC#55|CC#56|CC#57|CC#58|CC#59|CC#60|CC#61|CC#62|CC#63|CC#64|CC#65|CC#66|CC#67|CC#68|CC#69|CC#70|CC#71|CC#72|CC#73|CC#74|CC#75|CC#76|CC#77|CC#78|CC#79|CC#80|CC#81|CC#82|CC#83|CC#84|CC#85|CC#86|CC#87|CC#88|CC#89|CC#90|CC#91|CC#92|CC#93|CC#94|CC#95	465	465		1	verified_transport	pdf_inventory+firmware_sweep+manual_range	range from Parameter Guide E2: GLB-11 order as printed
global	0	566	Control Change Operation	Control Change #42 Operation	Control Change #42 Transmit	enum	0	1		OFF|ON	466	466		1	verified_transport	pdf_inventory+firmware_sweep+manual_range	range from Parameter Guide E2: GLB-11
global	0	567	Control Change Operation	Control Change #42 Operation	Control Change #42 Receive	enum	0	2		DSBL|ENBL|INTP	466	466		1	verified_transport	pdf_inventory+firmware_sweep+manual_range	range from Parameter Guide E2: GLB-11
global	0	568	Control Change Operation	Control Change #42 Operation	Control Change #42 Return	enum	0	1		OFF|ON	466	466		1	verified_transport	pdf_inventory+firmware_sweep+manual_range	range from Parameter Guide E2: GLB-11
global	0	569	Control Change Operation	Control Change #42 Operation	Control Change #42 Translation	enum	0	97		P.Bend|After Touch|CC#00|CC#01|CC#02|CC#03|CC#04|CC#05|CC#06|CC#07|CC#08|CC#09|CC#10|CC#11|CC#12|CC#13|CC#14|CC#15|CC#16|CC#17|CC#18|CC#19|CC#20|CC#21|CC#22|CC#23|CC#24|CC#25|CC#26|CC#27|CC#28|CC#29|CC#30|CC#31|CC#32|CC#33|CC#34|CC#35|CC#36|CC#37|CC#38|CC#39|CC#40|CC#41|CC#42|CC#43|CC#44|CC#45|CC#46|CC#47|CC#48|CC#49|CC#50|CC#51|CC#52|CC#53|CC#54|CC#55|CC#56|CC#57|CC#58|CC#59|CC#60|CC#61|CC#62|CC#63|CC#64|CC#65|CC#66|CC#67|CC#68|CC#69|CC#70|CC#71|CC#72|CC#73|CC#74|CC#75|CC#76|CC#77|CC#78|CC#79|CC#80|CC#81|CC#82|CC#83|CC#84|CC#85|CC#86|CC#87|CC#88|CC#89|CC#90|CC#91|CC#92|CC#93|CC#94|CC#95	467	467		1	verified_transport	pdf_inventory+firmware_sweep+manual_range	range from Parameter Guide E2: GLB-11 order as printed
global	0	570	Control Change Operation	Control Change #43 Operation	Control Change #43 Transmit	enum	0	1		OFF|ON	468	468		1	verified_transport	pdf_inventory+firmware_sweep+manual_range	range from Parameter Guide E2: GLB-11
global	0	571	Control Change Operation	Control Change #43 Operation	Control Change #43 Receive	enum	0	2		DSBL|ENBL|INTP	468	468		1	verified_transport	pdf_inventory+firmware_sweep+manual_range	range from Parameter Guide E2: GLB-11
global	0	572	Control Change Operation	Control Change #43 Operation	Control Change #43 Return	enum	0	1		OFF|ON	468	468		1	verified_transport	pdf_inventory+firmware_sweep+manual_range	range from Parameter Guide E2: GLB-11
global	0	573	Control Change Operation	Control Change #43 Operation	Control Change #43 Translation	enum	0	97		P.Bend|After Touch|CC#00|CC#01|CC#02|CC#03|CC#04|CC#05|CC#06|CC#07|CC#08|CC#09|CC#10|CC#11|CC#12|CC#13|CC#14|CC#15|CC#16|CC#17|CC#18|CC#19|CC#20|CC#21|CC#22|CC#23|CC#24|CC#25|CC#26|CC#27|CC#28|CC#29|CC#30|CC#31|CC#32|CC#33|CC#34|CC#35|CC#36|CC#37|CC#38|CC#39|CC#40|CC#41|CC#42|CC#43|CC#44|CC#45|CC#46|CC#47|CC#48|CC#49|CC#50|CC#51|CC#52|CC#53|CC#54|CC#55|CC#56|CC#57|CC#58|CC#59|CC#60|CC#61|CC#62|CC#63|CC#64|CC#65|CC#66|CC#67|CC#68|CC#69|CC#70|CC#71|CC#72|CC#73|CC#74|CC#75|CC#76|CC#77|CC#78|CC#79|CC#80|CC#81|CC#82|CC#83|CC#84|CC#85|CC#86|CC#87|CC#88|CC#89|CC#90|CC#91|CC#92|CC#93|CC#94|CC#95	469	469		1	verified_transport	pdf_inventory+firmware_sweep+manual_range	range from Parameter Guide E2: GLB-11 order as printed
global	0	574	Control Change Operation	Control Change #44 Operation	Control Change #44 Transmit	enum	0	1		OFF|ON	470	470		1	verified_transport	pdf_inventory+firmware_sweep+manual_range	range from Parameter Guide E2: GLB-11
global	0	575	Control Change Operation	Control Change #44 Operation	Control Change #44 Receive	enum	0	2		DSBL|ENBL|INTP	470	470		1	verified_transport	pdf_inventory+firmware_sweep+manual_range	range from Parameter Guide E2: GLB-11
global	0	576	Control Change Operation	Control Change #44 Operation	Control Change #44 Return	enum	0	1		OFF|ON	470	470		1	verified_transport	pdf_inventory+firmware_sweep+manual_range	range from Parameter Guide E2: GLB-11
global	0	577	Control Change Operation	Control Change #44 Operation	Control Change #44 Translation	enum	0	97		P.Bend|After Touch|CC#00|CC#01|CC#02|CC#03|CC#04|CC#05|CC#06|CC#07|CC#08|CC#09|CC#10|CC#11|CC#12|CC#13|CC#14|CC#15|CC#16|CC#17|CC#18|CC#19|CC#20|CC#21|CC#22|CC#23|CC#24|CC#25|CC#26|CC#27|CC#28|CC#29|CC#30|CC#31|CC#32|CC#33|CC#34|CC#35|CC#36|CC#37|CC#38|CC#39|CC#40|CC#41|CC#42|CC#43|CC#44|CC#45|CC#46|CC#47|CC#48|CC#49|CC#50|CC#51|CC#52|CC#53|CC#54|CC#55|CC#56|CC#57|CC#58|CC#59|CC#60|CC#61|CC#62|CC#63|CC#64|CC#65|CC#66|CC#67|CC#68|CC#69|CC#70|CC#71|CC#72|CC#73|CC#74|CC#75|CC#76|CC#77|CC#78|CC#79|CC#80|CC#81|CC#82|CC#83|CC#84|CC#85|CC#86|CC#87|CC#88|CC#89|CC#90|CC#91|CC#92|CC#93|CC#94|CC#95	471	471		1	verified_transport	pdf_inventory+firmware_sweep+manual_range	range from Parameter Guide E2: GLB-11 order as printed
global	0	578	Control Change Operation	Control Change #45 Operation	Control Change #45 Transmit	enum	0	1		OFF|ON	472	472		1	verified_transport	pdf_inventory+firmware_sweep+manual_range	range from Parameter Guide E2: GLB-11
global	0	579	Control Change Operation	Control Change #45 Operation	Control Change #45 Receive	enum	0	2		DSBL|ENBL|INTP	472	472		1	verified_transport	pdf_inventory+firmware_sweep+manual_range	range from Parameter Guide E2: GLB-11
global	0	580	Control Change Operation	Control Change #45 Operation	Control Change #45 Return	enum	0	1		OFF|ON	472	472		1	verified_transport	pdf_inventory+firmware_sweep+manual_range	range from Parameter Guide E2: GLB-11
global	0	581	Control Change Operation	Control Change #45 Operation	Control Change #45 Translation	enum	0	97		P.Bend|After Touch|CC#00|CC#01|CC#02|CC#03|CC#04|CC#05|CC#06|CC#07|CC#08|CC#09|CC#10|CC#11|CC#12|CC#13|CC#14|CC#15|CC#16|CC#17|CC#18|CC#19|CC#20|CC#21|CC#22|CC#23|CC#24|CC#25|CC#26|CC#27|CC#28|CC#29|CC#30|CC#31|CC#32|CC#33|CC#34|CC#35|CC#36|CC#37|CC#38|CC#39|CC#40|CC#41|CC#42|CC#43|CC#44|CC#45|CC#46|CC#47|CC#48|CC#49|CC#50|CC#51|CC#52|CC#53|CC#54|CC#55|CC#56|CC#57|CC#58|CC#59|CC#60|CC#61|CC#62|CC#63|CC#64|CC#65|CC#66|CC#67|CC#68|CC#69|CC#70|CC#71|CC#72|CC#73|CC#74|CC#75|CC#76|CC#77|CC#78|CC#79|CC#80|CC#81|CC#82|CC#83|CC#84|CC#85|CC#86|CC#87|CC#88|CC#89|CC#90|CC#91|CC#92|CC#93|CC#94|CC#95	473	473		1	verified_transport	pdf_inventory+firmware_sweep+manual_range	range from Parameter Guide E2: GLB-11 order as printed
global	0	582	Control Change Operation	Control Change #46 Operation	Control Change #46 Transmit	enum	0	1		OFF|ON	474	474		1	verified_transport	pdf_inventory+firmware_sweep+manual_range	range from Parameter Guide E2: GLB-11
global	0	583	Control Change Operation	Control Change #46 Operation	Control Change #46 Receive	enum	0	2		DSBL|ENBL|INTP	474	474		1	verified_transport	pdf_inventory+firmware_sweep+manual_range	range from Parameter Guide E2: GLB-11
global	0	584	Control Change Operation	Control Change #46 Operation	Control Change #46 Return	enum	0	1		OFF|ON	474	474		1	verified_transport	pdf_inventory+firmware_sweep+manual_range	range from Parameter Guide E2: GLB-11
global	0	585	Control Change Operation	Control Change #46 Operation	Control Change #46 Translation	enum	0	97		P.Bend|After Touch|CC#00|CC#01|CC#02|CC#03|CC#04|CC#05|CC#06|CC#07|CC#08|CC#09|CC#10|CC#11|CC#12|CC#13|CC#14|CC#15|CC#16|CC#17|CC#18|CC#19|CC#20|CC#21|CC#22|CC#23|CC#24|CC#25|CC#26|CC#27|CC#28|CC#29|CC#30|CC#31|CC#32|CC#33|CC#34|CC#35|CC#36|CC#37|CC#38|CC#39|CC#40|CC#41|CC#42|CC#43|CC#44|CC#45|CC#46|CC#47|CC#48|CC#49|CC#50|CC#51|CC#52|CC#53|CC#54|CC#55|CC#56|CC#57|CC#58|CC#59|CC#60|CC#61|CC#62|CC#63|CC#64|CC#65|CC#66|CC#67|CC#68|CC#69|CC#70|CC#71|CC#72|CC#73|CC#74|CC#75|CC#76|CC#77|CC#78|CC#79|CC#80|CC#81|CC#82|CC#83|CC#84|CC#85|CC#86|CC#87|CC#88|CC#89|CC#90|CC#91|CC#92|CC#93|CC#94|CC#95	475	475		1	verified_transport	pdf_inventory+firmware_sweep+manual_range	range from Parameter Guide E2: GLB-11 order as printed
global	0	586	Control Change Operation	Control Change #47 Operation	Control Change #47 Transmit	enum	0	1		OFF|ON	476	476		1	verified_transport	pdf_inventory+firmware_sweep+manual_range	range from Parameter Guide E2: GLB-11
global	0	587	Control Change Operation	Control Change #47 Operation	Control Change #47 Receive	enum	0	2		DSBL|ENBL|INTP	476	476		1	verified_transport	pdf_inventory+firmware_sweep+manual_range	range from Parameter Guide E2: GLB-11
global	0	588	Control Change Operation	Control Change #47 Operation	Control Change #47 Return	enum	0	1		OFF|ON	476	476		1	verified_transport	pdf_inventory+firmware_sweep+manual_range	range from Parameter Guide E2: GLB-11
global	0	589	Control Change Operation	Control Change #47 Operation	Control Change #47 Translation	enum	0	97		P.Bend|After Touch|CC#00|CC#01|CC#02|CC#03|CC#04|CC#05|CC#06|CC#07|CC#08|CC#09|CC#10|CC#11|CC#12|CC#13|CC#14|CC#15|CC#16|CC#17|CC#18|CC#19|CC#20|CC#21|CC#22|CC#23|CC#24|CC#25|CC#26|CC#27|CC#28|CC#29|CC#30|CC#31|CC#32|CC#33|CC#34|CC#35|CC#36|CC#37|CC#38|CC#39|CC#40|CC#41|CC#42|CC#43|CC#44|CC#45|CC#46|CC#47|CC#48|CC#49|CC#50|CC#51|CC#52|CC#53|CC#54|CC#55|CC#56|CC#57|CC#58|CC#59|CC#60|CC#61|CC#62|CC#63|CC#64|CC#65|CC#66|CC#67|CC#68|CC#69|CC#70|CC#71|CC#72|CC#73|CC#74|CC#75|CC#76|CC#77|CC#78|CC#79|CC#80|CC#81|CC#82|CC#83|CC#84|CC#85|CC#86|CC#87|CC#88|CC#89|CC#90|CC#91|CC#92|CC#93|CC#94|CC#95	477	477		1	verified_transport	pdf_inventory+firmware_sweep+manual_range	range from Parameter Guide E2: GLB-11 order as printed
global	0	590	Control Change Operation	Control Change #48 Operation	Control Change #48 Transmit	enum	0	1		OFF|ON	478	478		1	verified_transport	pdf_inventory+firmware_sweep+manual_range	range from Parameter Guide E2: GLB-11
global	0	591	Control Change Operation	Control Change #48 Operation	Control Change #48 Receive	enum	0	2		DSBL|ENBL|INTP	478	478		1	verified_transport	pdf_inventory+firmware_sweep+manual_range	range from Parameter Guide E2: GLB-11
global	0	592	Control Change Operation	Control Change #48 Operation	Control Change #48 Return	enum	0	1		OFF|ON	478	478		1	verified_transport	pdf_inventory+firmware_sweep+manual_range	range from Parameter Guide E2: GLB-11
global	0	593	Control Change Operation	Control Change #48 Operation	Control Change #48 Translation	enum	0	97		P.Bend|After Touch|CC#00|CC#01|CC#02|CC#03|CC#04|CC#05|CC#06|CC#07|CC#08|CC#09|CC#10|CC#11|CC#12|CC#13|CC#14|CC#15|CC#16|CC#17|CC#18|CC#19|CC#20|CC#21|CC#22|CC#23|CC#24|CC#25|CC#26|CC#27|CC#28|CC#29|CC#30|CC#31|CC#32|CC#33|CC#34|CC#35|CC#36|CC#37|CC#38|CC#39|CC#40|CC#41|CC#42|CC#43|CC#44|CC#45|CC#46|CC#47|CC#48|CC#49|CC#50|CC#51|CC#52|CC#53|CC#54|CC#55|CC#56|CC#57|CC#58|CC#59|CC#60|CC#61|CC#62|CC#63|CC#64|CC#65|CC#66|CC#67|CC#68|CC#69|CC#70|CC#71|CC#72|CC#73|CC#74|CC#75|CC#76|CC#77|CC#78|CC#79|CC#80|CC#81|CC#82|CC#83|CC#84|CC#85|CC#86|CC#87|CC#88|CC#89|CC#90|CC#91|CC#92|CC#93|CC#94|CC#95	479	479		1	verified_transport	pdf_inventory+firmware_sweep+manual_range	range from Parameter Guide E2: GLB-11 order as printed
global	0	594	Control Change Operation	Control Change #49 Operation	Control Change #49 Transmit	enum	0	1		OFF|ON	480	480		1	verified_transport	pdf_inventory+firmware_sweep+manual_range	range from Parameter Guide E2: GLB-11
global	0	595	Control Change Operation	Control Change #49 Operation	Control Change #49 Receive	enum	0	2		DSBL|ENBL|INTP	480	480		1	verified_transport	pdf_inventory+firmware_sweep+manual_range	range from Parameter Guide E2: GLB-11
global	0	596	Control Change Operation	Control Change #49 Operation	Control Change #49 Return	enum	0	1		OFF|ON	480	480		1	verified_transport	pdf_inventory+firmware_sweep+manual_range	range from Parameter Guide E2: GLB-11
global	0	597	Control Change Operation	Control Change #49 Operation	Control Change #49 Translation	enum	0	97		P.Bend|After Touch|CC#00|CC#01|CC#02|CC#03|CC#04|CC#05|CC#06|CC#07|CC#08|CC#09|CC#10|CC#11|CC#12|CC#13|CC#14|CC#15|CC#16|CC#17|CC#18|CC#19|CC#20|CC#21|CC#22|CC#23|CC#24|CC#25|CC#26|CC#27|CC#28|CC#29|CC#30|CC#31|CC#32|CC#33|CC#34|CC#35|CC#36|CC#37|CC#38|CC#39|CC#40|CC#41|CC#42|CC#43|CC#44|CC#45|CC#46|CC#47|CC#48|CC#49|CC#50|CC#51|CC#52|CC#53|CC#54|CC#55|CC#56|CC#57|CC#58|CC#59|CC#60|CC#61|CC#62|CC#63|CC#64|CC#65|CC#66|CC#67|CC#68|CC#69|CC#70|CC#71|CC#72|CC#73|CC#74|CC#75|CC#76|CC#77|CC#78|CC#79|CC#80|CC#81|CC#82|CC#83|CC#84|CC#85|CC#86|CC#87|CC#88|CC#89|CC#90|CC#91|CC#92|CC#93|CC#94|CC#95	481	481		1	verified_transport	pdf_inventory+firmware_sweep+manual_range	range from Parameter Guide E2: GLB-11 order as printed
global	0	598	Control Change Operation	Control Change #50 Operation	Control Change #50 Transmit	enum	0	1		OFF|ON	482	482		1	verified_transport	pdf_inventory+firmware_sweep+manual_range	range from Parameter Guide E2: GLB-11
global	0	599	Control Change Operation	Control Change #50 Operation	Control Change #50 Receive	enum	0	2		DSBL|ENBL|INTP	482	482		1	verified_transport	pdf_inventory+firmware_sweep+manual_range	range from Parameter Guide E2: GLB-11
global	0	600	Control Change Operation	Control Change #50 Operation	Control Change #50 Return	enum	0	1		OFF|ON	482	482		1	verified_transport	pdf_inventory+firmware_sweep+manual_range	range from Parameter Guide E2: GLB-11
global	0	601	Control Change Operation	Control Change #50 Operation	Control Change #50 Translation	enum	0	97		P.Bend|After Touch|CC#00|CC#01|CC#02|CC#03|CC#04|CC#05|CC#06|CC#07|CC#08|CC#09|CC#10|CC#11|CC#12|CC#13|CC#14|CC#15|CC#16|CC#17|CC#18|CC#19|CC#20|CC#21|CC#22|CC#23|CC#24|CC#25|CC#26|CC#27|CC#28|CC#29|CC#30|CC#31|CC#32|CC#33|CC#34|CC#35|CC#36|CC#37|CC#38|CC#39|CC#40|CC#41|CC#42|CC#43|CC#44|CC#45|CC#46|CC#47|CC#48|CC#49|CC#50|CC#51|CC#52|CC#53|CC#54|CC#55|CC#56|CC#57|CC#58|CC#59|CC#60|CC#61|CC#62|CC#63|CC#64|CC#65|CC#66|CC#67|CC#68|CC#69|CC#70|CC#71|CC#72|CC#73|CC#74|CC#75|CC#76|CC#77|CC#78|CC#79|CC#80|CC#81|CC#82|CC#83|CC#84|CC#85|CC#86|CC#87|CC#88|CC#89|CC#90|CC#91|CC#92|CC#93|CC#94|CC#95	483	483		1	verified_transport	pdf_inventory+firmware_sweep+manual_range	range from Parameter Guide E2: GLB-11 order as printed
global	0	602	Control Change Operation	Control Change #51 Operation	Control Change #51 Transmit	enum	0	1		OFF|ON	484	484		1	verified_transport	pdf_inventory+firmware_sweep+manual_range	range from Parameter Guide E2: GLB-11
global	0	603	Control Change Operation	Control Change #51 Operation	Control Change #51 Receive	enum	0	2		DSBL|ENBL|INTP	484	484		1	verified_transport	pdf_inventory+firmware_sweep+manual_range	range from Parameter Guide E2: GLB-11
global	0	604	Control Change Operation	Control Change #51 Operation	Control Change #51 Return	enum	0	1		OFF|ON	484	484		1	verified_transport	pdf_inventory+firmware_sweep+manual_range	range from Parameter Guide E2: GLB-11
global	0	605	Control Change Operation	Control Change #51 Operation	Control Change #51 Translation	enum	0	97		P.Bend|After Touch|CC#00|CC#01|CC#02|CC#03|CC#04|CC#05|CC#06|CC#07|CC#08|CC#09|CC#10|CC#11|CC#12|CC#13|CC#14|CC#15|CC#16|CC#17|CC#18|CC#19|CC#20|CC#21|CC#22|CC#23|CC#24|CC#25|CC#26|CC#27|CC#28|CC#29|CC#30|CC#31|CC#32|CC#33|CC#34|CC#35|CC#36|CC#37|CC#38|CC#39|CC#40|CC#41|CC#42|CC#43|CC#44|CC#45|CC#46|CC#47|CC#48|CC#49|CC#50|CC#51|CC#52|CC#53|CC#54|CC#55|CC#56|CC#57|CC#58|CC#59|CC#60|CC#61|CC#62|CC#63|CC#64|CC#65|CC#66|CC#67|CC#68|CC#69|CC#70|CC#71|CC#72|CC#73|CC#74|CC#75|CC#76|CC#77|CC#78|CC#79|CC#80|CC#81|CC#82|CC#83|CC#84|CC#85|CC#86|CC#87|CC#88|CC#89|CC#90|CC#91|CC#92|CC#93|CC#94|CC#95	485	485		1	verified_transport	pdf_inventory+firmware_sweep+manual_range	range from Parameter Guide E2: GLB-11 order as printed
global	0	606	Control Change Operation	Control Change #52 Operation	Control Change #52 Transmit	enum	0	1		OFF|ON	486	486		1	verified_transport	pdf_inventory+firmware_sweep+manual_range	range from Parameter Guide E2: GLB-11
global	0	607	Control Change Operation	Control Change #52 Operation	Control Change #52 Receive	enum	0	2		DSBL|ENBL|INTP	486	486		1	verified_transport	pdf_inventory+firmware_sweep+manual_range	range from Parameter Guide E2: GLB-11
global	0	608	Control Change Operation	Control Change #52 Operation	Control Change #52 Return	enum	0	1		OFF|ON	486	486		1	verified_transport	pdf_inventory+firmware_sweep+manual_range	range from Parameter Guide E2: GLB-11
global	0	609	Control Change Operation	Control Change #52 Operation	Control Change #52 Translation	enum	0	97		P.Bend|After Touch|CC#00|CC#01|CC#02|CC#03|CC#04|CC#05|CC#06|CC#07|CC#08|CC#09|CC#10|CC#11|CC#12|CC#13|CC#14|CC#15|CC#16|CC#17|CC#18|CC#19|CC#20|CC#21|CC#22|CC#23|CC#24|CC#25|CC#26|CC#27|CC#28|CC#29|CC#30|CC#31|CC#32|CC#33|CC#34|CC#35|CC#36|CC#37|CC#38|CC#39|CC#40|CC#41|CC#42|CC#43|CC#44|CC#45|CC#46|CC#47|CC#48|CC#49|CC#50|CC#51|CC#52|CC#53|CC#54|CC#55|CC#56|CC#57|CC#58|CC#59|CC#60|CC#61|CC#62|CC#63|CC#64|CC#65|CC#66|CC#67|CC#68|CC#69|CC#70|CC#71|CC#72|CC#73|CC#74|CC#75|CC#76|CC#77|CC#78|CC#79|CC#80|CC#81|CC#82|CC#83|CC#84|CC#85|CC#86|CC#87|CC#88|CC#89|CC#90|CC#91|CC#92|CC#93|CC#94|CC#95	487	487		1	verified_transport	pdf_inventory+firmware_sweep+manual_range	range from Parameter Guide E2: GLB-11 order as printed
global	0	610	Control Change Operation	Control Change #53 Operation	Control Change #53 Transmit	enum	0	1		OFF|ON	488	488		1	verified_transport	pdf_inventory+firmware_sweep+manual_range	range from Parameter Guide E2: GLB-11
global	0	611	Control Change Operation	Control Change #53 Operation	Control Change #53 Receive	enum	0	2		DSBL|ENBL|INTP	488	488		1	verified_transport	pdf_inventory+firmware_sweep+manual_range	range from Parameter Guide E2: GLB-11
global	0	612	Control Change Operation	Control Change #53 Operation	Control Change #53 Return	enum	0	1		OFF|ON	488	488		1	verified_transport	pdf_inventory+firmware_sweep+manual_range	range from Parameter Guide E2: GLB-11
global	0	613	Control Change Operation	Control Change #53 Operation	Control Change #53 Translation	enum	0	97		P.Bend|After Touch|CC#00|CC#01|CC#02|CC#03|CC#04|CC#05|CC#06|CC#07|CC#08|CC#09|CC#10|CC#11|CC#12|CC#13|CC#14|CC#15|CC#16|CC#17|CC#18|CC#19|CC#20|CC#21|CC#22|CC#23|CC#24|CC#25|CC#26|CC#27|CC#28|CC#29|CC#30|CC#31|CC#32|CC#33|CC#34|CC#35|CC#36|CC#37|CC#38|CC#39|CC#40|CC#41|CC#42|CC#43|CC#44|CC#45|CC#46|CC#47|CC#48|CC#49|CC#50|CC#51|CC#52|CC#53|CC#54|CC#55|CC#56|CC#57|CC#58|CC#59|CC#60|CC#61|CC#62|CC#63|CC#64|CC#65|CC#66|CC#67|CC#68|CC#69|CC#70|CC#71|CC#72|CC#73|CC#74|CC#75|CC#76|CC#77|CC#78|CC#79|CC#80|CC#81|CC#82|CC#83|CC#84|CC#85|CC#86|CC#87|CC#88|CC#89|CC#90|CC#91|CC#92|CC#93|CC#94|CC#95	489	489		1	verified_transport	pdf_inventory+firmware_sweep+manual_range	range from Parameter Guide E2: GLB-11 order as printed
global	0	614	Control Change Operation	Control Change #54 Operation	Control Change #54 Transmit	enum	0	1		OFF|ON	490	490		1	verified_transport	pdf_inventory+firmware_sweep+manual_range	range from Parameter Guide E2: GLB-11
global	0	615	Control Change Operation	Control Change #54 Operation	Control Change #54 Receive	enum	0	2		DSBL|ENBL|INTP	490	490		1	verified_transport	pdf_inventory+firmware_sweep+manual_range	range from Parameter Guide E2: GLB-11
global	0	616	Control Change Operation	Control Change #54 Operation	Control Change #54 Return	enum	0	1		OFF|ON	490	490		1	verified_transport	pdf_inventory+firmware_sweep+manual_range	range from Parameter Guide E2: GLB-11
global	0	617	Control Change Operation	Control Change #54 Operation	Control Change #54 Translation	enum	0	97		P.Bend|After Touch|CC#00|CC#01|CC#02|CC#03|CC#04|CC#05|CC#06|CC#07|CC#08|CC#09|CC#10|CC#11|CC#12|CC#13|CC#14|CC#15|CC#16|CC#17|CC#18|CC#19|CC#20|CC#21|CC#22|CC#23|CC#24|CC#25|CC#26|CC#27|CC#28|CC#29|CC#30|CC#31|CC#32|CC#33|CC#34|CC#35|CC#36|CC#37|CC#38|CC#39|CC#40|CC#41|CC#42|CC#43|CC#44|CC#45|CC#46|CC#47|CC#48|CC#49|CC#50|CC#51|CC#52|CC#53|CC#54|CC#55|CC#56|CC#57|CC#58|CC#59|CC#60|CC#61|CC#62|CC#63|CC#64|CC#65|CC#66|CC#67|CC#68|CC#69|CC#70|CC#71|CC#72|CC#73|CC#74|CC#75|CC#76|CC#77|CC#78|CC#79|CC#80|CC#81|CC#82|CC#83|CC#84|CC#85|CC#86|CC#87|CC#88|CC#89|CC#90|CC#91|CC#92|CC#93|CC#94|CC#95	491	491		1	verified_transport	pdf_inventory+firmware_sweep+manual_range	range from Parameter Guide E2: GLB-11 order as printed
global	0	618	Control Change Operation	Control Change #55 Operation	Control Change #55 Transmit	enum	0	1		OFF|ON	492	492		1	verified_transport	pdf_inventory+firmware_sweep+manual_range	range from Parameter Guide E2: GLB-11
global	0	619	Control Change Operation	Control Change #55 Operation	Control Change #55 Receive	enum	0	2		DSBL|ENBL|INTP	492	492		1	verified_transport	pdf_inventory+firmware_sweep+manual_range	range from Parameter Guide E2: GLB-11
global	0	620	Control Change Operation	Control Change #55 Operation	Control Change #55 Return	enum	0	1		OFF|ON	492	492		1	verified_transport	pdf_inventory+firmware_sweep+manual_range	range from Parameter Guide E2: GLB-11
global	0	621	Control Change Operation	Control Change #55 Operation	Control Change #55 Translation	enum	0	97		P.Bend|After Touch|CC#00|CC#01|CC#02|CC#03|CC#04|CC#05|CC#06|CC#07|CC#08|CC#09|CC#10|CC#11|CC#12|CC#13|CC#14|CC#15|CC#16|CC#17|CC#18|CC#19|CC#20|CC#21|CC#22|CC#23|CC#24|CC#25|CC#26|CC#27|CC#28|CC#29|CC#30|CC#31|CC#32|CC#33|CC#34|CC#35|CC#36|CC#37|CC#38|CC#39|CC#40|CC#41|CC#42|CC#43|CC#44|CC#45|CC#46|CC#47|CC#48|CC#49|CC#50|CC#51|CC#52|CC#53|CC#54|CC#55|CC#56|CC#57|CC#58|CC#59|CC#60|CC#61|CC#62|CC#63|CC#64|CC#65|CC#66|CC#67|CC#68|CC#69|CC#70|CC#71|CC#72|CC#73|CC#74|CC#75|CC#76|CC#77|CC#78|CC#79|CC#80|CC#81|CC#82|CC#83|CC#84|CC#85|CC#86|CC#87|CC#88|CC#89|CC#90|CC#91|CC#92|CC#93|CC#94|CC#95	493	493		1	verified_transport	pdf_inventory+firmware_sweep+manual_range	range from Parameter Guide E2: GLB-11 order as printed
global	0	622	Control Change Operation	Control Change #56 Operation	Control Change #56 Transmit	enum	0	1		OFF|ON	494	494		1	verified_transport	pdf_inventory+firmware_sweep+manual_range	range from Parameter Guide E2: GLB-11
global	0	623	Control Change Operation	Control Change #56 Operation	Control Change #56 Receive	enum	0	2		DSBL|ENBL|INTP	494	494		1	verified_transport	pdf_inventory+firmware_sweep+manual_range	range from Parameter Guide E2: GLB-11
global	0	624	Control Change Operation	Control Change #56 Operation	Control Change #56 Return	enum	0	1		OFF|ON	494	494		1	verified_transport	pdf_inventory+firmware_sweep+manual_range	range from Parameter Guide E2: GLB-11
global	0	625	Control Change Operation	Control Change #56 Operation	Control Change #56 Translation	enum	0	97		P.Bend|After Touch|CC#00|CC#01|CC#02|CC#03|CC#04|CC#05|CC#06|CC#07|CC#08|CC#09|CC#10|CC#11|CC#12|CC#13|CC#14|CC#15|CC#16|CC#17|CC#18|CC#19|CC#20|CC#21|CC#22|CC#23|CC#24|CC#25|CC#26|CC#27|CC#28|CC#29|CC#30|CC#31|CC#32|CC#33|CC#34|CC#35|CC#36|CC#37|CC#38|CC#39|CC#40|CC#41|CC#42|CC#43|CC#44|CC#45|CC#46|CC#47|CC#48|CC#49|CC#50|CC#51|CC#52|CC#53|CC#54|CC#55|CC#56|CC#57|CC#58|CC#59|CC#60|CC#61|CC#62|CC#63|CC#64|CC#65|CC#66|CC#67|CC#68|CC#69|CC#70|CC#71|CC#72|CC#73|CC#74|CC#75|CC#76|CC#77|CC#78|CC#79|CC#80|CC#81|CC#82|CC#83|CC#84|CC#85|CC#86|CC#87|CC#88|CC#89|CC#90|CC#91|CC#92|CC#93|CC#94|CC#95	495	495		1	verified_transport	pdf_inventory+firmware_sweep+manual_range	range from Parameter Guide E2: GLB-11 order as printed
global	0	626	Control Change Operation	Control Change #57 Operation	Control Change #57 Transmit	enum	0	1		OFF|ON	496	496		1	verified_transport	pdf_inventory+firmware_sweep+manual_range	range from Parameter Guide E2: GLB-11
global	0	627	Control Change Operation	Control Change #57 Operation	Control Change #57 Receive	enum	0	2		DSBL|ENBL|INTP	496	496		1	verified_transport	pdf_inventory+firmware_sweep+manual_range	range from Parameter Guide E2: GLB-11
global	0	628	Control Change Operation	Control Change #57 Operation	Control Change #57 Return	enum	0	1		OFF|ON	496	496		1	verified_transport	pdf_inventory+firmware_sweep+manual_range	range from Parameter Guide E2: GLB-11
global	0	629	Control Change Operation	Control Change #57 Operation	Control Change #57 Translation	enum	0	97		P.Bend|After Touch|CC#00|CC#01|CC#02|CC#03|CC#04|CC#05|CC#06|CC#07|CC#08|CC#09|CC#10|CC#11|CC#12|CC#13|CC#14|CC#15|CC#16|CC#17|CC#18|CC#19|CC#20|CC#21|CC#22|CC#23|CC#24|CC#25|CC#26|CC#27|CC#28|CC#29|CC#30|CC#31|CC#32|CC#33|CC#34|CC#35|CC#36|CC#37|CC#38|CC#39|CC#40|CC#41|CC#42|CC#43|CC#44|CC#45|CC#46|CC#47|CC#48|CC#49|CC#50|CC#51|CC#52|CC#53|CC#54|CC#55|CC#56|CC#57|CC#58|CC#59|CC#60|CC#61|CC#62|CC#63|CC#64|CC#65|CC#66|CC#67|CC#68|CC#69|CC#70|CC#71|CC#72|CC#73|CC#74|CC#75|CC#76|CC#77|CC#78|CC#79|CC#80|CC#81|CC#82|CC#83|CC#84|CC#85|CC#86|CC#87|CC#88|CC#89|CC#90|CC#91|CC#92|CC#93|CC#94|CC#95	497	497		1	verified_transport	pdf_inventory+firmware_sweep+manual_range	range from Parameter Guide E2: GLB-11 order as printed
global	0	630	Control Change Operation	Control Change #58 Operation	Control Change #58 Transmit	enum	0	1		OFF|ON	498	498		1	verified_transport	pdf_inventory+firmware_sweep+manual_range	range from Parameter Guide E2: GLB-11
global	0	631	Control Change Operation	Control Change #58 Operation	Control Change #58 Receive	enum	0	2		DSBL|ENBL|INTP	498	498		1	verified_transport	pdf_inventory+firmware_sweep+manual_range	range from Parameter Guide E2: GLB-11
global	0	632	Control Change Operation	Control Change #58 Operation	Control Change #58 Return	enum	0	1		OFF|ON	498	498		1	verified_transport	pdf_inventory+firmware_sweep+manual_range	range from Parameter Guide E2: GLB-11
global	0	633	Control Change Operation	Control Change #58 Operation	Control Change #58 Translation	enum	0	97		P.Bend|After Touch|CC#00|CC#01|CC#02|CC#03|CC#04|CC#05|CC#06|CC#07|CC#08|CC#09|CC#10|CC#11|CC#12|CC#13|CC#14|CC#15|CC#16|CC#17|CC#18|CC#19|CC#20|CC#21|CC#22|CC#23|CC#24|CC#25|CC#26|CC#27|CC#28|CC#29|CC#30|CC#31|CC#32|CC#33|CC#34|CC#35|CC#36|CC#37|CC#38|CC#39|CC#40|CC#41|CC#42|CC#43|CC#44|CC#45|CC#46|CC#47|CC#48|CC#49|CC#50|CC#51|CC#52|CC#53|CC#54|CC#55|CC#56|CC#57|CC#58|CC#59|CC#60|CC#61|CC#62|CC#63|CC#64|CC#65|CC#66|CC#67|CC#68|CC#69|CC#70|CC#71|CC#72|CC#73|CC#74|CC#75|CC#76|CC#77|CC#78|CC#79|CC#80|CC#81|CC#82|CC#83|CC#84|CC#85|CC#86|CC#87|CC#88|CC#89|CC#90|CC#91|CC#92|CC#93|CC#94|CC#95	499	499		1	verified_transport	pdf_inventory+firmware_sweep+manual_range	range from Parameter Guide E2: GLB-11 order as printed
global	0	634	Control Change Operation	Control Change #59 Operation	Control Change #59 Transmit	enum	0	1		OFF|ON	500	500		1	verified_transport	pdf_inventory+firmware_sweep+manual_range	range from Parameter Guide E2: GLB-11
global	0	635	Control Change Operation	Control Change #59 Operation	Control Change #59 Receive	enum	0	2		DSBL|ENBL|INTP	500	500		1	verified_transport	pdf_inventory+firmware_sweep+manual_range	range from Parameter Guide E2: GLB-11
global	0	636	Control Change Operation	Control Change #59 Operation	Control Change #59 Return	enum	0	1		OFF|ON	500	500		1	verified_transport	pdf_inventory+firmware_sweep+manual_range	range from Parameter Guide E2: GLB-11
global	0	637	Control Change Operation	Control Change #59 Operation	Control Change #59 Translation	enum	0	97		P.Bend|After Touch|CC#00|CC#01|CC#02|CC#03|CC#04|CC#05|CC#06|CC#07|CC#08|CC#09|CC#10|CC#11|CC#12|CC#13|CC#14|CC#15|CC#16|CC#17|CC#18|CC#19|CC#20|CC#21|CC#22|CC#23|CC#24|CC#25|CC#26|CC#27|CC#28|CC#29|CC#30|CC#31|CC#32|CC#33|CC#34|CC#35|CC#36|CC#37|CC#38|CC#39|CC#40|CC#41|CC#42|CC#43|CC#44|CC#45|CC#46|CC#47|CC#48|CC#49|CC#50|CC#51|CC#52|CC#53|CC#54|CC#55|CC#56|CC#57|CC#58|CC#59|CC#60|CC#61|CC#62|CC#63|CC#64|CC#65|CC#66|CC#67|CC#68|CC#69|CC#70|CC#71|CC#72|CC#73|CC#74|CC#75|CC#76|CC#77|CC#78|CC#79|CC#80|CC#81|CC#82|CC#83|CC#84|CC#85|CC#86|CC#87|CC#88|CC#89|CC#90|CC#91|CC#92|CC#93|CC#94|CC#95	501	501		1	verified_transport	pdf_inventory+firmware_sweep+manual_range	range from Parameter Guide E2: GLB-11 order as printed
global	0	638	Control Change Operation	Control Change #60 Operation	Control Change #60 Transmit	enum	0	1		OFF|ON	502	502		1	verified_transport	pdf_inventory+firmware_sweep+manual_range	range from Parameter Guide E2: GLB-11
global	0	639	Control Change Operation	Control Change #60 Operation	Control Change #60 Receive	enum	0	2		DSBL|ENBL|INTP	502	502		1	verified_transport	pdf_inventory+firmware_sweep+manual_range	range from Parameter Guide E2: GLB-11
global	0	640	Control Change Operation	Control Change #60 Operation	Control Change #60 Return	enum	0	1		OFF|ON	502	502		1	verified_transport	pdf_inventory+firmware_sweep+manual_range	range from Parameter Guide E2: GLB-11
global	0	641	Control Change Operation	Control Change #60 Operation	Control Change #60 Translation	enum	0	97		P.Bend|After Touch|CC#00|CC#01|CC#02|CC#03|CC#04|CC#05|CC#06|CC#07|CC#08|CC#09|CC#10|CC#11|CC#12|CC#13|CC#14|CC#15|CC#16|CC#17|CC#18|CC#19|CC#20|CC#21|CC#22|CC#23|CC#24|CC#25|CC#26|CC#27|CC#28|CC#29|CC#30|CC#31|CC#32|CC#33|CC#34|CC#35|CC#36|CC#37|CC#38|CC#39|CC#40|CC#41|CC#42|CC#43|CC#44|CC#45|CC#46|CC#47|CC#48|CC#49|CC#50|CC#51|CC#52|CC#53|CC#54|CC#55|CC#56|CC#57|CC#58|CC#59|CC#60|CC#61|CC#62|CC#63|CC#64|CC#65|CC#66|CC#67|CC#68|CC#69|CC#70|CC#71|CC#72|CC#73|CC#74|CC#75|CC#76|CC#77|CC#78|CC#79|CC#80|CC#81|CC#82|CC#83|CC#84|CC#85|CC#86|CC#87|CC#88|CC#89|CC#90|CC#91|CC#92|CC#93|CC#94|CC#95	503	503		1	verified_transport	pdf_inventory+firmware_sweep+manual_range	range from Parameter Guide E2: GLB-11 order as printed
global	0	642	Control Change Operation	Control Change #61 Operation	Control Change #61 Transmit	enum	0	1		OFF|ON	504	504		1	verified_transport	pdf_inventory+firmware_sweep+manual_range	range from Parameter Guide E2: GLB-11
global	0	643	Control Change Operation	Control Change #61 Operation	Control Change #61 Receive	enum	0	2		DSBL|ENBL|INTP	504	504		1	verified_transport	pdf_inventory+firmware_sweep+manual_range	range from Parameter Guide E2: GLB-11
global	0	644	Control Change Operation	Control Change #61 Operation	Control Change #61 Return	enum	0	1		OFF|ON	504	504		1	verified_transport	pdf_inventory+firmware_sweep+manual_range	range from Parameter Guide E2: GLB-11
global	0	645	Control Change Operation	Control Change #61 Operation	Control Change #61 Translation	enum	0	97		P.Bend|After Touch|CC#00|CC#01|CC#02|CC#03|CC#04|CC#05|CC#06|CC#07|CC#08|CC#09|CC#10|CC#11|CC#12|CC#13|CC#14|CC#15|CC#16|CC#17|CC#18|CC#19|CC#20|CC#21|CC#22|CC#23|CC#24|CC#25|CC#26|CC#27|CC#28|CC#29|CC#30|CC#31|CC#32|CC#33|CC#34|CC#35|CC#36|CC#37|CC#38|CC#39|CC#40|CC#41|CC#42|CC#43|CC#44|CC#45|CC#46|CC#47|CC#48|CC#49|CC#50|CC#51|CC#52|CC#53|CC#54|CC#55|CC#56|CC#57|CC#58|CC#59|CC#60|CC#61|CC#62|CC#63|CC#64|CC#65|CC#66|CC#67|CC#68|CC#69|CC#70|CC#71|CC#72|CC#73|CC#74|CC#75|CC#76|CC#77|CC#78|CC#79|CC#80|CC#81|CC#82|CC#83|CC#84|CC#85|CC#86|CC#87|CC#88|CC#89|CC#90|CC#91|CC#92|CC#93|CC#94|CC#95	505	505		1	verified_transport	pdf_inventory+firmware_sweep+manual_range	range from Parameter Guide E2: GLB-11 order as printed
global	0	646	Control Change Operation	Control Change #62 Operation	Control Change #62 Transmit	enum	0	1		OFF|ON	506	506		1	verified_transport	pdf_inventory+firmware_sweep+manual_range	range from Parameter Guide E2: GLB-11
global	0	647	Control Change Operation	Control Change #62 Operation	Control Change #62 Receive	enum	0	2		DSBL|ENBL|INTP	506	506		1	verified_transport	pdf_inventory+firmware_sweep+manual_range	range from Parameter Guide E2: GLB-11
global	0	648	Control Change Operation	Control Change #62 Operation	Control Change #62 Return	enum	0	1		OFF|ON	506	506		1	verified_transport	pdf_inventory+firmware_sweep+manual_range	range from Parameter Guide E2: GLB-11
global	0	649	Control Change Operation	Control Change #62 Operation	Control Change #62 Translation	enum	0	97		P.Bend|After Touch|CC#00|CC#01|CC#02|CC#03|CC#04|CC#05|CC#06|CC#07|CC#08|CC#09|CC#10|CC#11|CC#12|CC#13|CC#14|CC#15|CC#16|CC#17|CC#18|CC#19|CC#20|CC#21|CC#22|CC#23|CC#24|CC#25|CC#26|CC#27|CC#28|CC#29|CC#30|CC#31|CC#32|CC#33|CC#34|CC#35|CC#36|CC#37|CC#38|CC#39|CC#40|CC#41|CC#42|CC#43|CC#44|CC#45|CC#46|CC#47|CC#48|CC#49|CC#50|CC#51|CC#52|CC#53|CC#54|CC#55|CC#56|CC#57|CC#58|CC#59|CC#60|CC#61|CC#62|CC#63|CC#64|CC#65|CC#66|CC#67|CC#68|CC#69|CC#70|CC#71|CC#72|CC#73|CC#74|CC#75|CC#76|CC#77|CC#78|CC#79|CC#80|CC#81|CC#82|CC#83|CC#84|CC#85|CC#86|CC#87|CC#88|CC#89|CC#90|CC#91|CC#92|CC#93|CC#94|CC#95	507	507		1	verified_transport	pdf_inventory+firmware_sweep+manual_range	range from Parameter Guide E2: GLB-11 order as printed
global	0	650	Control Change Operation	Control Change #63 Operation	Control Change #63 Transmit	enum	0	1		OFF|ON	508	508		1	verified_transport	pdf_inventory+firmware_sweep+manual_range	range from Parameter Guide E2: GLB-11
global	0	651	Control Change Operation	Control Change #63 Operation	Control Change #63 Receive	enum	0	2		DSBL|ENBL|INTP	508	508		1	verified_transport	pdf_inventory+firmware_sweep+manual_range	range from Parameter Guide E2: GLB-11
global	0	652	Control Change Operation	Control Change #63 Operation	Control Change #63 Return	enum	0	1		OFF|ON	508	508		1	verified_transport	pdf_inventory+firmware_sweep+manual_range	range from Parameter Guide E2: GLB-11
global	0	653	Control Change Operation	Control Change #63 Operation	Control Change #63 Translation	enum	0	97		P.Bend|After Touch|CC#00|CC#01|CC#02|CC#03|CC#04|CC#05|CC#06|CC#07|CC#08|CC#09|CC#10|CC#11|CC#12|CC#13|CC#14|CC#15|CC#16|CC#17|CC#18|CC#19|CC#20|CC#21|CC#22|CC#23|CC#24|CC#25|CC#26|CC#27|CC#28|CC#29|CC#30|CC#31|CC#32|CC#33|CC#34|CC#35|CC#36|CC#37|CC#38|CC#39|CC#40|CC#41|CC#42|CC#43|CC#44|CC#45|CC#46|CC#47|CC#48|CC#49|CC#50|CC#51|CC#52|CC#53|CC#54|CC#55|CC#56|CC#57|CC#58|CC#59|CC#60|CC#61|CC#62|CC#63|CC#64|CC#65|CC#66|CC#67|CC#68|CC#69|CC#70|CC#71|CC#72|CC#73|CC#74|CC#75|CC#76|CC#77|CC#78|CC#79|CC#80|CC#81|CC#82|CC#83|CC#84|CC#85|CC#86|CC#87|CC#88|CC#89|CC#90|CC#91|CC#92|CC#93|CC#94|CC#95	509	509		1	verified_transport	pdf_inventory+firmware_sweep+manual_range	range from Parameter Guide E2: GLB-11 order as printed
global	0	654	Control Change Operation	Control Change #64 Operation	Control Change #64 Transmit	enum	0	1		OFF|ON	510	510		1	verified_transport	pdf_inventory+firmware_sweep+manual_range	range from Parameter Guide E2: GLB-11
global	0	655	Control Change Operation	Control Change #64 Operation	Control Change #64 Receive	enum	0	2		DSBL|ENBL|INTP	510	510		1	verified_transport	pdf_inventory+firmware_sweep+manual_range	range from Parameter Guide E2: GLB-11
global	0	656	Control Change Operation	Control Change #64 Operation	Control Change #64 Return	enum	0	1		OFF|ON	510	510		1	verified_transport	pdf_inventory+firmware_sweep+manual_range	range from Parameter Guide E2: GLB-11
global	0	657	Control Change Operation	Control Change #64 Operation	Control Change #64 Translation	enum	0	97		P.Bend|After Touch|CC#00|CC#01|CC#02|CC#03|CC#04|CC#05|CC#06|CC#07|CC#08|CC#09|CC#10|CC#11|CC#12|CC#13|CC#14|CC#15|CC#16|CC#17|CC#18|CC#19|CC#20|CC#21|CC#22|CC#23|CC#24|CC#25|CC#26|CC#27|CC#28|CC#29|CC#30|CC#31|CC#32|CC#33|CC#34|CC#35|CC#36|CC#37|CC#38|CC#39|CC#40|CC#41|CC#42|CC#43|CC#44|CC#45|CC#46|CC#47|CC#48|CC#49|CC#50|CC#51|CC#52|CC#53|CC#54|CC#55|CC#56|CC#57|CC#58|CC#59|CC#60|CC#61|CC#62|CC#63|CC#64|CC#65|CC#66|CC#67|CC#68|CC#69|CC#70|CC#71|CC#72|CC#73|CC#74|CC#75|CC#76|CC#77|CC#78|CC#79|CC#80|CC#81|CC#82|CC#83|CC#84|CC#85|CC#86|CC#87|CC#88|CC#89|CC#90|CC#91|CC#92|CC#93|CC#94|CC#95	511	511		1	verified_transport	pdf_inventory+firmware_sweep+manual_range	range from Parameter Guide E2: GLB-11 order as printed
global	0	658	Control Change Operation	Control Change #65 Operation	Control Change #65 Transmit	enum	0	1		OFF|ON	512	512		1	verified_transport	pdf_inventory+firmware_sweep+manual_range	range from Parameter Guide E2: GLB-11
global	0	659	Control Change Operation	Control Change #65 Operation	Control Change #65 Receive	enum	0	2		DSBL|ENBL|INTP	512	512		1	verified_transport	pdf_inventory+firmware_sweep+manual_range	range from Parameter Guide E2: GLB-11
global	0	660	Control Change Operation	Control Change #65 Operation	Control Change #65 Return	enum	0	1		OFF|ON	512	512		1	verified_transport	pdf_inventory+firmware_sweep+manual_range	range from Parameter Guide E2: GLB-11
global	0	661	Control Change Operation	Control Change #65 Operation	Control Change #65 Translation	enum	0	97		P.Bend|After Touch|CC#00|CC#01|CC#02|CC#03|CC#04|CC#05|CC#06|CC#07|CC#08|CC#09|CC#10|CC#11|CC#12|CC#13|CC#14|CC#15|CC#16|CC#17|CC#18|CC#19|CC#20|CC#21|CC#22|CC#23|CC#24|CC#25|CC#26|CC#27|CC#28|CC#29|CC#30|CC#31|CC#32|CC#33|CC#34|CC#35|CC#36|CC#37|CC#38|CC#39|CC#40|CC#41|CC#42|CC#43|CC#44|CC#45|CC#46|CC#47|CC#48|CC#49|CC#50|CC#51|CC#52|CC#53|CC#54|CC#55|CC#56|CC#57|CC#58|CC#59|CC#60|CC#61|CC#62|CC#63|CC#64|CC#65|CC#66|CC#67|CC#68|CC#69|CC#70|CC#71|CC#72|CC#73|CC#74|CC#75|CC#76|CC#77|CC#78|CC#79|CC#80|CC#81|CC#82|CC#83|CC#84|CC#85|CC#86|CC#87|CC#88|CC#89|CC#90|CC#91|CC#92|CC#93|CC#94|CC#95	513	513		1	verified_transport	pdf_inventory+firmware_sweep+manual_range	range from Parameter Guide E2: GLB-11 order as printed
global	0	662	Control Change Operation	Control Change #66 Operation	Control Change #66 Transmit	enum	0	1		OFF|ON	514	514		1	verified_transport	pdf_inventory+firmware_sweep+manual_range	range from Parameter Guide E2: GLB-11
global	0	663	Control Change Operation	Control Change #66 Operation	Control Change #66 Receive	enum	0	2		DSBL|ENBL|INTP	514	514		1	verified_transport	pdf_inventory+firmware_sweep+manual_range	range from Parameter Guide E2: GLB-11
global	0	664	Control Change Operation	Control Change #66 Operation	Control Change #66 Return	enum	0	1		OFF|ON	514	514		1	verified_transport	pdf_inventory+firmware_sweep+manual_range	range from Parameter Guide E2: GLB-11
global	0	665	Control Change Operation	Control Change #66 Operation	Control Change #66 Translation	enum	0	97		P.Bend|After Touch|CC#00|CC#01|CC#02|CC#03|CC#04|CC#05|CC#06|CC#07|CC#08|CC#09|CC#10|CC#11|CC#12|CC#13|CC#14|CC#15|CC#16|CC#17|CC#18|CC#19|CC#20|CC#21|CC#22|CC#23|CC#24|CC#25|CC#26|CC#27|CC#28|CC#29|CC#30|CC#31|CC#32|CC#33|CC#34|CC#35|CC#36|CC#37|CC#38|CC#39|CC#40|CC#41|CC#42|CC#43|CC#44|CC#45|CC#46|CC#47|CC#48|CC#49|CC#50|CC#51|CC#52|CC#53|CC#54|CC#55|CC#56|CC#57|CC#58|CC#59|CC#60|CC#61|CC#62|CC#63|CC#64|CC#65|CC#66|CC#67|CC#68|CC#69|CC#70|CC#71|CC#72|CC#73|CC#74|CC#75|CC#76|CC#77|CC#78|CC#79|CC#80|CC#81|CC#82|CC#83|CC#84|CC#85|CC#86|CC#87|CC#88|CC#89|CC#90|CC#91|CC#92|CC#93|CC#94|CC#95	515	515		1	verified_transport	pdf_inventory+firmware_sweep+manual_range	range from Parameter Guide E2: GLB-11 order as printed
global	0	666	Control Change Operation	Control Change #67 Operation	Control Change #67 Transmit	enum	0	1		OFF|ON	516	516		1	verified_transport	pdf_inventory+firmware_sweep+manual_range	range from Parameter Guide E2: GLB-11
global	0	667	Control Change Operation	Control Change #67 Operation	Control Change #67 Receive	enum	0	2		DSBL|ENBL|INTP	516	516		1	verified_transport	pdf_inventory+firmware_sweep+manual_range	range from Parameter Guide E2: GLB-11
global	0	668	Control Change Operation	Control Change #67 Operation	Control Change #67 Return	enum	0	1		OFF|ON	516	516		1	verified_transport	pdf_inventory+firmware_sweep+manual_range	range from Parameter Guide E2: GLB-11
global	0	669	Control Change Operation	Control Change #67 Operation	Control Change #67 Translation	enum	0	97		P.Bend|After Touch|CC#00|CC#01|CC#02|CC#03|CC#04|CC#05|CC#06|CC#07|CC#08|CC#09|CC#10|CC#11|CC#12|CC#13|CC#14|CC#15|CC#16|CC#17|CC#18|CC#19|CC#20|CC#21|CC#22|CC#23|CC#24|CC#25|CC#26|CC#27|CC#28|CC#29|CC#30|CC#31|CC#32|CC#33|CC#34|CC#35|CC#36|CC#37|CC#38|CC#39|CC#40|CC#41|CC#42|CC#43|CC#44|CC#45|CC#46|CC#47|CC#48|CC#49|CC#50|CC#51|CC#52|CC#53|CC#54|CC#55|CC#56|CC#57|CC#58|CC#59|CC#60|CC#61|CC#62|CC#63|CC#64|CC#65|CC#66|CC#67|CC#68|CC#69|CC#70|CC#71|CC#72|CC#73|CC#74|CC#75|CC#76|CC#77|CC#78|CC#79|CC#80|CC#81|CC#82|CC#83|CC#84|CC#85|CC#86|CC#87|CC#88|CC#89|CC#90|CC#91|CC#92|CC#93|CC#94|CC#95	517	517		1	verified_transport	pdf_inventory+firmware_sweep+manual_range	range from Parameter Guide E2: GLB-11 order as printed
global	0	670	Control Change Operation	Control Change #68 Operation	Control Change #68 Transmit	enum	0	1		OFF|ON	518	518		1	verified_transport	pdf_inventory+firmware_sweep+manual_range	range from Parameter Guide E2: GLB-11
global	0	671	Control Change Operation	Control Change #68 Operation	Control Change #68 Receive	enum	0	2		DSBL|ENBL|INTP	518	518		1	verified_transport	pdf_inventory+firmware_sweep+manual_range	range from Parameter Guide E2: GLB-11
global	0	672	Control Change Operation	Control Change #68 Operation	Control Change #68 Return	enum	0	1		OFF|ON	518	518		1	verified_transport	pdf_inventory+firmware_sweep+manual_range	range from Parameter Guide E2: GLB-11
global	0	673	Control Change Operation	Control Change #68 Operation	Control Change #68 Translation	enum	0	97		P.Bend|After Touch|CC#00|CC#01|CC#02|CC#03|CC#04|CC#05|CC#06|CC#07|CC#08|CC#09|CC#10|CC#11|CC#12|CC#13|CC#14|CC#15|CC#16|CC#17|CC#18|CC#19|CC#20|CC#21|CC#22|CC#23|CC#24|CC#25|CC#26|CC#27|CC#28|CC#29|CC#30|CC#31|CC#32|CC#33|CC#34|CC#35|CC#36|CC#37|CC#38|CC#39|CC#40|CC#41|CC#42|CC#43|CC#44|CC#45|CC#46|CC#47|CC#48|CC#49|CC#50|CC#51|CC#52|CC#53|CC#54|CC#55|CC#56|CC#57|CC#58|CC#59|CC#60|CC#61|CC#62|CC#63|CC#64|CC#65|CC#66|CC#67|CC#68|CC#69|CC#70|CC#71|CC#72|CC#73|CC#74|CC#75|CC#76|CC#77|CC#78|CC#79|CC#80|CC#81|CC#82|CC#83|CC#84|CC#85|CC#86|CC#87|CC#88|CC#89|CC#90|CC#91|CC#92|CC#93|CC#94|CC#95	519	519		1	verified_transport	pdf_inventory+firmware_sweep+manual_range	range from Parameter Guide E2: GLB-11 order as printed
global	0	674	Control Change Operation	Control Change #69 Operation	Control Change #69 Transmit	enum	0	1		OFF|ON	520	520		1	verified_transport	pdf_inventory+firmware_sweep+manual_range	range from Parameter Guide E2: GLB-11
global	0	675	Control Change Operation	Control Change #69 Operation	Control Change #69 Receive	enum	0	2		DSBL|ENBL|INTP	520	520		1	verified_transport	pdf_inventory+firmware_sweep+manual_range	range from Parameter Guide E2: GLB-11
global	0	676	Control Change Operation	Control Change #69 Operation	Control Change #69 Return	enum	0	1		OFF|ON	520	520		1	verified_transport	pdf_inventory+firmware_sweep+manual_range	range from Parameter Guide E2: GLB-11
global	0	677	Control Change Operation	Control Change #69 Operation	Control Change #69 Translation	enum	0	97		P.Bend|After Touch|CC#00|CC#01|CC#02|CC#03|CC#04|CC#05|CC#06|CC#07|CC#08|CC#09|CC#10|CC#11|CC#12|CC#13|CC#14|CC#15|CC#16|CC#17|CC#18|CC#19|CC#20|CC#21|CC#22|CC#23|CC#24|CC#25|CC#26|CC#27|CC#28|CC#29|CC#30|CC#31|CC#32|CC#33|CC#34|CC#35|CC#36|CC#37|CC#38|CC#39|CC#40|CC#41|CC#42|CC#43|CC#44|CC#45|CC#46|CC#47|CC#48|CC#49|CC#50|CC#51|CC#52|CC#53|CC#54|CC#55|CC#56|CC#57|CC#58|CC#59|CC#60|CC#61|CC#62|CC#63|CC#64|CC#65|CC#66|CC#67|CC#68|CC#69|CC#70|CC#71|CC#72|CC#73|CC#74|CC#75|CC#76|CC#77|CC#78|CC#79|CC#80|CC#81|CC#82|CC#83|CC#84|CC#85|CC#86|CC#87|CC#88|CC#89|CC#90|CC#91|CC#92|CC#93|CC#94|CC#95	521	521		1	verified_transport	pdf_inventory+firmware_sweep+manual_range	range from Parameter Guide E2: GLB-11 order as printed
global	0	678	Control Change Operation	Control Change #70 Operation	Control Change #70 Transmit	enum	0	1		OFF|ON	522	522		1	verified_transport	pdf_inventory+firmware_sweep+manual_range	range from Parameter Guide E2: GLB-11
global	0	679	Control Change Operation	Control Change #70 Operation	Control Change #70 Receive	enum	0	2		DSBL|ENBL|INTP	522	522		1	verified_transport	pdf_inventory+firmware_sweep+manual_range	range from Parameter Guide E2: GLB-11
global	0	680	Control Change Operation	Control Change #70 Operation	Control Change #70 Return	enum	0	1		OFF|ON	522	522		1	verified_transport	pdf_inventory+firmware_sweep+manual_range	range from Parameter Guide E2: GLB-11
global	0	681	Control Change Operation	Control Change #70 Operation	Control Change #70 Translation	enum	0	97		P.Bend|After Touch|CC#00|CC#01|CC#02|CC#03|CC#04|CC#05|CC#06|CC#07|CC#08|CC#09|CC#10|CC#11|CC#12|CC#13|CC#14|CC#15|CC#16|CC#17|CC#18|CC#19|CC#20|CC#21|CC#22|CC#23|CC#24|CC#25|CC#26|CC#27|CC#28|CC#29|CC#30|CC#31|CC#32|CC#33|CC#34|CC#35|CC#36|CC#37|CC#38|CC#39|CC#40|CC#41|CC#42|CC#43|CC#44|CC#45|CC#46|CC#47|CC#48|CC#49|CC#50|CC#51|CC#52|CC#53|CC#54|CC#55|CC#56|CC#57|CC#58|CC#59|CC#60|CC#61|CC#62|CC#63|CC#64|CC#65|CC#66|CC#67|CC#68|CC#69|CC#70|CC#71|CC#72|CC#73|CC#74|CC#75|CC#76|CC#77|CC#78|CC#79|CC#80|CC#81|CC#82|CC#83|CC#84|CC#85|CC#86|CC#87|CC#88|CC#89|CC#90|CC#91|CC#92|CC#93|CC#94|CC#95	523	523		1	verified_transport	pdf_inventory+firmware_sweep+manual_range	range from Parameter Guide E2: GLB-11 order as printed
global	0	682	Control Change Operation	Control Change #71 Operation	Control Change #71 Transmit	enum	0	1		OFF|ON	524	524		1	verified_transport	pdf_inventory+firmware_sweep+manual_range	range from Parameter Guide E2: GLB-11
global	0	683	Control Change Operation	Control Change #71 Operation	Control Change #71 Receive	enum	0	2		DSBL|ENBL|INTP	524	524		1	verified_transport	pdf_inventory+firmware_sweep+manual_range	range from Parameter Guide E2: GLB-11
global	0	684	Control Change Operation	Control Change #71 Operation	Control Change #71 Return	enum	0	1		OFF|ON	524	524		1	verified_transport	pdf_inventory+firmware_sweep+manual_range	range from Parameter Guide E2: GLB-11
global	0	685	Control Change Operation	Control Change #71 Operation	Control Change #71 Translation	enum	0	97		P.Bend|After Touch|CC#00|CC#01|CC#02|CC#03|CC#04|CC#05|CC#06|CC#07|CC#08|CC#09|CC#10|CC#11|CC#12|CC#13|CC#14|CC#15|CC#16|CC#17|CC#18|CC#19|CC#20|CC#21|CC#22|CC#23|CC#24|CC#25|CC#26|CC#27|CC#28|CC#29|CC#30|CC#31|CC#32|CC#33|CC#34|CC#35|CC#36|CC#37|CC#38|CC#39|CC#40|CC#41|CC#42|CC#43|CC#44|CC#45|CC#46|CC#47|CC#48|CC#49|CC#50|CC#51|CC#52|CC#53|CC#54|CC#55|CC#56|CC#57|CC#58|CC#59|CC#60|CC#61|CC#62|CC#63|CC#64|CC#65|CC#66|CC#67|CC#68|CC#69|CC#70|CC#71|CC#72|CC#73|CC#74|CC#75|CC#76|CC#77|CC#78|CC#79|CC#80|CC#81|CC#82|CC#83|CC#84|CC#85|CC#86|CC#87|CC#88|CC#89|CC#90|CC#91|CC#92|CC#93|CC#94|CC#95	525	525		1	verified_transport	pdf_inventory+firmware_sweep+manual_range	range from Parameter Guide E2: GLB-11 order as printed
global	0	686	Control Change Operation	Control Change #72 Operation	Control Change #72 Transmit	enum	0	1		OFF|ON	526	526		1	verified_transport	pdf_inventory+firmware_sweep+manual_range	range from Parameter Guide E2: GLB-11
global	0	687	Control Change Operation	Control Change #72 Operation	Control Change #72 Receive	enum	0	2		DSBL|ENBL|INTP	526	526		1	verified_transport	pdf_inventory+firmware_sweep+manual_range	range from Parameter Guide E2: GLB-11
global	0	688	Control Change Operation	Control Change #72 Operation	Control Change #72 Return	enum	0	1		OFF|ON	526	526		1	verified_transport	pdf_inventory+firmware_sweep+manual_range	range from Parameter Guide E2: GLB-11
global	0	689	Control Change Operation	Control Change #72 Operation	Control Change #72 Translation	enum	0	97		P.Bend|After Touch|CC#00|CC#01|CC#02|CC#03|CC#04|CC#05|CC#06|CC#07|CC#08|CC#09|CC#10|CC#11|CC#12|CC#13|CC#14|CC#15|CC#16|CC#17|CC#18|CC#19|CC#20|CC#21|CC#22|CC#23|CC#24|CC#25|CC#26|CC#27|CC#28|CC#29|CC#30|CC#31|CC#32|CC#33|CC#34|CC#35|CC#36|CC#37|CC#38|CC#39|CC#40|CC#41|CC#42|CC#43|CC#44|CC#45|CC#46|CC#47|CC#48|CC#49|CC#50|CC#51|CC#52|CC#53|CC#54|CC#55|CC#56|CC#57|CC#58|CC#59|CC#60|CC#61|CC#62|CC#63|CC#64|CC#65|CC#66|CC#67|CC#68|CC#69|CC#70|CC#71|CC#72|CC#73|CC#74|CC#75|CC#76|CC#77|CC#78|CC#79|CC#80|CC#81|CC#82|CC#83|CC#84|CC#85|CC#86|CC#87|CC#88|CC#89|CC#90|CC#91|CC#92|CC#93|CC#94|CC#95	527	527		1	verified_transport	pdf_inventory+firmware_sweep+manual_range	range from Parameter Guide E2: GLB-11 order as printed
global	0	690	Control Change Operation	Control Change #73 Operation	Control Change #73 Transmit	enum	0	1		OFF|ON	528	528		1	verified_transport	pdf_inventory+firmware_sweep+manual_range	range from Parameter Guide E2: GLB-11
global	0	691	Control Change Operation	Control Change #73 Operation	Control Change #73 Receive	enum	0	2		DSBL|ENBL|INTP	528	528		1	verified_transport	pdf_inventory+firmware_sweep+manual_range	range from Parameter Guide E2: GLB-11
global	0	692	Control Change Operation	Control Change #73 Operation	Control Change #73 Return	enum	0	1		OFF|ON	528	528		1	verified_transport	pdf_inventory+firmware_sweep+manual_range	range from Parameter Guide E2: GLB-11
global	0	693	Control Change Operation	Control Change #73 Operation	Control Change #73 Translation	enum	0	97		P.Bend|After Touch|CC#00|CC#01|CC#02|CC#03|CC#04|CC#05|CC#06|CC#07|CC#08|CC#09|CC#10|CC#11|CC#12|CC#13|CC#14|CC#15|CC#16|CC#17|CC#18|CC#19|CC#20|CC#21|CC#22|CC#23|CC#24|CC#25|CC#26|CC#27|CC#28|CC#29|CC#30|CC#31|CC#32|CC#33|CC#34|CC#35|CC#36|CC#37|CC#38|CC#39|CC#40|CC#41|CC#42|CC#43|CC#44|CC#45|CC#46|CC#47|CC#48|CC#49|CC#50|CC#51|CC#52|CC#53|CC#54|CC#55|CC#56|CC#57|CC#58|CC#59|CC#60|CC#61|CC#62|CC#63|CC#64|CC#65|CC#66|CC#67|CC#68|CC#69|CC#70|CC#71|CC#72|CC#73|CC#74|CC#75|CC#76|CC#77|CC#78|CC#79|CC#80|CC#81|CC#82|CC#83|CC#84|CC#85|CC#86|CC#87|CC#88|CC#89|CC#90|CC#91|CC#92|CC#93|CC#94|CC#95	529	529		1	verified_transport	pdf_inventory+firmware_sweep+manual_range	range from Parameter Guide E2: GLB-11 order as printed
global	0	694	Control Change Operation	Control Change #74 Operation	Control Change #74 Transmit	enum	0	1		OFF|ON	530	530		1	verified_transport	pdf_inventory+firmware_sweep+manual_range	range from Parameter Guide E2: GLB-11
global	0	695	Control Change Operation	Control Change #74 Operation	Control Change #74 Receive	enum	0	2		DSBL|ENBL|INTP	530	530		1	verified_transport	pdf_inventory+firmware_sweep+manual_range	range from Parameter Guide E2: GLB-11
global	0	696	Control Change Operation	Control Change #74 Operation	Control Change #74 Return	enum	0	1		OFF|ON	530	530		1	verified_transport	pdf_inventory+firmware_sweep+manual_range	range from Parameter Guide E2: GLB-11
global	0	697	Control Change Operation	Control Change #74 Operation	Control Change #74 Translation	enum	0	97		P.Bend|After Touch|CC#00|CC#01|CC#02|CC#03|CC#04|CC#05|CC#06|CC#07|CC#08|CC#09|CC#10|CC#11|CC#12|CC#13|CC#14|CC#15|CC#16|CC#17|CC#18|CC#19|CC#20|CC#21|CC#22|CC#23|CC#24|CC#25|CC#26|CC#27|CC#28|CC#29|CC#30|CC#31|CC#32|CC#33|CC#34|CC#35|CC#36|CC#37|CC#38|CC#39|CC#40|CC#41|CC#42|CC#43|CC#44|CC#45|CC#46|CC#47|CC#48|CC#49|CC#50|CC#51|CC#52|CC#53|CC#54|CC#55|CC#56|CC#57|CC#58|CC#59|CC#60|CC#61|CC#62|CC#63|CC#64|CC#65|CC#66|CC#67|CC#68|CC#69|CC#70|CC#71|CC#72|CC#73|CC#74|CC#75|CC#76|CC#77|CC#78|CC#79|CC#80|CC#81|CC#82|CC#83|CC#84|CC#85|CC#86|CC#87|CC#88|CC#89|CC#90|CC#91|CC#92|CC#93|CC#94|CC#95	531	531		1	verified_transport	pdf_inventory+firmware_sweep+manual_range	range from Parameter Guide E2: GLB-11 order as printed
global	0	698	Control Change Operation	Control Change #75 Operation	Control Change #75 Transmit	enum	0	1		OFF|ON	532	532		1	verified_transport	pdf_inventory+firmware_sweep+manual_range	range from Parameter Guide E2: GLB-11
global	0	699	Control Change Operation	Control Change #75 Operation	Control Change #75 Receive	enum	0	2		DSBL|ENBL|INTP	532	532		1	verified_transport	pdf_inventory+firmware_sweep+manual_range	range from Parameter Guide E2: GLB-11
global	0	700	Control Change Operation	Control Change #75 Operation	Control Change #75 Return	enum	0	1		OFF|ON	532	532		1	verified_transport	pdf_inventory+firmware_sweep+manual_range	range from Parameter Guide E2: GLB-11
global	0	701	Control Change Operation	Control Change #75 Operation	Control Change #75 Translation	enum	0	97		P.Bend|After Touch|CC#00|CC#01|CC#02|CC#03|CC#04|CC#05|CC#06|CC#07|CC#08|CC#09|CC#10|CC#11|CC#12|CC#13|CC#14|CC#15|CC#16|CC#17|CC#18|CC#19|CC#20|CC#21|CC#22|CC#23|CC#24|CC#25|CC#26|CC#27|CC#28|CC#29|CC#30|CC#31|CC#32|CC#33|CC#34|CC#35|CC#36|CC#37|CC#38|CC#39|CC#40|CC#41|CC#42|CC#43|CC#44|CC#45|CC#46|CC#47|CC#48|CC#49|CC#50|CC#51|CC#52|CC#53|CC#54|CC#55|CC#56|CC#57|CC#58|CC#59|CC#60|CC#61|CC#62|CC#63|CC#64|CC#65|CC#66|CC#67|CC#68|CC#69|CC#70|CC#71|CC#72|CC#73|CC#74|CC#75|CC#76|CC#77|CC#78|CC#79|CC#80|CC#81|CC#82|CC#83|CC#84|CC#85|CC#86|CC#87|CC#88|CC#89|CC#90|CC#91|CC#92|CC#93|CC#94|CC#95	533	533		1	verified_transport	pdf_inventory+firmware_sweep+manual_range	range from Parameter Guide E2: GLB-11 order as printed
global	0	702	Control Change Operation	Control Change #76 Operation	Control Change #76 Transmit	enum	0	1		OFF|ON	534	534		1	verified_transport	pdf_inventory+firmware_sweep+manual_range	range from Parameter Guide E2: GLB-11
global	0	703	Control Change Operation	Control Change #76 Operation	Control Change #76 Receive	enum	0	2		DSBL|ENBL|INTP	534	534		1	verified_transport	pdf_inventory+firmware_sweep+manual_range	range from Parameter Guide E2: GLB-11
global	0	704	Control Change Operation	Control Change #76 Operation	Control Change #76 Return	enum	0	1		OFF|ON	534	534		1	verified_transport	pdf_inventory+firmware_sweep+manual_range	range from Parameter Guide E2: GLB-11
global	0	705	Control Change Operation	Control Change #76 Operation	Control Change #76 Translation	enum	0	97		P.Bend|After Touch|CC#00|CC#01|CC#02|CC#03|CC#04|CC#05|CC#06|CC#07|CC#08|CC#09|CC#10|CC#11|CC#12|CC#13|CC#14|CC#15|CC#16|CC#17|CC#18|CC#19|CC#20|CC#21|CC#22|CC#23|CC#24|CC#25|CC#26|CC#27|CC#28|CC#29|CC#30|CC#31|CC#32|CC#33|CC#34|CC#35|CC#36|CC#37|CC#38|CC#39|CC#40|CC#41|CC#42|CC#43|CC#44|CC#45|CC#46|CC#47|CC#48|CC#49|CC#50|CC#51|CC#52|CC#53|CC#54|CC#55|CC#56|CC#57|CC#58|CC#59|CC#60|CC#61|CC#62|CC#63|CC#64|CC#65|CC#66|CC#67|CC#68|CC#69|CC#70|CC#71|CC#72|CC#73|CC#74|CC#75|CC#76|CC#77|CC#78|CC#79|CC#80|CC#81|CC#82|CC#83|CC#84|CC#85|CC#86|CC#87|CC#88|CC#89|CC#90|CC#91|CC#92|CC#93|CC#94|CC#95	535	535		1	verified_transport	pdf_inventory+firmware_sweep+manual_range	range from Parameter Guide E2: GLB-11 order as printed
global	0	706	Control Change Operation	Control Change #77 Operation	Control Change #77 Transmit	enum	0	1		OFF|ON	536	536		1	verified_transport	pdf_inventory+firmware_sweep+manual_range	range from Parameter Guide E2: GLB-11
global	0	707	Control Change Operation	Control Change #77 Operation	Control Change #77 Receive	enum	0	2		DSBL|ENBL|INTP	536	536		1	verified_transport	pdf_inventory+firmware_sweep+manual_range	range from Parameter Guide E2: GLB-11
global	0	708	Control Change Operation	Control Change #77 Operation	Control Change #77 Return	enum	0	1		OFF|ON	536	536		1	verified_transport	pdf_inventory+firmware_sweep+manual_range	range from Parameter Guide E2: GLB-11
global	0	709	Control Change Operation	Control Change #77 Operation	Control Change #77 Translation	enum	0	97		P.Bend|After Touch|CC#00|CC#01|CC#02|CC#03|CC#04|CC#05|CC#06|CC#07|CC#08|CC#09|CC#10|CC#11|CC#12|CC#13|CC#14|CC#15|CC#16|CC#17|CC#18|CC#19|CC#20|CC#21|CC#22|CC#23|CC#24|CC#25|CC#26|CC#27|CC#28|CC#29|CC#30|CC#31|CC#32|CC#33|CC#34|CC#35|CC#36|CC#37|CC#38|CC#39|CC#40|CC#41|CC#42|CC#43|CC#44|CC#45|CC#46|CC#47|CC#48|CC#49|CC#50|CC#51|CC#52|CC#53|CC#54|CC#55|CC#56|CC#57|CC#58|CC#59|CC#60|CC#61|CC#62|CC#63|CC#64|CC#65|CC#66|CC#67|CC#68|CC#69|CC#70|CC#71|CC#72|CC#73|CC#74|CC#75|CC#76|CC#77|CC#78|CC#79|CC#80|CC#81|CC#82|CC#83|CC#84|CC#85|CC#86|CC#87|CC#88|CC#89|CC#90|CC#91|CC#92|CC#93|CC#94|CC#95	537	537		1	verified_transport	pdf_inventory+firmware_sweep+manual_range	range from Parameter Guide E2: GLB-11 order as printed
global	0	710	Control Change Operation	Control Change #78 Operation	Control Change #78 Transmit	enum	0	1		OFF|ON	538	538		1	verified_transport	pdf_inventory+firmware_sweep+manual_range	range from Parameter Guide E2: GLB-11
global	0	711	Control Change Operation	Control Change #78 Operation	Control Change #78 Receive	enum	0	2		DSBL|ENBL|INTP	538	538		1	verified_transport	pdf_inventory+firmware_sweep+manual_range	range from Parameter Guide E2: GLB-11
global	0	712	Control Change Operation	Control Change #78 Operation	Control Change #78 Return	enum	0	1		OFF|ON	538	538		1	verified_transport	pdf_inventory+firmware_sweep+manual_range	range from Parameter Guide E2: GLB-11
global	0	713	Control Change Operation	Control Change #78 Operation	Control Change #78 Translation	enum	0	97		P.Bend|After Touch|CC#00|CC#01|CC#02|CC#03|CC#04|CC#05|CC#06|CC#07|CC#08|CC#09|CC#10|CC#11|CC#12|CC#13|CC#14|CC#15|CC#16|CC#17|CC#18|CC#19|CC#20|CC#21|CC#22|CC#23|CC#24|CC#25|CC#26|CC#27|CC#28|CC#29|CC#30|CC#31|CC#32|CC#33|CC#34|CC#35|CC#36|CC#37|CC#38|CC#39|CC#40|CC#41|CC#42|CC#43|CC#44|CC#45|CC#46|CC#47|CC#48|CC#49|CC#50|CC#51|CC#52|CC#53|CC#54|CC#55|CC#56|CC#57|CC#58|CC#59|CC#60|CC#61|CC#62|CC#63|CC#64|CC#65|CC#66|CC#67|CC#68|CC#69|CC#70|CC#71|CC#72|CC#73|CC#74|CC#75|CC#76|CC#77|CC#78|CC#79|CC#80|CC#81|CC#82|CC#83|CC#84|CC#85|CC#86|CC#87|CC#88|CC#89|CC#90|CC#91|CC#92|CC#93|CC#94|CC#95	539	539		1	verified_transport	pdf_inventory+firmware_sweep+manual_range	range from Parameter Guide E2: GLB-11 order as printed
global	0	714	Control Change Operation	Control Change #79 Operation	Control Change #79 Transmit	enum	0	1		OFF|ON	540	540		1	verified_transport	pdf_inventory+firmware_sweep+manual_range	range from Parameter Guide E2: GLB-11
global	0	715	Control Change Operation	Control Change #79 Operation	Control Change #79 Receive	enum	0	2		DSBL|ENBL|INTP	540	540		1	verified_transport	pdf_inventory+firmware_sweep+manual_range	range from Parameter Guide E2: GLB-11
global	0	716	Control Change Operation	Control Change #79 Operation	Control Change #79 Return	enum	0	1		OFF|ON	540	540		1	verified_transport	pdf_inventory+firmware_sweep+manual_range	range from Parameter Guide E2: GLB-11
global	0	717	Control Change Operation	Control Change #79 Operation	Control Change #79 Translation	enum	0	97		P.Bend|After Touch|CC#00|CC#01|CC#02|CC#03|CC#04|CC#05|CC#06|CC#07|CC#08|CC#09|CC#10|CC#11|CC#12|CC#13|CC#14|CC#15|CC#16|CC#17|CC#18|CC#19|CC#20|CC#21|CC#22|CC#23|CC#24|CC#25|CC#26|CC#27|CC#28|CC#29|CC#30|CC#31|CC#32|CC#33|CC#34|CC#35|CC#36|CC#37|CC#38|CC#39|CC#40|CC#41|CC#42|CC#43|CC#44|CC#45|CC#46|CC#47|CC#48|CC#49|CC#50|CC#51|CC#52|CC#53|CC#54|CC#55|CC#56|CC#57|CC#58|CC#59|CC#60|CC#61|CC#62|CC#63|CC#64|CC#65|CC#66|CC#67|CC#68|CC#69|CC#70|CC#71|CC#72|CC#73|CC#74|CC#75|CC#76|CC#77|CC#78|CC#79|CC#80|CC#81|CC#82|CC#83|CC#84|CC#85|CC#86|CC#87|CC#88|CC#89|CC#90|CC#91|CC#92|CC#93|CC#94|CC#95	541	541		1	verified_transport	pdf_inventory+firmware_sweep+manual_range	range from Parameter Guide E2: GLB-11 order as printed
global	0	718	Control Change Operation	Control Change #80 Operation	Control Change #80 Transmit	enum	0	1		OFF|ON	542	542		1	verified_transport	pdf_inventory+firmware_sweep+manual_range	range from Parameter Guide E2: GLB-11
global	0	719	Control Change Operation	Control Change #80 Operation	Control Change #80 Receive	enum	0	2		DSBL|ENBL|INTP	542	542		1	verified_transport	pdf_inventory+firmware_sweep+manual_range	range from Parameter Guide E2: GLB-11
global	0	720	Control Change Operation	Control Change #80 Operation	Control Change #80 Return	enum	0	1		OFF|ON	542	542		1	verified_transport	pdf_inventory+firmware_sweep+manual_range	range from Parameter Guide E2: GLB-11
global	0	721	Control Change Operation	Control Change #80 Operation	Control Change #80 Translation	enum	0	97		P.Bend|After Touch|CC#00|CC#01|CC#02|CC#03|CC#04|CC#05|CC#06|CC#07|CC#08|CC#09|CC#10|CC#11|CC#12|CC#13|CC#14|CC#15|CC#16|CC#17|CC#18|CC#19|CC#20|CC#21|CC#22|CC#23|CC#24|CC#25|CC#26|CC#27|CC#28|CC#29|CC#30|CC#31|CC#32|CC#33|CC#34|CC#35|CC#36|CC#37|CC#38|CC#39|CC#40|CC#41|CC#42|CC#43|CC#44|CC#45|CC#46|CC#47|CC#48|CC#49|CC#50|CC#51|CC#52|CC#53|CC#54|CC#55|CC#56|CC#57|CC#58|CC#59|CC#60|CC#61|CC#62|CC#63|CC#64|CC#65|CC#66|CC#67|CC#68|CC#69|CC#70|CC#71|CC#72|CC#73|CC#74|CC#75|CC#76|CC#77|CC#78|CC#79|CC#80|CC#81|CC#82|CC#83|CC#84|CC#85|CC#86|CC#87|CC#88|CC#89|CC#90|CC#91|CC#92|CC#93|CC#94|CC#95	543	543		1	verified_transport	pdf_inventory+firmware_sweep+manual_range	range from Parameter Guide E2: GLB-11 order as printed
global	0	722	Control Change Operation	Control Change #81 Operation	Control Change #81 Transmit	enum	0	1		OFF|ON	544	544		1	verified_transport	pdf_inventory+firmware_sweep+manual_range	range from Parameter Guide E2: GLB-11
global	0	723	Control Change Operation	Control Change #81 Operation	Control Change #81 Receive	enum	0	2		DSBL|ENBL|INTP	544	544		1	verified_transport	pdf_inventory+firmware_sweep+manual_range	range from Parameter Guide E2: GLB-11
global	0	724	Control Change Operation	Control Change #81 Operation	Control Change #81 Return	enum	0	1		OFF|ON	544	544		1	verified_transport	pdf_inventory+firmware_sweep+manual_range	range from Parameter Guide E2: GLB-11
global	0	725	Control Change Operation	Control Change #81 Operation	Control Change #81 Translation	enum	0	97		P.Bend|After Touch|CC#00|CC#01|CC#02|CC#03|CC#04|CC#05|CC#06|CC#07|CC#08|CC#09|CC#10|CC#11|CC#12|CC#13|CC#14|CC#15|CC#16|CC#17|CC#18|CC#19|CC#20|CC#21|CC#22|CC#23|CC#24|CC#25|CC#26|CC#27|CC#28|CC#29|CC#30|CC#31|CC#32|CC#33|CC#34|CC#35|CC#36|CC#37|CC#38|CC#39|CC#40|CC#41|CC#42|CC#43|CC#44|CC#45|CC#46|CC#47|CC#48|CC#49|CC#50|CC#51|CC#52|CC#53|CC#54|CC#55|CC#56|CC#57|CC#58|CC#59|CC#60|CC#61|CC#62|CC#63|CC#64|CC#65|CC#66|CC#67|CC#68|CC#69|CC#70|CC#71|CC#72|CC#73|CC#74|CC#75|CC#76|CC#77|CC#78|CC#79|CC#80|CC#81|CC#82|CC#83|CC#84|CC#85|CC#86|CC#87|CC#88|CC#89|CC#90|CC#91|CC#92|CC#93|CC#94|CC#95	545	545		1	verified_transport	pdf_inventory+firmware_sweep+manual_range	range from Parameter Guide E2: GLB-11 order as printed
global	0	726	Control Change Operation	Control Change #82 Operation	Control Change #82 Transmit	enum	0	1		OFF|ON	546	546		1	verified_transport	pdf_inventory+firmware_sweep+manual_range	range from Parameter Guide E2: GLB-11
global	0	727	Control Change Operation	Control Change #82 Operation	Control Change #82 Receive	enum	0	2		DSBL|ENBL|INTP	546	546		1	verified_transport	pdf_inventory+firmware_sweep+manual_range	range from Parameter Guide E2: GLB-11
global	0	728	Control Change Operation	Control Change #82 Operation	Control Change #82 Return	enum	0	1		OFF|ON	546	546		1	verified_transport	pdf_inventory+firmware_sweep+manual_range	range from Parameter Guide E2: GLB-11
global	0	729	Control Change Operation	Control Change #82 Operation	Control Change #82 Translation	enum	0	97		P.Bend|After Touch|CC#00|CC#01|CC#02|CC#03|CC#04|CC#05|CC#06|CC#07|CC#08|CC#09|CC#10|CC#11|CC#12|CC#13|CC#14|CC#15|CC#16|CC#17|CC#18|CC#19|CC#20|CC#21|CC#22|CC#23|CC#24|CC#25|CC#26|CC#27|CC#28|CC#29|CC#30|CC#31|CC#32|CC#33|CC#34|CC#35|CC#36|CC#37|CC#38|CC#39|CC#40|CC#41|CC#42|CC#43|CC#44|CC#45|CC#46|CC#47|CC#48|CC#49|CC#50|CC#51|CC#52|CC#53|CC#54|CC#55|CC#56|CC#57|CC#58|CC#59|CC#60|CC#61|CC#62|CC#63|CC#64|CC#65|CC#66|CC#67|CC#68|CC#69|CC#70|CC#71|CC#72|CC#73|CC#74|CC#75|CC#76|CC#77|CC#78|CC#79|CC#80|CC#81|CC#82|CC#83|CC#84|CC#85|CC#86|CC#87|CC#88|CC#89|CC#90|CC#91|CC#92|CC#93|CC#94|CC#95	547	547		1	verified_transport	pdf_inventory+firmware_sweep+manual_range	range from Parameter Guide E2: GLB-11 order as printed
global	0	730	Control Change Operation	Control Change #83 Operation	Control Change #83 Transmit	enum	0	1		OFF|ON	548	548		1	verified_transport	pdf_inventory+firmware_sweep+manual_range	range from Parameter Guide E2: GLB-11
global	0	731	Control Change Operation	Control Change #83 Operation	Control Change #83 Receive	enum	0	2		DSBL|ENBL|INTP	548	548		1	verified_transport	pdf_inventory+firmware_sweep+manual_range	range from Parameter Guide E2: GLB-11
global	0	732	Control Change Operation	Control Change #83 Operation	Control Change #83 Return	enum	0	1		OFF|ON	548	548		1	verified_transport	pdf_inventory+firmware_sweep+manual_range	range from Parameter Guide E2: GLB-11
global	0	733	Control Change Operation	Control Change #83 Operation	Control Change #83 Translation	enum	0	97		P.Bend|After Touch|CC#00|CC#01|CC#02|CC#03|CC#04|CC#05|CC#06|CC#07|CC#08|CC#09|CC#10|CC#11|CC#12|CC#13|CC#14|CC#15|CC#16|CC#17|CC#18|CC#19|CC#20|CC#21|CC#22|CC#23|CC#24|CC#25|CC#26|CC#27|CC#28|CC#29|CC#30|CC#31|CC#32|CC#33|CC#34|CC#35|CC#36|CC#37|CC#38|CC#39|CC#40|CC#41|CC#42|CC#43|CC#44|CC#45|CC#46|CC#47|CC#48|CC#49|CC#50|CC#51|CC#52|CC#53|CC#54|CC#55|CC#56|CC#57|CC#58|CC#59|CC#60|CC#61|CC#62|CC#63|CC#64|CC#65|CC#66|CC#67|CC#68|CC#69|CC#70|CC#71|CC#72|CC#73|CC#74|CC#75|CC#76|CC#77|CC#78|CC#79|CC#80|CC#81|CC#82|CC#83|CC#84|CC#85|CC#86|CC#87|CC#88|CC#89|CC#90|CC#91|CC#92|CC#93|CC#94|CC#95	549	549		1	verified_transport	pdf_inventory+firmware_sweep+manual_range	range from Parameter Guide E2: GLB-11 order as printed
global	0	734	Control Change Operation	Control Change #84 Operation	Control Change #84 Transmit	enum	0	1		OFF|ON	550	550		1	verified_transport	pdf_inventory+firmware_sweep+manual_range	range from Parameter Guide E2: GLB-11
global	0	735	Control Change Operation	Control Change #84 Operation	Control Change #84 Receive	enum	0	2		DSBL|ENBL|INTP	550	550		1	verified_transport	pdf_inventory+firmware_sweep+manual_range	range from Parameter Guide E2: GLB-11
global	0	736	Control Change Operation	Control Change #84 Operation	Control Change #84 Return	enum	0	1		OFF|ON	550	550		1	verified_transport	pdf_inventory+firmware_sweep+manual_range	range from Parameter Guide E2: GLB-11
global	0	737	Control Change Operation	Control Change #84 Operation	Control Change #84 Translation	enum	0	97		P.Bend|After Touch|CC#00|CC#01|CC#02|CC#03|CC#04|CC#05|CC#06|CC#07|CC#08|CC#09|CC#10|CC#11|CC#12|CC#13|CC#14|CC#15|CC#16|CC#17|CC#18|CC#19|CC#20|CC#21|CC#22|CC#23|CC#24|CC#25|CC#26|CC#27|CC#28|CC#29|CC#30|CC#31|CC#32|CC#33|CC#34|CC#35|CC#36|CC#37|CC#38|CC#39|CC#40|CC#41|CC#42|CC#43|CC#44|CC#45|CC#46|CC#47|CC#48|CC#49|CC#50|CC#51|CC#52|CC#53|CC#54|CC#55|CC#56|CC#57|CC#58|CC#59|CC#60|CC#61|CC#62|CC#63|CC#64|CC#65|CC#66|CC#67|CC#68|CC#69|CC#70|CC#71|CC#72|CC#73|CC#74|CC#75|CC#76|CC#77|CC#78|CC#79|CC#80|CC#81|CC#82|CC#83|CC#84|CC#85|CC#86|CC#87|CC#88|CC#89|CC#90|CC#91|CC#92|CC#93|CC#94|CC#95	551	551		1	verified_transport	pdf_inventory+firmware_sweep+manual_range	range from Parameter Guide E2: GLB-11 order as printed
global	0	738	Control Change Operation	Control Change #85 Operation	Control Change #85 Transmit	enum	0	1		OFF|ON	552	552		1	verified_transport	pdf_inventory+firmware_sweep+manual_range	range from Parameter Guide E2: GLB-11
global	0	739	Control Change Operation	Control Change #85 Operation	Control Change #85 Receive	enum	0	2		DSBL|ENBL|INTP	552	552		1	verified_transport	pdf_inventory+firmware_sweep+manual_range	range from Parameter Guide E2: GLB-11
global	0	740	Control Change Operation	Control Change #85 Operation	Control Change #85 Return	enum	0	1		OFF|ON	552	552		1	verified_transport	pdf_inventory+firmware_sweep+manual_range	range from Parameter Guide E2: GLB-11
global	0	741	Control Change Operation	Control Change #85 Operation	Control Change #85 Translation	enum	0	97		P.Bend|After Touch|CC#00|CC#01|CC#02|CC#03|CC#04|CC#05|CC#06|CC#07|CC#08|CC#09|CC#10|CC#11|CC#12|CC#13|CC#14|CC#15|CC#16|CC#17|CC#18|CC#19|CC#20|CC#21|CC#22|CC#23|CC#24|CC#25|CC#26|CC#27|CC#28|CC#29|CC#30|CC#31|CC#32|CC#33|CC#34|CC#35|CC#36|CC#37|CC#38|CC#39|CC#40|CC#41|CC#42|CC#43|CC#44|CC#45|CC#46|CC#47|CC#48|CC#49|CC#50|CC#51|CC#52|CC#53|CC#54|CC#55|CC#56|CC#57|CC#58|CC#59|CC#60|CC#61|CC#62|CC#63|CC#64|CC#65|CC#66|CC#67|CC#68|CC#69|CC#70|CC#71|CC#72|CC#73|CC#74|CC#75|CC#76|CC#77|CC#78|CC#79|CC#80|CC#81|CC#82|CC#83|CC#84|CC#85|CC#86|CC#87|CC#88|CC#89|CC#90|CC#91|CC#92|CC#93|CC#94|CC#95	553	553		1	verified_transport	pdf_inventory+firmware_sweep+manual_range	range from Parameter Guide E2: GLB-11 order as printed
global	0	742	Control Change Operation	Control Change #86 Operation	Control Change #86 Transmit	enum	0	1		OFF|ON	554	554		1	verified_transport	pdf_inventory+firmware_sweep+manual_range	range from Parameter Guide E2: GLB-11
global	0	743	Control Change Operation	Control Change #86 Operation	Control Change #86 Receive	enum	0	2		DSBL|ENBL|INTP	554	554		1	verified_transport	pdf_inventory+firmware_sweep+manual_range	range from Parameter Guide E2: GLB-11
global	0	744	Control Change Operation	Control Change #86 Operation	Control Change #86 Return	enum	0	1		OFF|ON	554	554		1	verified_transport	pdf_inventory+firmware_sweep+manual_range	range from Parameter Guide E2: GLB-11
global	0	745	Control Change Operation	Control Change #86 Operation	Control Change #86 Translation	enum	0	97		P.Bend|After Touch|CC#00|CC#01|CC#02|CC#03|CC#04|CC#05|CC#06|CC#07|CC#08|CC#09|CC#10|CC#11|CC#12|CC#13|CC#14|CC#15|CC#16|CC#17|CC#18|CC#19|CC#20|CC#21|CC#22|CC#23|CC#24|CC#25|CC#26|CC#27|CC#28|CC#29|CC#30|CC#31|CC#32|CC#33|CC#34|CC#35|CC#36|CC#37|CC#38|CC#39|CC#40|CC#41|CC#42|CC#43|CC#44|CC#45|CC#46|CC#47|CC#48|CC#49|CC#50|CC#51|CC#52|CC#53|CC#54|CC#55|CC#56|CC#57|CC#58|CC#59|CC#60|CC#61|CC#62|CC#63|CC#64|CC#65|CC#66|CC#67|CC#68|CC#69|CC#70|CC#71|CC#72|CC#73|CC#74|CC#75|CC#76|CC#77|CC#78|CC#79|CC#80|CC#81|CC#82|CC#83|CC#84|CC#85|CC#86|CC#87|CC#88|CC#89|CC#90|CC#91|CC#92|CC#93|CC#94|CC#95	555	555		1	verified_transport	pdf_inventory+firmware_sweep+manual_range	range from Parameter Guide E2: GLB-11 order as printed
global	0	746	Control Change Operation	Control Change #87 Operation	Control Change #87 Transmit	enum	0	1		OFF|ON	556	556		1	verified_transport	pdf_inventory+firmware_sweep+manual_range	range from Parameter Guide E2: GLB-11
global	0	747	Control Change Operation	Control Change #87 Operation	Control Change #87 Receive	enum	0	2		DSBL|ENBL|INTP	556	556		1	verified_transport	pdf_inventory+firmware_sweep+manual_range	range from Parameter Guide E2: GLB-11
global	0	748	Control Change Operation	Control Change #87 Operation	Control Change #87 Return	enum	0	1		OFF|ON	556	556		1	verified_transport	pdf_inventory+firmware_sweep+manual_range	range from Parameter Guide E2: GLB-11
global	0	749	Control Change Operation	Control Change #87 Operation	Control Change #87 Translation	enum	0	97		P.Bend|After Touch|CC#00|CC#01|CC#02|CC#03|CC#04|CC#05|CC#06|CC#07|CC#08|CC#09|CC#10|CC#11|CC#12|CC#13|CC#14|CC#15|CC#16|CC#17|CC#18|CC#19|CC#20|CC#21|CC#22|CC#23|CC#24|CC#25|CC#26|CC#27|CC#28|CC#29|CC#30|CC#31|CC#32|CC#33|CC#34|CC#35|CC#36|CC#37|CC#38|CC#39|CC#40|CC#41|CC#42|CC#43|CC#44|CC#45|CC#46|CC#47|CC#48|CC#49|CC#50|CC#51|CC#52|CC#53|CC#54|CC#55|CC#56|CC#57|CC#58|CC#59|CC#60|CC#61|CC#62|CC#63|CC#64|CC#65|CC#66|CC#67|CC#68|CC#69|CC#70|CC#71|CC#72|CC#73|CC#74|CC#75|CC#76|CC#77|CC#78|CC#79|CC#80|CC#81|CC#82|CC#83|CC#84|CC#85|CC#86|CC#87|CC#88|CC#89|CC#90|CC#91|CC#92|CC#93|CC#94|CC#95	557	557		1	verified_transport	pdf_inventory+firmware_sweep+manual_range	range from Parameter Guide E2: GLB-11 order as printed
global	0	750	Control Change Operation	Control Change #88 Operation	Control Change #88 Transmit	enum	0	1		OFF|ON	558	558		1	verified_transport	pdf_inventory+firmware_sweep+manual_range	range from Parameter Guide E2: GLB-11
global	0	751	Control Change Operation	Control Change #88 Operation	Control Change #88 Receive	enum	0	2		DSBL|ENBL|INTP	558	558		1	verified_transport	pdf_inventory+firmware_sweep+manual_range	range from Parameter Guide E2: GLB-11
global	0	752	Control Change Operation	Control Change #88 Operation	Control Change #88 Return	enum	0	1		OFF|ON	558	558		1	verified_transport	pdf_inventory+firmware_sweep+manual_range	range from Parameter Guide E2: GLB-11
global	0	753	Control Change Operation	Control Change #88 Operation	Control Change #88 Translation	enum	0	97		P.Bend|After Touch|CC#00|CC#01|CC#02|CC#03|CC#04|CC#05|CC#06|CC#07|CC#08|CC#09|CC#10|CC#11|CC#12|CC#13|CC#14|CC#15|CC#16|CC#17|CC#18|CC#19|CC#20|CC#21|CC#22|CC#23|CC#24|CC#25|CC#26|CC#27|CC#28|CC#29|CC#30|CC#31|CC#32|CC#33|CC#34|CC#35|CC#36|CC#37|CC#38|CC#39|CC#40|CC#41|CC#42|CC#43|CC#44|CC#45|CC#46|CC#47|CC#48|CC#49|CC#50|CC#51|CC#52|CC#53|CC#54|CC#55|CC#56|CC#57|CC#58|CC#59|CC#60|CC#61|CC#62|CC#63|CC#64|CC#65|CC#66|CC#67|CC#68|CC#69|CC#70|CC#71|CC#72|CC#73|CC#74|CC#75|CC#76|CC#77|CC#78|CC#79|CC#80|CC#81|CC#82|CC#83|CC#84|CC#85|CC#86|CC#87|CC#88|CC#89|CC#90|CC#91|CC#92|CC#93|CC#94|CC#95	559	559		1	verified_transport	pdf_inventory+firmware_sweep+manual_range	range from Parameter Guide E2: GLB-11 order as printed
global	0	754	Control Change Operation	Control Change #89 Operation	Control Change #89 Transmit	enum	0	1		OFF|ON	560	560		1	verified_transport	pdf_inventory+firmware_sweep+manual_range	range from Parameter Guide E2: GLB-11
global	0	755	Control Change Operation	Control Change #89 Operation	Control Change #89 Receive	enum	0	2		DSBL|ENBL|INTP	560	560		1	verified_transport	pdf_inventory+firmware_sweep+manual_range	range from Parameter Guide E2: GLB-11
global	0	756	Control Change Operation	Control Change #89 Operation	Control Change #89 Return	enum	0	1		OFF|ON	560	560		1	verified_transport	pdf_inventory+firmware_sweep+manual_range	range from Parameter Guide E2: GLB-11
global	0	757	Control Change Operation	Control Change #89 Operation	Control Change #89 Translation	enum	0	97		P.Bend|After Touch|CC#00|CC#01|CC#02|CC#03|CC#04|CC#05|CC#06|CC#07|CC#08|CC#09|CC#10|CC#11|CC#12|CC#13|CC#14|CC#15|CC#16|CC#17|CC#18|CC#19|CC#20|CC#21|CC#22|CC#23|CC#24|CC#25|CC#26|CC#27|CC#28|CC#29|CC#30|CC#31|CC#32|CC#33|CC#34|CC#35|CC#36|CC#37|CC#38|CC#39|CC#40|CC#41|CC#42|CC#43|CC#44|CC#45|CC#46|CC#47|CC#48|CC#49|CC#50|CC#51|CC#52|CC#53|CC#54|CC#55|CC#56|CC#57|CC#58|CC#59|CC#60|CC#61|CC#62|CC#63|CC#64|CC#65|CC#66|CC#67|CC#68|CC#69|CC#70|CC#71|CC#72|CC#73|CC#74|CC#75|CC#76|CC#77|CC#78|CC#79|CC#80|CC#81|CC#82|CC#83|CC#84|CC#85|CC#86|CC#87|CC#88|CC#89|CC#90|CC#91|CC#92|CC#93|CC#94|CC#95	561	561		1	verified_transport	pdf_inventory+firmware_sweep+manual_range	range from Parameter Guide E2: GLB-11 order as printed
global	0	758	Control Change Operation	Control Change #90 Operation	Control Change #90 Transmit	enum	0	1		OFF|ON	562	562		1	verified_transport	pdf_inventory+firmware_sweep+manual_range	range from Parameter Guide E2: GLB-11
global	0	759	Control Change Operation	Control Change #90 Operation	Control Change #90 Receive	enum	0	2		DSBL|ENBL|INTP	562	562		1	verified_transport	pdf_inventory+firmware_sweep+manual_range	range from Parameter Guide E2: GLB-11
global	0	760	Control Change Operation	Control Change #90 Operation	Control Change #90 Return	enum	0	1		OFF|ON	562	562		1	verified_transport	pdf_inventory+firmware_sweep+manual_range	range from Parameter Guide E2: GLB-11
global	0	761	Control Change Operation	Control Change #90 Operation	Control Change #90 Translation	enum	0	97		P.Bend|After Touch|CC#00|CC#01|CC#02|CC#03|CC#04|CC#05|CC#06|CC#07|CC#08|CC#09|CC#10|CC#11|CC#12|CC#13|CC#14|CC#15|CC#16|CC#17|CC#18|CC#19|CC#20|CC#21|CC#22|CC#23|CC#24|CC#25|CC#26|CC#27|CC#28|CC#29|CC#30|CC#31|CC#32|CC#33|CC#34|CC#35|CC#36|CC#37|CC#38|CC#39|CC#40|CC#41|CC#42|CC#43|CC#44|CC#45|CC#46|CC#47|CC#48|CC#49|CC#50|CC#51|CC#52|CC#53|CC#54|CC#55|CC#56|CC#57|CC#58|CC#59|CC#60|CC#61|CC#62|CC#63|CC#64|CC#65|CC#66|CC#67|CC#68|CC#69|CC#70|CC#71|CC#72|CC#73|CC#74|CC#75|CC#76|CC#77|CC#78|CC#79|CC#80|CC#81|CC#82|CC#83|CC#84|CC#85|CC#86|CC#87|CC#88|CC#89|CC#90|CC#91|CC#92|CC#93|CC#94|CC#95	563	563		1	verified_transport	pdf_inventory+firmware_sweep+manual_range	range from Parameter Guide E2: GLB-11 order as printed
global	0	762	Control Change Operation	Control Change #91 Operation	Control Change #91 Transmit	enum	0	1		OFF|ON	564	564		1	verified_transport	pdf_inventory+firmware_sweep+manual_range	range from Parameter Guide E2: GLB-11
global	0	763	Control Change Operation	Control Change #91 Operation	Control Change #91 Receive	enum	0	2		DSBL|ENBL|INTP	564	564		1	verified_transport	pdf_inventory+firmware_sweep+manual_range	range from Parameter Guide E2: GLB-11
global	0	764	Control Change Operation	Control Change #91 Operation	Control Change #91 Return	enum	0	1		OFF|ON	564	564		1	verified_transport	pdf_inventory+firmware_sweep+manual_range	range from Parameter Guide E2: GLB-11
global	0	765	Control Change Operation	Control Change #91 Operation	Control Change #91 Translation	enum	0	97		P.Bend|After Touch|CC#00|CC#01|CC#02|CC#03|CC#04|CC#05|CC#06|CC#07|CC#08|CC#09|CC#10|CC#11|CC#12|CC#13|CC#14|CC#15|CC#16|CC#17|CC#18|CC#19|CC#20|CC#21|CC#22|CC#23|CC#24|CC#25|CC#26|CC#27|CC#28|CC#29|CC#30|CC#31|CC#32|CC#33|CC#34|CC#35|CC#36|CC#37|CC#38|CC#39|CC#40|CC#41|CC#42|CC#43|CC#44|CC#45|CC#46|CC#47|CC#48|CC#49|CC#50|CC#51|CC#52|CC#53|CC#54|CC#55|CC#56|CC#57|CC#58|CC#59|CC#60|CC#61|CC#62|CC#63|CC#64|CC#65|CC#66|CC#67|CC#68|CC#69|CC#70|CC#71|CC#72|CC#73|CC#74|CC#75|CC#76|CC#77|CC#78|CC#79|CC#80|CC#81|CC#82|CC#83|CC#84|CC#85|CC#86|CC#87|CC#88|CC#89|CC#90|CC#91|CC#92|CC#93|CC#94|CC#95	565	565		1	verified_transport	pdf_inventory+firmware_sweep+manual_range	range from Parameter Guide E2: GLB-11 order as printed
global	0	766	Control Change Operation	Control Change #92 Operation	Control Change #92 Transmit	enum	0	1		OFF|ON	566	566		1	verified_transport	pdf_inventory+firmware_sweep+manual_range	range from Parameter Guide E2: GLB-11
global	0	767	Control Change Operation	Control Change #92 Operation	Control Change #92 Receive	enum	0	2		DSBL|ENBL|INTP	566	566		1	verified_transport	pdf_inventory+firmware_sweep+manual_range	range from Parameter Guide E2: GLB-11
global	0	768	Control Change Operation	Control Change #92 Operation	Control Change #92 Return	enum	0	1		OFF|ON	566	566		1	verified_transport	pdf_inventory+firmware_sweep+manual_range	range from Parameter Guide E2: GLB-11
global	0	769	Control Change Operation	Control Change #92 Operation	Control Change #92 Translation	enum	0	97		P.Bend|After Touch|CC#00|CC#01|CC#02|CC#03|CC#04|CC#05|CC#06|CC#07|CC#08|CC#09|CC#10|CC#11|CC#12|CC#13|CC#14|CC#15|CC#16|CC#17|CC#18|CC#19|CC#20|CC#21|CC#22|CC#23|CC#24|CC#25|CC#26|CC#27|CC#28|CC#29|CC#30|CC#31|CC#32|CC#33|CC#34|CC#35|CC#36|CC#37|CC#38|CC#39|CC#40|CC#41|CC#42|CC#43|CC#44|CC#45|CC#46|CC#47|CC#48|CC#49|CC#50|CC#51|CC#52|CC#53|CC#54|CC#55|CC#56|CC#57|CC#58|CC#59|CC#60|CC#61|CC#62|CC#63|CC#64|CC#65|CC#66|CC#67|CC#68|CC#69|CC#70|CC#71|CC#72|CC#73|CC#74|CC#75|CC#76|CC#77|CC#78|CC#79|CC#80|CC#81|CC#82|CC#83|CC#84|CC#85|CC#86|CC#87|CC#88|CC#89|CC#90|CC#91|CC#92|CC#93|CC#94|CC#95	567	567		1	verified_transport	pdf_inventory+firmware_sweep+manual_range	range from Parameter Guide E2: GLB-11 order as printed
global	0	770	Control Change Operation	Control Change #93 Operation	Control Change #93 Transmit	enum	0	1		OFF|ON	568	568		1	verified_transport	pdf_inventory+firmware_sweep+manual_range	range from Parameter Guide E2: GLB-11
global	0	771	Control Change Operation	Control Change #93 Operation	Control Change #93 Receive	enum	0	2		DSBL|ENBL|INTP	568	568		1	verified_transport	pdf_inventory+firmware_sweep+manual_range	range from Parameter Guide E2: GLB-11
global	0	772	Control Change Operation	Control Change #93 Operation	Control Change #93 Return	enum	0	1		OFF|ON	568	568		1	verified_transport	pdf_inventory+firmware_sweep+manual_range	range from Parameter Guide E2: GLB-11
global	0	773	Control Change Operation	Control Change #93 Operation	Control Change #93 Translation	enum	0	97		P.Bend|After Touch|CC#00|CC#01|CC#02|CC#03|CC#04|CC#05|CC#06|CC#07|CC#08|CC#09|CC#10|CC#11|CC#12|CC#13|CC#14|CC#15|CC#16|CC#17|CC#18|CC#19|CC#20|CC#21|CC#22|CC#23|CC#24|CC#25|CC#26|CC#27|CC#28|CC#29|CC#30|CC#31|CC#32|CC#33|CC#34|CC#35|CC#36|CC#37|CC#38|CC#39|CC#40|CC#41|CC#42|CC#43|CC#44|CC#45|CC#46|CC#47|CC#48|CC#49|CC#50|CC#51|CC#52|CC#53|CC#54|CC#55|CC#56|CC#57|CC#58|CC#59|CC#60|CC#61|CC#62|CC#63|CC#64|CC#65|CC#66|CC#67|CC#68|CC#69|CC#70|CC#71|CC#72|CC#73|CC#74|CC#75|CC#76|CC#77|CC#78|CC#79|CC#80|CC#81|CC#82|CC#83|CC#84|CC#85|CC#86|CC#87|CC#88|CC#89|CC#90|CC#91|CC#92|CC#93|CC#94|CC#95	569	569		1	verified_transport	pdf_inventory+firmware_sweep+manual_range	range from Parameter Guide E2: GLB-11 order as printed
global	0	774	Control Change Operation	Control Change #94 Operation	Control Change #94 Transmit	enum	0	1		OFF|ON	570	570		1	verified_transport	pdf_inventory+firmware_sweep+manual_range	range from Parameter Guide E2: GLB-11
global	0	775	Control Change Operation	Control Change #94 Operation	Control Change #94 Receive	enum	0	2		DSBL|ENBL|INTP	570	570		1	verified_transport	pdf_inventory+firmware_sweep+manual_range	range from Parameter Guide E2: GLB-11
global	0	776	Control Change Operation	Control Change #94 Operation	Control Change #94 Return	enum	0	1		OFF|ON	570	570		1	verified_transport	pdf_inventory+firmware_sweep+manual_range	range from Parameter Guide E2: GLB-11
global	0	777	Control Change Operation	Control Change #94 Operation	Control Change #94 Translation	enum	0	97		P.Bend|After Touch|CC#00|CC#01|CC#02|CC#03|CC#04|CC#05|CC#06|CC#07|CC#08|CC#09|CC#10|CC#11|CC#12|CC#13|CC#14|CC#15|CC#16|CC#17|CC#18|CC#19|CC#20|CC#21|CC#22|CC#23|CC#24|CC#25|CC#26|CC#27|CC#28|CC#29|CC#30|CC#31|CC#32|CC#33|CC#34|CC#35|CC#36|CC#37|CC#38|CC#39|CC#40|CC#41|CC#42|CC#43|CC#44|CC#45|CC#46|CC#47|CC#48|CC#49|CC#50|CC#51|CC#52|CC#53|CC#54|CC#55|CC#56|CC#57|CC#58|CC#59|CC#60|CC#61|CC#62|CC#63|CC#64|CC#65|CC#66|CC#67|CC#68|CC#69|CC#70|CC#71|CC#72|CC#73|CC#74|CC#75|CC#76|CC#77|CC#78|CC#79|CC#80|CC#81|CC#82|CC#83|CC#84|CC#85|CC#86|CC#87|CC#88|CC#89|CC#90|CC#91|CC#92|CC#93|CC#94|CC#95	571	571		1	verified_transport	pdf_inventory+firmware_sweep+manual_range	range from Parameter Guide E2: GLB-11 order as printed
global	0	778	Control Change Operation	Control Change #95 Operation	Control Change #95 Transmit	enum	0	0		Control Change #95 Operation	572	572		1	verified_transport	pdf_inventory+firmware_sweep
global	0	779	Control Change Operation	Control Change #95 Operation	Control Change #95 Receive	enum	0	0		Control Change #95 Operation	572	572		1	verified_transport	pdf_inventory+firmware_sweep
global	0	780	Control Change Operation	Control Change #95 Operation	Control Change #95 Return	enum	0	0		Control Change #95 Operation	572	572		1	verified_transport	pdf_inventory+firmware_sweep
global	0	781	Control Change Operation	Control Change #95 Operation	Control Change #95 Translation	enum	0	0		Control Change #95 Operation	573	573		1	verified_transport	pdf_inventory+firmware_sweep
